﻿PMID,Title,Authors,Citation,First Author,Journal/Book,Publication Year,Create Date,PMCID,NIHMS ID,DOI
"35144237","Mediterranean diet adherence, gut microbiota, and Alzheimer's or Parkinson's disease risk: A systematic review","Solch RJ, Aigbogun JO, Voyiadjis AG, Talkington GM, Darensbourg RM, O'Connell S, Pickett KM, Perez SR, Maraganore DM.","J Neurol Sci. 2022 Mar 15;434:120166. doi: 10.1016/j.jns.2022.120166. Epub 2022 Jan 26.","Solch RJ","J Neurol Sci","2022","2022/02/10","","","10.1016/j.jns.2022.120166"
"36280322","Human gut microbiota and Parkinson's disease","Pant A, Bisht KS, Aggarwal S, Maiti TK.","Prog Mol Biol Transl Sci. 2022;192(1):281-307. doi: 10.1016/bs.pmbts.2022.08.004. Epub 2022 Oct 3.","Pant A","Prog Mol Biol Transl Sci","2022","2022/10/24","","","10.1016/bs.pmbts.2022.08.004"
"36087572","Probiotics for constipation and gut microbiota in Parkinson's disease","Du Y, Li Y, Xu X, Li R, Zhang M, Cui Y, Zhang L, Wei Z, Wang S, Tuo H.","Parkinsonism Relat Disord. 2022 Oct;103:92-97. doi: 10.1016/j.parkreldis.2022.08.022. Epub 2022 Sep 5.","Du Y","Parkinsonism Relat Disord","2022","2022/09/10","","","10.1016/j.parkreldis.2022.08.022"
"35464431","Gut Microbiota Interact With the Brain Through Systemic Chronic Inflammation: Implications on Neuroinflammation, Neurodegeneration, and Aging","Mou Y, Du Y, Zhou L, Yue J, Hu X, Liu Y, Chen S, Lin X, Zhang G, Xiao H, Dong B.","Front Immunol. 2022 Apr 7;13:796288. doi: 10.3389/fimmu.2022.796288. eCollection 2022.","Mou Y","Front Immunol","2022","2022/04/25","PMC9021448","","10.3389/fimmu.2022.796288"
"36293176","The Interplay between Gut Microbiota and Parkinson's Disease: Implications on Diagnosis and Treatment","Varesi A, Campagnoli LIM, Fahmideh F, Pierella E, Romeo M, Ricevuti G, Nicoletta M, Chirumbolo S, Pascale A.","Int J Mol Sci. 2022 Oct 14;23(20):12289. doi: 10.3390/ijms232012289.","Varesi A","Int J Mol Sci","2022","2022/10/27","PMC9603886","","10.3390/ijms232012289"
"34942539","The gut microbiota-brain axis, psychobiotics and its influence on brain and behaviour: A systematic review","Barrio C, Arias-Sánchez S, Martín-Monzón I.","Psychoneuroendocrinology. 2022 Mar;137:105640. doi: 10.1016/j.psyneuen.2021.105640. Epub 2021 Dec 17.","Barrio C","Psychoneuroendocrinology","2022","2021/12/23","","","10.1016/j.psyneuen.2021.105640"
"35246670","Inflammation and immune dysfunction in Parkinson disease","Tansey MG, Wallings RL, Houser MC, Herrick MK, Keating CE, Joers V.","Nat Rev Immunol. 2022 Nov;22(11):657-673. doi: 10.1038/s41577-022-00684-6. Epub 2022 Mar 4.","Tansey MG","Nat Rev Immunol","2022","2022/03/05","PMC8895080","","10.1038/s41577-022-00684-6"
"36332796","Gut microbiome and Parkinson's disease: Perspective on pathogenesis and treatment","Salim S, Ahmad F, Banu A, Mohammad F.","J Adv Res. 2023 Aug;50:83-105. doi: 10.1016/j.jare.2022.10.013. Epub 2022 Nov 1.","Salim S","J Adv Res","2023","2022/11/04","PMC10403695","","10.1016/j.jare.2022.10.013"
"34996879","Association of Fecal and Plasma Levels of Short-Chain Fatty Acids With Gut Microbiota and Clinical Severity in Patients With Parkinson Disease","Chen SJ, Chen CC, Liao HY, Lin YT, Wu YW, Liou JM, Wu MS, Kuo CH, Lin CH.","Neurology. 2022 Feb 22;98(8):e848-e858. doi: 10.1212/WNL.0000000000013225. Epub 2022 Jan 7.","Chen SJ","Neurology","2022","2022/01/08","PMC8883514","","10.1212/WNL.0000000000013225"
"33881598","Gastrointestinal dysfunction in Parkinson's disease: molecular pathology and implications of gut microbiome, probiotics, and fecal microbiota transplantation","Metta V, Leta V, Mrudula KR, Prashanth LK, Goyal V, Borgohain R, Chung-Faye G, Chaudhuri KR.","J Neurol. 2022 Mar;269(3):1154-1163. doi: 10.1007/s00415-021-10567-w. Epub 2021 Apr 21.","Metta V","J Neurol","2022","2021/04/21","","","10.1007/s00415-021-10567-w"
"35245613","Brain-gut-microbiota axis in Parkinson's disease: A historical review and future perspective","Dong S, Sun M, He C, Cheng H.","Brain Res Bull. 2022 Jun 1;183:84-93. doi: 10.1016/j.brainresbull.2022.02.015. Epub 2022 Mar 1.","Dong S","Brain Res Bull","2022","2022/03/04","","","10.1016/j.brainresbull.2022.02.015"
"35812394","Gut Microbiota: A Novel Therapeutic Target for Parkinson's Disease","Zhu M, Liu X, Ye Y, Yan X, Cheng Y, Zhao L, Chen F, Ling Z.","Front Immunol. 2022 Jun 24;13:937555. doi: 10.3389/fimmu.2022.937555. eCollection 2022.","Zhu M","Front Immunol","2022","2022/07/11","PMC9263276","","10.3389/fimmu.2022.937555"
"36408101","Interactions between gut microbiota and Parkinson's disease: The role of microbiota-derived amino acid metabolism","Wang W, Jiang S, Xu C, Tang L, Liang Y, Zhao Y, Zhu G.","Front Aging Neurosci. 2022 Nov 2;14:976316. doi: 10.3389/fnagi.2022.976316. eCollection 2022.","Wang W","Front Aging Neurosci","2022","2022/11/21","PMC9667037","","10.3389/fnagi.2022.976316"
"35069178","The Gut-Brain Axis and Its Relation to Parkinson's Disease: A Review","Klann EM, Dissanayake U, Gurrala A, Farrer M, Shukla AW, Ramirez-Zamora A, Mai V, Vedam-Mai V.","Front Aging Neurosci. 2022 Jan 7;13:782082. doi: 10.3389/fnagi.2021.782082. eCollection 2021.","Klann EM","Front Aging Neurosci","2022","2022/01/24","PMC8776990","","10.3389/fnagi.2021.782082"
"35572407","Interplay of gut microbiota and oxidative stress: Perspective on neurodegeneration and neuroprotection","Shandilya S, Kumar S, Kumar Jha N, Kumar Kesari K, Ruokolainen J.","J Adv Res. 2021 Sep 17;38:223-244. doi: 10.1016/j.jare.2021.09.005. eCollection 2022 May.","Shandilya S","J Adv Res","2021","2022/05/16","PMC9091761","","10.1016/j.jare.2021.09.005"
"36421902","Approaching the Gut and Nasal Microbiota in Parkinson's Disease in the Era of the Seed Amplification Assays","Consonni A, Miglietti M, De Luca CMG, Cazzaniga FA, Ciullini A, Dellarole IL, Bufano G, Di Fonzo A, Giaccone G, Baggi F, Moda F.","Brain Sci. 2022 Nov 19;12(11):1579. doi: 10.3390/brainsci12111579.","Consonni A","Brain Sci","2022","2022/11/24","PMC9688507","","10.3390/brainsci12111579"
"35304983","Modifying the diet and gut microbiota to prevent and manage neurodegenerative diseases","Gates EJ, Bernath AK, Klegeris A.","Rev Neurosci. 2022 Mar 21;33(7):767-787. doi: 10.1515/revneuro-2021-0146. Print 2022 Oct 26.","Gates EJ","Rev Neurosci","2022","2022/03/19","PMC9514114","","10.1515/revneuro-2021-0146"
"36034698","Curcumin-driven reprogramming of the gut microbiota and metabolome ameliorates motor deficits and neuroinflammation in a mouse model of Parkinson's disease","Cui C, Han Y, Li H, Yu H, Zhang B, Li G.","Front Cell Infect Microbiol. 2022 Aug 10;12:887407. doi: 10.3389/fcimb.2022.887407. eCollection 2022.","Cui C","Front Cell Infect Microbiol","2022","2022/08/29","PMC9400544","","10.3389/fcimb.2022.887407"
"36613486","Mediterranean Diet and Parkinson's Disease","Bisaglia M.","Int J Mol Sci. 2022 Dec 20;24(1):42. doi: 10.3390/ijms24010042.","Bisaglia M","Int J Mol Sci","2022","2023/01/08","PMC9820428","","10.3390/ijms24010042"
"35067061","Lactobacillus plantarum DP189 Reduces α-SYN Aggravation in MPTP-Induced Parkinson's Disease Mice via Regulating Oxidative Damage, Inflammation, and Gut Microbiota Disorder","Wang L, Zhao Z, Zhao L, Zhao Y, Yang G, Wang C, Gao L, Niu C, Li S.","J Agric Food Chem. 2022 Feb 2;70(4):1163-1173. doi: 10.1021/acs.jafc.1c07711. Epub 2022 Jan 24.","Wang L","J Agric Food Chem","2022","2022/01/24","","","10.1021/acs.jafc.1c07711"
"34985325","A Comprehensive Review on the Role of the Gut Microbiome in Human Neurological Disorders","Sorboni SG, Moghaddam HS, Jafarzadeh-Esfehani R, Soleimanpour S.","Clin Microbiol Rev. 2022 Jan 19;35(1):e0033820. doi: 10.1128/CMR.00338-20. Epub 2022 Jan 5.","Sorboni SG","Clin Microbiol Rev","2022","2022/01/05","PMC8729913","","10.1128/CMR.00338-20"
"34695538","Oral, Nasal, and Gut Microbiota in Parkinson's Disease","Li Z, Lu G, Luo E, Wu B, Li Z, Guo J, Xia Z, Zheng C, Su Q, Zeng Y, Chan WY, Su X, Qiu X, Zheng X, Cai Q, Xu Y, Chen Y, Fan Y, Chen W, Yu Z, Chen X, Zheng C, Wang M, Poon WS, Luo X.","Neuroscience. 2022 Jan 1;480:65-78. doi: 10.1016/j.neuroscience.2021.10.011. Epub 2021 Oct 22.","Li Z","Neuroscience","2022","2021/10/25","","","10.1016/j.neuroscience.2021.10.011"
"34492236","Probiotics: Potential novel therapeutics for microbiota-gut-brain axis dysfunction across gender and lifespan","Snigdha S, Ha K, Tsai P, Dinan TG, Bartos JD, Shahid M.","Pharmacol Ther. 2022 Mar;231:107978. doi: 10.1016/j.pharmthera.2021.107978. Epub 2021 Sep 4.","Snigdha S","Pharmacol Ther","2022","2021/09/07","","","10.1016/j.pharmthera.2021.107978"
"35203645","Role of Microbiota-Gut-Brain Axis in Regulating Dopaminergic Signaling","Hamamah S, Aghazarian A, Nazaryan A, Hajnal A, Covasa M.","Biomedicines. 2022 Feb 13;10(2):436. doi: 10.3390/biomedicines10020436.","Hamamah S","Biomedicines","2022","2022/02/25","PMC8962300","","10.3390/biomedicines10020436"
"36284437","Gut bacterial profiles in Parkinson's disease: A systematic review","Li Z, Liang H, Hu Y, Lu L, Zheng C, Fan Y, Wu B, Zou T, Luo X, Zhang X, Zeng Y, Liu Z, Zhou Z, Yue Z, Ren Y, Li Z, Su Q, Xu P.","CNS Neurosci Ther. 2023 Jan;29(1):140-157. doi: 10.1111/cns.13990. Epub 2022 Oct 25.","Li Z","CNS Neurosci Ther","2023","2022/10/26","PMC9804059","","10.1111/cns.13990"
"35923300","The Role of Gut Microbiota in the Progression of Parkinson's Disease and the Mechanism of Intervention by Traditional Chinese Medicine","Huan P, Wang L, He Z, He J.","Neuropsychiatr Dis Treat. 2022 Jul 26;18:1507-1520. doi: 10.2147/NDT.S367016. eCollection 2022.","Huan P","Neuropsychiatr Dis Treat","2022","2022/08/04","PMC9341349","","10.2147/NDT.S367016"
"36075637","Enteric nervous system and intestinal epithelial regulation of the gut-brain axis","Dowling LR, Strazzari MR, Keely S, Kaiko GE.","J Allergy Clin Immunol. 2022 Sep;150(3):513-522. doi: 10.1016/j.jaci.2022.07.015.","Dowling LR","J Allergy Clin Immunol","2022","2022/09/08","","","10.1016/j.jaci.2022.07.015"
"33649989","The Gut-Brain Axis: Two Ways Signaling in Parkinson's Disease","Dogra N, Mani RJ, Katare DP.","Cell Mol Neurobiol. 2022 Mar;42(2):315-332. doi: 10.1007/s10571-021-01066-7. Epub 2021 Mar 2.","Dogra N","Cell Mol Neurobiol","2022","2021/03/02","","","10.1007/s10571-021-01066-7"
"35275534","Investigating Casual Associations Among Gut Microbiota, Metabolites, and Neurodegenerative Diseases: A Mendelian Randomization Study","Ning J, Huang SY, Chen SD, Zhang YR, Huang YY, Yu JT.","J Alzheimers Dis. 2022;87(1):211-222. doi: 10.3233/JAD-215411.","Ning J","J Alzheimers Dis","2022","2022/03/11","","","10.3233/JAD-215411"
"36430144","What Are the Key Gut Microbiota Involved in Neurological Diseases? A Systematic Review","Bonnechère B, Amin N, van Duijn C.","Int J Mol Sci. 2022 Nov 8;23(22):13665. doi: 10.3390/ijms232213665.","Bonnechère B","Int J Mol Sci","2022","2022/11/26","PMC9696257","","10.3390/ijms232213665"
"36126853","Role of gut microbiota-derived branched-chain amino acids in the pathogenesis of Parkinson's disease: An animal study","Yan Z, Yang F, Sun L, Yu J, Sun L, Si Y, Yao L.","Brain Behav Immun. 2022 Nov;106:307-321. doi: 10.1016/j.bbi.2022.09.009. Epub 2022 Sep 17.","Yan Z","Brain Behav Immun","2022","2022/09/20","","","10.1016/j.bbi.2022.09.009"
"34536490","Gut dysbiosis, defective autophagy and altered immune responses in neurodegenerative diseases: Tales of a vicious cycle","Chidambaram SB, Essa MM, Rathipriya AG, Bishir M, Ray B, Mahalakshmi AM, Tousif AH, Sakharkar MK, Kashyap RS, Friedland RP, Monaghan TM.","Pharmacol Ther. 2022 Mar;231:107988. doi: 10.1016/j.pharmthera.2021.107988. Epub 2021 Sep 16.","Chidambaram SB","Pharmacol Ther","2022","2021/09/18","","","10.1016/j.pharmthera.2021.107988"
"35456966","Biomarker of Neuroinflammation in Parkinson's Disease","Liu TW, Chen CM, Chang KH.","Int J Mol Sci. 2022 Apr 8;23(8):4148. doi: 10.3390/ijms23084148.","Liu TW","Int J Mol Sci","2022","2022/04/23","PMC9028544","","10.3390/ijms23084148"
"34669122","An Alternative Explanation for Alzheimer's Disease and Parkinson's Disease Initiation from Specific Antibiotics, Gut Microbiota Dysbiosis and Neurotoxins","Roe K.","Neurochem Res. 2022 Mar;47(3):517-530. doi: 10.1007/s11064-021-03467-y. Epub 2021 Oct 20.","Roe K","Neurochem Res","2022","2021/10/20","","","10.1007/s11064-021-03467-y"
"36334596","The intestinal barrier in disorders of the central nervous system","Pellegrini C, Fornai M, D'Antongiovanni V, Antonioli L, Bernardini N, Derkinderen P.","Lancet Gastroenterol Hepatol. 2023 Jan;8(1):66-80. doi: 10.1016/S2468-1253(22)00241-2. Epub 2022 Nov 2.","Pellegrini C","Lancet Gastroenterol Hepatol","2023","2022/11/05","","","10.1016/S2468-1253(22)00241-2"
"35849305","Psychobiotics: the Influence of Gut Microbiota on the Gut-Brain Axis in Neurological Disorders","Oroojzadeh P, Bostanabad SY, Lotfi H.","J Mol Neurosci. 2022 Sep;72(9):1952-1964. doi: 10.1007/s12031-022-02053-3. Epub 2022 Jul 18.","Oroojzadeh P","J Mol Neurosci","2022","2022/07/18","PMC9289355","","10.1007/s12031-022-02053-3"
"35931717","Specific gut microbiota alterations in essential tremor and its difference from Parkinson's disease","Zhang P, Huang P, Du J, He Y, Liu J, He G, Cui S, Zhang W, Li G, Chen S.","NPJ Parkinsons Dis. 2022 Aug 5;8(1):98. doi: 10.1038/s41531-022-00359-y.","Zhang P","NPJ Parkinsons Dis","2022","2022/08/05","PMC9355955","","10.1038/s41531-022-00359-y"
"35422756","Gut-Derived Sterile Inflammation and Parkinson's Disease","Shannon KM.","Front Neurol. 2022 Mar 29;13:831090. doi: 10.3389/fneur.2022.831090. eCollection 2022.","Shannon KM","Front Neurol","2022","2022/04/15","PMC9001909","","10.3389/fneur.2022.831090"
"35411052","Multiomics implicate gut microbiota in altered lipid and energy metabolism in Parkinson's disease","Pereira PAB, Trivedi DK, Silverman J, Duru IC, Paulin L, Auvinen P, Scheperjans F.","NPJ Parkinsons Dis. 2022 Apr 11;8(1):39. doi: 10.1038/s41531-022-00300-3.","Pereira PAB","NPJ Parkinsons Dis","2022","2022/04/12","PMC9001728","","10.1038/s41531-022-00300-3"
"36359864","Rifaximin Modifies Gut Microbiota and Attenuates Inflammation in Parkinson's Disease: Preclinical and Clinical Studies","Hong CT, Chan L, Chen KY, Lee HH, Huang LK, Yang YSH, Liu YR, Hu CJ.","Cells. 2022 Nov 2;11(21):3468. doi: 10.3390/cells11213468.","Hong CT","Cells","2022","2022/11/11","PMC9656351","","10.3390/cells11213468"
"35708472","Neuroinflammation: A Distal Consequence of Periodontitis","Li X, Kiprowska M, Kansara T, Kansara P, Li P.","J Dent Res. 2022 Nov;101(12):1441-1449. doi: 10.1177/00220345221102084. Epub 2022 Jun 16.","Li X","J Dent Res","2022","2022/06/16","PMC9608094","","10.1177/00220345221102084"
"36467550","Curcumin Regulates Gut Microbiota and Exerts a Neuroprotective Effect in the MPTP Model of Parkinson's Disease","Zhu H, Zhang H, Hou B, Xu B, Ji L, Wu Y.","Evid Based Complement Alternat Med. 2022 Nov 24;2022:9110560. doi: 10.1155/2022/9110560. eCollection 2022.","Zhu H","Evid Based Complement Alternat Med","2022","2022/12/05","PMC9715342","","10.1155/2022/9110560"
"36362150","Mucosal Immunity and the Gut-Microbiota-Brain-Axis in Neuroimmune Disease","Sterling KG, Dodd GK, Alhamdi S, Asimenios PG, Dagda RK, De Meirleir KL, Hudig D, Lombardi VC.","Int J Mol Sci. 2022 Nov 1;23(21):13328. doi: 10.3390/ijms232113328.","Sterling KG","Int J Mol Sci","2022","2022/11/11","PMC9655506","","10.3390/ijms232113328"
"35730414","The role of nutrition on Parkinson's disease: a systematic review","Bianchi VE, Rizzi L, Somaa F.","Nutr Neurosci. 2023 Jul;26(7):605-628. doi: 10.1080/1028415X.2022.2073107. Epub 2022 Jun 22.","Bianchi VE","Nutr Neurosci","2023","2022/06/22","","","10.1080/1028415X.2022.2073107"
"36558531","The Interaction of Polyphenols and the Gut Microbiota in Neurodegenerative Diseases","Zhang Y, Yu W, Zhang L, Wang M, Chang W.","Nutrients. 2022 Dec 17;14(24):5373. doi: 10.3390/nu14245373.","Zhang Y","Nutrients","2022","2022/12/23","PMC9785743","","10.3390/nu14245373"
"36479494","Dietary supplements in neurological diseases and brain aging","Naureen Z, Dhuli K, Medori MC, Caruso P, Manganotti P, Chiurazzi P, Bertelli M.","J Prev Med Hyg. 2022 Oct 17;63(2 Suppl 3):E174-E188. doi: 10.15167/2421-4248/jpmh2022.63.2S3.2759. eCollection 2022 Jun.","Naureen Z","J Prev Med Hyg","2022","2022/12/08","PMC9710403","","10.15167/2421-4248/jpmh2022.63.2S3.2759"
"36200207","Microbiota- Brain-Gut-Axis Relevance to Parkinson's Disease: Potential Therapeutic Effects of Probiotics","Raj K, Singh S, Chib S, Mallan S.","Curr Pharm Des. 2022;28(37):3049-3067. doi: 10.2174/1381612828666221003112300.","Raj K","Curr Pharm Des","2022","2022/10/06","","","10.2174/1381612828666221003112300"
"34954497","Altered gut microbiota in Parkinson's disease patients with motor complications","Takahashi K, Nishiwaki H, Ito M, Iwaoka K, Takahashi K, Suzuki Y, Taguchi K, Yamahara K, Tsuboi Y, Kashihara K, Hirayama M, Ohno K, Maeda T.","Parkinsonism Relat Disord. 2022 Feb;95:11-17. doi: 10.1016/j.parkreldis.2021.12.012. Epub 2021 Dec 21.","Takahashi K","Parkinsonism Relat Disord","2022","2021/12/26","","","10.1016/j.parkreldis.2021.12.012"
"35599496","Effects of Gut Microbiota Alterations on Motor, Gastrointestinal, and Behavioral Phenotype in a Mouse Model of Parkinson's Disease","Radisavljevic N, Cirstea M, Bauer K, Lo C, Metcalfe-Roach A, Bozorgmehr T, Bar-Yoseph H, Brett Finlay B.","J Parkinsons Dis. 2022;12(5):1479-1495. doi: 10.3233/JPD-223165.","Radisavljevic N","J Parkinsons Dis","2022","2022/05/23","","","10.3233/JPD-223165"
"36569929","Parasite infections, neuroinflammation, and potential contributions of gut microbiota","Alloo J, Leleu I, Grangette C, Pied S.","Front Immunol. 2022 Dec 8;13:1024998. doi: 10.3389/fimmu.2022.1024998. eCollection 2022.","Alloo J","Front Immunol","2022","2022/12/26","PMC9772015","","10.3389/fimmu.2022.1024998"
"35327401","Drosophila Model for Studying Gut Microbiota in Behaviors and Neurodegenerative Diseases","Chiang MH, Ho SM, Wu HY, Lin YC, Tsai WH, Wu T, Lai CH, Wu CL.","Biomedicines. 2022 Mar 3;10(3):596. doi: 10.3390/biomedicines10030596.","Chiang MH","Biomedicines","2022","2022/03/25","PMC8945323","","10.3390/biomedicines10030596"
"35852145","Gut Microbiota in Monozygotic Twins Discordant for Parkinson's Disease","Bolliri C, Fontana A, Cereda E, Barichella M, Cilia R, Ferri V, Caronni S, Calandrella D, Morelli L, Pezzoli G.","Ann Neurol. 2022 Oct;92(4):631-636. doi: 10.1002/ana.26454. Epub 2022 Aug 4.","Bolliri C","Ann Neurol","2022","2022/07/19","","","10.1002/ana.26454"
"35822696","New hope for Parkinson's disease treatment: Targeting gut microbiota","Fan HX, Sheng S, Zhang F.","CNS Neurosci Ther. 2022 Nov;28(11):1675-1688. doi: 10.1111/cns.13916. Epub 2022 Jul 13.","Fan HX","CNS Neurosci Ther","2022","2022/07/13","PMC9532916","","10.1111/cns.13916"
"31340904","Role of the gut microbiota in the development of various neurological diseases","Castillo-Álvarez F, Marzo-Sola ME.","Neurologia (Engl Ed). 2022 Jul-Aug;37(6):492-498. doi: 10.1016/j.nrl.2019.03.017. Epub 2019 Jul 21.","Castillo-Álvarez F","Neurologia (Engl Ed)","2022","2019/07/26","","","10.1016/j.nrl.2019.03.017"
"35779869","Role of the gut microbiota in the development of various neurological diseases","Castillo-Álvarez F, Marzo-Sola ME.","Neurologia (Engl Ed). 2022 Jul-Aug;37(6):492-498. doi: 10.1016/j.nrleng.2019.03.026. Epub 2021 May 25.","Castillo-Álvarez F","Neurologia (Engl Ed)","2022","2022/07/02","","","10.1016/j.nrleng.2019.03.026"
"36018501","Diet, Gut Microbiome, and Cognitive Decline","Ettinger S.","Curr Nutr Rep. 2022 Dec;11(4):643-652. doi: 10.1007/s13668-022-00435-y. Epub 2022 Aug 26.","Ettinger S","Curr Nutr Rep","2022","2022/08/26","","","10.1007/s13668-022-00435-y"
"35367961","Relationship Between the Gut Microbiota and Alzheimer's Disease: A Systematic Review","González Cordero EM, Cuevas-Budhart MA, Pérez Morán D, Trejo Villeda MA, Gomez-Del-Pulgar Gª-Madrid M.","J Alzheimers Dis. 2022;87(2):519-528. doi: 10.3233/JAD-215224.","González Cordero EM","J Alzheimers Dis","2022","2022/04/03","","","10.3233/JAD-215224"
"35890040","Gut Microbes and Neuropathology: Is There a Causal Nexus?","Dinan K, Dinan TG.","Pathogens. 2022 Jul 14;11(7):796. doi: 10.3390/pathogens11070796.","Dinan K","Pathogens","2022","2022/07/27","PMC9319901","","10.3390/pathogens11070796"
"35965446","The gut microbiome and cognition in Parkinson's disease: a systematic review","Grant H, Anderton R, Gasson N, Lawrence BJ.","Nutr Neurosci. 2023 Oct;26(10):932-941. doi: 10.1080/1028415X.2022.2110189. Epub 2022 Aug 13.","Grant H","Nutr Neurosci","2023","2022/08/15","","","10.1080/1028415X.2022.2110189"
"35103734","Neuroprotection of chicoric acid in a mouse model of Parkinson's disease involves gut microbiota and TLR4 signaling pathway","Wang N, Feng BN, Hu B, Cheng YL, Guo YH, Qian H.","Food Funct. 2022 Feb 21;13(4):2019-2032. doi: 10.1039/d1fo02216d.","Wang N","Food Funct","2022","2022/02/01","","","10.1039/d1fo02216d"
"35798742","Oral and gut dysbiosis leads to functional alterations in Parkinson's disease","Jo S, Kang W, Hwang YS, Lee SH, Park KW, Kim MS, Lee H, Yoon HJ, Park YK, Chalita M, Lee JH, Sung H, Lee JY, Bae JW, Chung SJ.","NPJ Parkinsons Dis. 2022 Jul 7;8(1):87. doi: 10.1038/s41531-022-00351-6.","Jo S","NPJ Parkinsons Dis","2022","2022/07/07","PMC9262988","","10.1038/s41531-022-00351-6"
"35795315","A 10-Year Bibliometric Analysis of Global Research on Gut Microbiota and Parkinson's Disease: Characteristics, Impact, and Trends","Cabanillas-Lazo M, Quispe-Vicuña C, Barja-Ore J, Fernandez-Giusti A, Munive-Degregori A, Retamozo-Siancas Y, Guerrero ME, Mayta-Tovalino F.","Biomed Res Int. 2022 Jun 27;2022:4144781. doi: 10.1155/2022/4144781. eCollection 2022.","Cabanillas-Lazo M","Biomed Res Int","2022","2022/07/07","PMC9252757","","10.1155/2022/4144781"
"34839011","Effects of Resistant Starch on Symptoms, Fecal Markers, and Gut Microbiota in Parkinson's Disease - The RESISTA-PD Trial","Becker A, Schmartz GP, Gröger L, Grammes N, Galata V, Philippeit H, Weiland J, Ludwig N, Meese E, Tierling S, Walter J, Schwiertz A, Spiegel J, Wagenpfeil G, Faßbender K, Keller A, Unger MM.","Genomics Proteomics Bioinformatics. 2022 Apr;20(2):274-287. doi: 10.1016/j.gpb.2021.08.009. Epub 2021 Nov 25.","Becker A","Genomics Proteomics Bioinformatics","2022","2021/11/28","PMC9684155","","10.1016/j.gpb.2021.08.009"
"35449203","Plasma branched-chain and aromatic amino acids correlate with the gut microbiota and severity of Parkinson's disease","Zhang Y, He X, Qian Y, Xu S, Mo C, Yan Z, Yang X, Xiao Q.","NPJ Parkinsons Dis. 2022 Apr 21;8(1):48. doi: 10.1038/s41531-022-00312-z.","Zhang Y","NPJ Parkinsons Dis","2022","2022/04/22","PMC9023571","","10.1038/s41531-022-00312-z"
"36243356","Emerging insights between gut microbiome dysbiosis and Parkinson's disease: Pathogenic and clinical relevance","Bi M, Feng L, He J, Liu C, Wang Y, Jiang H, Liu SJ.","Ageing Res Rev. 2022 Dec;82:101759. doi: 10.1016/j.arr.2022.101759. Epub 2022 Oct 13.","Bi M","Ageing Res Rev","2022","2022/10/15","","","10.1016/j.arr.2022.101759"
"36257595","Gut microbiota manipulation as an epilepsy treatment","Iannone LF, Gómez-Eguílaz M, De Caro C.","Neurobiol Dis. 2022 Nov;174:105897. doi: 10.1016/j.nbd.2022.105897. Epub 2022 Oct 17.","Iannone LF","Neurobiol Dis","2022","2022/10/18","","","10.1016/j.nbd.2022.105897"
"35807841","Overlapping Mechanisms of Action of Brain-Active Bacteria and Bacterial Metabolites in the Pathogenesis of Common Brain Diseases","Eicher TP, Mohajeri MH.","Nutrients. 2022 Jun 27;14(13):2661. doi: 10.3390/nu14132661.","Eicher TP","Nutrients","2022","2022/07/09","PMC9267981","","10.3390/nu14132661"
"35645785","Nutritional Intake and Gut Microbiome Composition Predict Parkinson's Disease","Lubomski M, Xu X, Holmes AJ, Muller S, Yang JYH, Davis RL, Sue CM.","Front Aging Neurosci. 2022 May 11;14:881872. doi: 10.3389/fnagi.2022.881872. eCollection 2022.","Lubomski M","Front Aging Neurosci","2022","2022/06/01","PMC9131011","","10.3389/fnagi.2022.881872"
"35225349","Rethinking Parkinson Disease: Exploring Gut-Brain Interactions and the Potential Role of Exercise","Zapanta K, Schroeder ET, Fisher BE.","Phys Ther. 2022 May 5;102(5):pzac022. doi: 10.1093/ptj/pzac022.","Zapanta K","Phys Ther","2022","2022/02/28","","","10.1093/ptj/pzac022"
"36034146","The relationship between Parkinson's disease and gastrointestinal diseases","Zeng J, Wang X, Pan F, Mao Z.","Front Aging Neurosci. 2022 Aug 10;14:955919. doi: 10.3389/fnagi.2022.955919. eCollection 2022.","Zeng J","Front Aging Neurosci","2022","2022/08/29","PMC9399652","","10.3389/fnagi.2022.955919"
"37693045","Neuroprotective effects of an engineered Escherichia coli Nissle 1917 on Parkinson's disease in mice by delivering GLP-1 and modulating gut microbiota","Wu H, Wei J, Zhao X, Liu Y, Chen Z, Wei K, Lu J, Chen W, Jiang M, Li S, Chen T.","Bioeng Transl Med. 2022 Jun 18;8(5):e10351. doi: 10.1002/btm2.10351. eCollection 2023 Sep.","Wu H","Bioeng Transl Med","2022","2023/09/11","PMC10487327","","10.1002/btm2.10351"
"36182642","Gut-oriented disease modifying therapy for Parkinson's disease","Lin CH, Lai HC, Wu MS.","J Formos Med Assoc. 2023 Jan;122(1):9-18. doi: 10.1016/j.jfma.2022.09.010. Epub 2022 Sep 29.","Lin CH","J Formos Med Assoc","2023","2022/10/01","","","10.1016/j.jfma.2022.09.010"
"35463646","A Pilot Study Exploring the Association of Entacapone, Gut Microbiota, and the Subsequent Side Effects in Patients With Parkinson's Disease","Fu SC, Lee CH, Hsieh YC, Wu PH, Lin SH, Wang H.","Front Cell Infect Microbiol. 2022 Apr 5;12:837019. doi: 10.3389/fcimb.2022.837019. eCollection 2022.","Fu SC","Front Cell Infect Microbiol","2022","2022/04/25","PMC9022099","","10.3389/fcimb.2022.837019"
"36140158","Microbiota Dysbiosis in Parkinson Disease-In Search of a Biomarker","Nowak JM, Kopczyński M, Friedman A, Koziorowski D, Figura M.","Biomedicines. 2022 Aug 23;10(9):2057. doi: 10.3390/biomedicines10092057.","Nowak JM","Biomedicines","2022","2022/09/23","PMC9495927","","10.3390/biomedicines10092057"
"35677440","Gut Microbial Dysbiosis and Cognitive Impairment in Bipolar Disorder: Current Evidence","Dai W, Liu J, Qiu Y, Teng Z, Li S, Yuan H, Huang J, Xiang H, Tang H, Wang B, Chen J, Wu H.","Front Pharmacol. 2022 May 23;13:893567. doi: 10.3389/fphar.2022.893567. eCollection 2022.","Dai W","Front Pharmacol","2022","2022/06/09","PMC9168430","","10.3389/fphar.2022.893567"
"36458227","Modulating the Gut Microbiota as a Therapeutic Intervention for Alzheimer's Disease","Liu M, Zhong P.","Indian J Microbiol. 2022 Dec;62(4):494-504. doi: 10.1007/s12088-022-01025-w. Epub 2022 May 19.","Liu M","Indian J Microbiol","2022","2022/12/02","PMC9705639","","10.1007/s12088-022-01025-w"
"35076270","Parkinson's Disease Medication Alters Small Intestinal Motility and Microbiota Composition in Healthy Rats","van Kessel SP, Bullock A, van Dijk G, El Aidy S.","mSystems. 2022 Feb 22;7(1):e0119121. doi: 10.1128/msystems.01191-21. Epub 2022 Jan 25.","van Kessel SP","mSystems","2022","2022/01/25","PMC8788331","","10.1128/msystems.01191-21"
"36365188","Membrane Vesicles Derived from Gut Microbiota and Probiotics: Cutting-Edge Therapeutic Approaches for Multidrug-Resistant Superbugs Linked to Neurological Anomalies","Srivastava P, Kim KS.","Pharmaceutics. 2022 Nov 3;14(11):2370. doi: 10.3390/pharmaceutics14112370.","Srivastava P","Pharmaceutics","2022","2022/11/11","PMC9692612","","10.3390/pharmaceutics14112370"
"35263739","Is There Any Link between Cognitive Impairment and Gut Microbiota? A Systematic Review","Angoorani P, Ejtahed HS, Siadat SD, Sharifi F, Larijani B.","Gerontology. 2022;68(11):1201-1213. doi: 10.1159/000522381. Epub 2022 Mar 9.","Angoorani P","Gerontology","2022","2022/03/09","","","10.1159/000522381"
"35611932","Urolithins: potential biomarkers of gut dysbiosis and disease stage in Parkinson's patients","Romo-Vaquero M, Fernández-Villalba E, Gil-Martinez AL, Cuenca-Bermejo L, Espín JC, Herrero MT, Selma MV.","Food Funct. 2022 Jun 6;13(11):6306-6316. doi: 10.1039/d2fo00552b.","Romo-Vaquero M","Food Funct","2022","2022/05/25","","","10.1039/d2fo00552b"
"35889124","Nasal Microbiota, Olfactory Health, Neurological Disorders and Aging-A Review","Thangaleela S, Sivamaruthi BS, Kesika P, Bharathi M, Chaiyasut C.","Microorganisms. 2022 Jul 12;10(7):1405. doi: 10.3390/microorganisms10071405.","Thangaleela S","Microorganisms","2022","2022/07/27","PMC9320618","","10.3390/microorganisms10071405"
"34737076","Environmental neurotoxicants and inflammasome activation in Parkinson's disease - A focus on the gut-brain axis","Johnson AM, Ou ZA, Gordon R, Saminathan H.","Int J Biochem Cell Biol. 2022 Jan;142:106113. doi: 10.1016/j.biocel.2021.106113. Epub 2021 Nov 2.","Johnson AM","Int J Biochem Cell Biol","2022","2021/11/05","","","10.1016/j.biocel.2021.106113"
"36013962","Role of the Gut-Brain Axis, Gut Microbial Composition, Diet, and Probiotic Intervention in Parkinson's Disease","Thangaleela S, Sivamaruthi BS, Kesika P, Bharathi M, Chaiyasut C.","Microorganisms. 2022 Jul 29;10(8):1544. doi: 10.3390/microorganisms10081544.","Thangaleela S","Microorganisms","2022","2022/08/26","PMC9412530","","10.3390/microorganisms10081544"
"36619150","Gut Microbiota Modification via Glucagon-like Peptide-1 with Beneficial Neuroprotective Effects","Sayehmiri F, Samadian M, Mohamadkhani A, Tafakhori A, Haghighat S, Rahmatian A, Mohammadkhani MA, Fazli HR, Rezaei Tavirani M.","Middle East J Dig Dis. 2022 Apr;14(2):235-243. doi: 10.34172/mejdd.2022.278. Epub 2022 Apr 30.","Sayehmiri F","Middle East J Dig Dis","2022","2023/01/09","PMC9489313","","10.34172/mejdd.2022.278"
"36334762","Are neuromodulation interventions associated with changes in the gut microbiota? A systematic review","Korenblik V, Brouwer ME, Korosi A, Denys D, Bockting CLH, Brul S, Lok A.","Neuropharmacology. 2023 Feb 1;223:109318. doi: 10.1016/j.neuropharm.2022.109318. Epub 2022 Nov 9.","Korenblik V","Neuropharmacology","2023","2022/11/05","","","10.1016/j.neuropharm.2022.109318"
"36355147","Dysbiosis of Gut Microbiota from the Perspective of the Gut-Brain Axis: Role in the Provocation of Neurological Disorders","Kandpal M, Indari O, Baral B, Jakhmola S, Tiwari D, Bhandari V, Pandey RK, Bala K, Sonawane A, Jha HC.","Metabolites. 2022 Nov 3;12(11):1064. doi: 10.3390/metabo12111064.","Kandpal M","Metabolites","2022","2022/11/10","PMC9692419","","10.3390/metabo12111064"
"36072564","Age-dependent effects of gut microbiota metabolites on brain resident macrophages","Hasavci D, Blank T.","Front Cell Neurosci. 2022 Aug 22;16:944526. doi: 10.3389/fncel.2022.944526. eCollection 2022.","Hasavci D","Front Cell Neurosci","2022","2022/09/08","PMC9441744","","10.3389/fncel.2022.944526"
"35895243","Role of the gut-microbiota-metabolite axis in the rotenone model of early-stage Parkinson's Disease","Yan Z, Li R, Shi W, Yao L.","Metab Brain Dis. 2022 Oct;37(7):2511-2520. doi: 10.1007/s11011-022-01004-6. Epub 2022 Jul 27.","Yan Z","Metab Brain Dis","2022","2022/07/27","","","10.1007/s11011-022-01004-6"
"36361826","Molecular and Cellular Interactions in Pathogenesis of Sporadic Parkinson Disease","Dolgacheva LP, Zinchenko VP, Goncharov NV.","Int J Mol Sci. 2022 Oct 27;23(21):13043. doi: 10.3390/ijms232113043.","Dolgacheva LP","Int J Mol Sci","2022","2022/11/11","PMC9657547","","10.3390/ijms232113043"
"35111696","Gut Microbiota: A Key Regulator in the Effects of Environmental Hazards on Modulates Insulin Resistance","Huang R.","Front Cell Infect Microbiol. 2022 Jan 17;11:800432. doi: 10.3389/fcimb.2021.800432. eCollection 2021.","Huang R","Front Cell Infect Microbiol","2022","2022/02/03","PMC8801599","","10.3389/fcimb.2021.800432"
"36494405","Gut microbiota in dementia with Lewy bodies","Nishiwaki H, Ueyama J, Kashihara K, Ito M, Hamaguchi T, Maeda T, Tsuboi Y, Katsuno M, Hirayama M, Ohno K.","NPJ Parkinsons Dis. 2022 Dec 9;8(1):169. doi: 10.1038/s41531-022-00428-2.","Nishiwaki H","NPJ Parkinsons Dis","2022","2022/12/09","PMC9734655","","10.1038/s41531-022-00428-2"
"36406865","Gut Microbiota Alternation in Disease Progression of Neurosyphilis","Wang G, Zou D, Lu X, Gu X, Cheng Y, Qi T, Cheng Y, Yu J, Ye M, Zhou P.","Infect Drug Resist. 2022 Nov 14;15:6603-6612. doi: 10.2147/IDR.S389155. eCollection 2022.","Wang G","Infect Drug Resist","2022","2022/11/21","PMC9673944","","10.2147/IDR.S389155"
"36543925","Helicobacter hepaticus augmentation triggers Dopaminergic degeneration and motor disorders in mice with Parkinson's disease","Ahn EH, Liu X, Alam AM, Kang SS, Ye K.","Mol Psychiatry. 2023 Mar;28(3):1337-1350. doi: 10.1038/s41380-022-01910-2. Epub 2022 Dec 21.","Ahn EH","Mol Psychiatry","2023","2022/12/21","","","10.1038/s41380-022-01910-2"
"35337376","Shedding light on biological sex differences and microbiota-gut-brain axis: a comprehensive review of its roles in neuropsychiatric disorders","Shobeiri P, Kalantari A, Teixeira AL, Rezaei N.","Biol Sex Differ. 2022 Mar 25;13(1):12. doi: 10.1186/s13293-022-00422-6.","Shobeiri P","Biol Sex Differ","2022","2022/03/26","PMC8949832","","10.1186/s13293-022-00422-6"
"34934429","Gut microbiota relieves inflammation in the substantia nigra of chronic Parkinson's disease by protecting the function of dopamine neurons","Zhang T, Wang T, Chen X, Zhao Z, Chen Z.","Exp Ther Med. 2022 Jan;23(1):52. doi: 10.3892/etm.2021.10974. Epub 2021 Nov 16.","Zhang T","Exp Ther Med","2022","2021/12/22","PMC8652398","","10.3892/etm.2021.10974"
"35583791","Exploring the multifactorial aspects of Gut Microbiome in Parkinson's Disease","Pavan S, Prabhu AN, Prasad Gorthi S, Das B, Mutreja A, Shetty V, Ramamurthy T, Ballal M.","Folia Microbiol (Praha). 2022 Oct;67(5):693-706. doi: 10.1007/s12223-022-00977-2. Epub 2022 May 18.","Pavan S","Folia Microbiol (Praha)","2022","2022/05/18","PMC9526693","","10.1007/s12223-022-00977-2"
"36389228","The interplay between the gut-brain axis and the microbiome: A perspective on psychiatric and neurodegenerative disorders","Bashir Y, Khan AU.","Front Neurosci. 2022 Oct 28;16:1030694. doi: 10.3389/fnins.2022.1030694. eCollection 2022.","Bashir Y","Front Neurosci","2022","2022/11/17","PMC9650127","","10.3389/fnins.2022.1030694"
"35275538","The Oral and Fecal Microbiota in a Canadian Cohort of Alzheimer's Disease","Cirstea MS, Kliger D, MacLellan AD, Yu AC, Langlois J, Fan M, Boroomand S, Kharazyan F, Hsiung RGY, MacVicar BA, Chertkow H, Whitehead V, Brett Finlay B, Appel-Cresswell S.","J Alzheimers Dis. 2022;87(1):247-258. doi: 10.3233/JAD-215520.","Cirstea MS","J Alzheimers Dis","2022","2022/03/11","","","10.3233/JAD-215520"
"35057561","Are We What We Eat? Impact of Diet on the Gut-Brain Axis in Parkinson's Disease","Alfonsetti M, Castelli V, d'Angelo M.","Nutrients. 2022 Jan 17;14(2):380. doi: 10.3390/nu14020380.","Alfonsetti M","Nutrients","2022","2022/01/21","PMC8780419","","10.3390/nu14020380"
"35886849","Impact of Nutrition, Microbiota Transplant and Weight Loss Surgery on Dopaminergic Alterations in Parkinson's Disease and Obesity","Hamamah S, Hajnal A, Covasa M.","Int J Mol Sci. 2022 Jul 6;23(14):7503. doi: 10.3390/ijms23147503.","Hamamah S","Int J Mol Sci","2022","2022/07/27","PMC9319073","","10.3390/ijms23147503"
"37529095","Influence of aerobic exercise training on mice gut microbiota in Parkinson's disease","Fan T, Li X, Zhang X, Zhang J, Sun L, Chen J, Fu C.","Turk J Biol. 2022 Apr 25;46(4):288-297. doi: 10.55730/1300-0152.2617. eCollection 2022.","Fan T","Turk J Biol","2022","2023/08/02","PMC10388120","","10.55730/1300-0152.2617"
"35433746","Guts Imbalance Imbalances the Brain: A Review of Gut Microbiota Association With Neurological and Psychiatric Disorders","Mitrea L, Nemeş SA, Szabo K, Teleky BE, Vodnar DC.","Front Med (Lausanne). 2022 Mar 31;9:813204. doi: 10.3389/fmed.2022.813204. eCollection 2022.","Mitrea L","Front Med (Lausanne)","2022","2022/04/18","PMC9009523","","10.3389/fmed.2022.813204"
"35879588","Implication of Paraprobiotics in Age-Associated Gut Dysbiosis and Neurodegenerative Diseases","Rahman Z, Dandekar MP.","Neuromolecular Med. 2023 Mar;25(1):14-26. doi: 10.1007/s12017-022-08722-1. Epub 2022 Jul 25.","Rahman Z","Neuromolecular Med","2023","2022/07/25","","","10.1007/s12017-022-08722-1"
"36278360","Exploring the Connection Between the Gut Microbiome and Parkinson's Disease Symptom Progression and Pathology: Implications for Supplementary Treatment Options","Chan DG, Ventura K, Villeneuve A, Du Bois P, Holahan MR.","J Parkinsons Dis. 2022;12(8):2339-2352. doi: 10.3233/JPD-223461.","Chan DG","J Parkinsons Dis","2022","2022/10/24","PMC9837702","","10.3233/JPD-223461"
"35897024","Gut microenvironmental changes as a potential trigger in Parkinson's disease through the gut-brain axis","Chen SJ, Lin CH.","J Biomed Sci. 2022 Jul 27;29(1):54. doi: 10.1186/s12929-022-00839-6.","Chen SJ","J Biomed Sci","2022","2022/07/27","PMC9327249","","10.1186/s12929-022-00839-6"
"34982206","Challenges of repurposing tetracyclines for the treatment of Alzheimer's and Parkinson's disease","Markulin I, Matasin M, Turk VE, Salković-Petrisic M.","J Neural Transm (Vienna). 2022 Jun;129(5-6):773-804. doi: 10.1007/s00702-021-02457-2. Epub 2022 Jan 4.","Markulin I","J Neural Transm (Vienna)","2022","2022/01/04","","","10.1007/s00702-021-02457-2"
"36411639","Deciphering the gut microbiome in neurodegenerative diseases and metagenomic approaches for characterization of gut microbes","Singh N, Singh V, Rai SN, Mishra V, Vamanu E, Singh MP.","Biomed Pharmacother. 2022 Dec;156:113958. doi: 10.1016/j.biopha.2022.113958. Epub 2022 Nov 7.","Singh N","Biomed Pharmacother","2022","2022/11/22","","","10.1016/j.biopha.2022.113958"
"34719435","The Role of Pathogens and Anti-Infective Agents in Parkinson's Disease, from Etiology to Therapeutic Implications","Shen S, Zhang C, Xu YM, Shi CH.","J Parkinsons Dis. 2022;12(1):27-44. doi: 10.3233/JPD-212929.","Shen S","J Parkinsons Dis","2022","2021/11/01","PMC8842782","","10.3233/JPD-212929"
"36235622","Does the Gut Microbial Metabolome Really Matter? The Connection between GUT Metabolome and Neurological Disorders","Marć MA, Jastrząb R, Mytych J.","Nutrients. 2022 Sep 24;14(19):3967. doi: 10.3390/nu14193967.","Marć MA","Nutrients","2022","2022/10/14","PMC9571089","","10.3390/nu14193967"
"35656540","The Gut Microbiome in Parkinson's Disease: A Longitudinal Study of the Impacts on Disease Progression and the Use of Device-Assisted Therapies","Lubomski M, Xu X, Holmes AJ, Muller S, Yang JYH, Davis RL, Sue CM.","Front Aging Neurosci. 2022 May 17;14:875261. doi: 10.3389/fnagi.2022.875261. eCollection 2022.","Lubomski M","Front Aging Neurosci","2022","2022/06/03","PMC9152137","","10.3389/fnagi.2022.875261"
"36590421","The gut microbiome in human health and disease-Where are we and where are we going? A bibliometric analysis","Huang Z, Liu K, Ma W, Li D, Mo T, Liu Q.","Front Microbiol. 2022 Dec 15;13:1018594. doi: 10.3389/fmicb.2022.1018594. eCollection 2022.","Huang Z","Front Microbiol","2022","2023/01/02","PMC9797740","","10.3389/fmicb.2022.1018594"
"36406749","A review of the preclinical and clinical studies on the role of the gut microbiome in aging and neurodegenerative diseases and its modulation","Hashim HM, Makpol S.","Front Cell Neurosci. 2022 Nov 3;16:1007166. doi: 10.3389/fncel.2022.1007166. eCollection 2022.","Hashim HM","Front Cell Neurosci","2022","2022/11/21","PMC9669379","","10.3389/fncel.2022.1007166"
"36155528","Early Dysbiosis and Dampened Gut Microbe Oscillation Precede Motor Dysfunction and Neuropathology in Animal Models of Parkinson's Disease","Liang F, Chen CY, Li YP, Ke YC, Ho EP, Jeng CF, Lin CH, Chen SK.","J Parkinsons Dis. 2022;12(8):2423-2440. doi: 10.3233/JPD-223431.","Liang F","J Parkinsons Dis","2022","2022/09/26","","","10.3233/JPD-223431"
"35349746","Microbiota-microglia connections in age-related cognition decline","Zhou R, Qian S, Cho WCS, Zhou J, Jin C, Zhong Y, Wang J, Zhang X, Xu Z, Tian M, Chan LWC, Zhang H.","Aging Cell. 2022 May;21(5):e13599. doi: 10.1111/acel.13599. Epub 2022 Mar 29.","Zhou R","Aging Cell","2022","2022/03/29","PMC9124309","","10.1111/acel.13599"
"35016506","Effect of Coffee against MPTP-Induced Motor Deficits and Neurodegeneration in Mice Via Regulating Gut Microbiota","Liu J, Zhang Y, Ye T, Yu Q, Yu J, Yuan S, Gao X, Wan X, Zhang R, Han W, Zhang Y.","J Agric Food Chem. 2022 Jan 12;70(1):184-195. doi: 10.1021/acs.jafc.1c06998. Epub 2022 Jan 4.","Liu J","J Agric Food Chem","2022","2022/01/12","","","10.1021/acs.jafc.1c06998"
"35607987","Parkinson's Disease Is Associated with Impaired Gut-Blood Barrier for Short-Chain Fatty Acids","Yang X, Ai P, He X, Mo C, Zhang Y, Xu S, Lai Y, Qian Y, Xiao Q.","Mov Disord. 2022 Aug;37(8):1634-1643. doi: 10.1002/mds.29063. Epub 2022 May 24.","Yang X","Mov Disord","2022","2022/05/24","","","10.1002/mds.29063"
"36355135","A New Concept of Associations between Gut Microbiota, Immunity and Central Nervous System for the Innovative Treatment of Neurodegenerative Disorders","Yoshikawa S, Taniguchi K, Sawamura H, Ikeda Y, Tsuji A, Matsuda S.","Metabolites. 2022 Nov 1;12(11):1052. doi: 10.3390/metabo12111052.","Yoshikawa S","Metabolites","2022","2022/11/10","PMC9692629","","10.3390/metabo12111052"
"35873830","Update to the Treatment of Parkinson's Disease Based on the Gut-Brain Axis Mechanism","Sun X, Xue L, Wang Z, Xie A.","Front Neurosci. 2022 Jul 6;16:878239. doi: 10.3389/fnins.2022.878239. eCollection 2022.","Sun X","Front Neurosci","2022","2022/07/25","PMC9299103","","10.3389/fnins.2022.878239"
"36263629","Intestinal histomorphological and molecular alterations in patients with Parkinson's disease","Bellini G, Benvenuti L, Ippolito C, Frosini D, Segnani C, Rettura F, Pancetti A, Bertani L, D'Antongiovanni V, Palermo G, Del Prete E, Antonioli L, Nardini V, Morganti R, Pellegrini C, Bernardini N, Ceravolo R, Fornai M, Bellini M.","Eur J Neurol. 2023 Nov;30(11):3440-3450. doi: 10.1111/ene.15607. Epub 2022 Nov 6.","Bellini G","Eur J Neurol","2023","2022/10/20","","","10.1111/ene.15607"
"34974121","Gut microbiota modulation by prednisolone in a rat kindling model of pentylenetetrazol (PTZ)-induced seizure","de Lima AMDL, de Lima Rosa G, Müller Guzzo EF, Padilha RB, Costa da Silva R, Silveira AK, de Lima Morales D, Conci de Araujo M, Fonseca Moreira JC, Barth AL, Coitinho AS, Van Der Sand ST.","Microb Pathog. 2022 Feb;163:105376. doi: 10.1016/j.micpath.2021.105376. Epub 2021 Dec 30.","de Lima AMDL","Microb Pathog","2022","2022/01/02","","","10.1016/j.micpath.2021.105376"
"35741624","Not just a Snapshot: An Italian Longitudinal Evaluation of Stability of Gut Microbiota Findings in Parkinson's Disease","Cerroni R, Pietrucci D, Teofani A, Chillemi G, Liguori C, Pierantozzi M, Unida V, Selmani S, Mercuri NB, Stefani A.","Brain Sci. 2022 Jun 4;12(6):739. doi: 10.3390/brainsci12060739.","Cerroni R","Brain Sci","2022","2022/06/24","PMC9221441","","10.3390/brainsci12060739"
"35076890","Gastrointestinal Dysfunction in Parkinson's Disease","Safarpour D, Sharzehi K, Pfeiffer RF.","Drugs. 2022 Feb;82(2):169-197. doi: 10.1007/s40265-021-01664-1. Epub 2022 Jan 25.","Safarpour D","Drugs","2022","2022/01/25","","","10.1007/s40265-021-01664-1"
"36072680","Dietary Modification for the Restoration of Gut Microbiome and Management of Symptoms in Irritable Bowel Syndrome","Thomas A, Thomas A, Butler-Sanchez M.","Am J Lifestyle Med. 2021 May 10;16(5):608-621. doi: 10.1177/15598276211012968. eCollection 2022 Sep-Oct.","Thomas A","Am J Lifestyle Med","2021","2022/09/08","PMC9442469","","10.1177/15598276211012968"
"35837118","Differences in Alpha Diversity of Gut Microbiota in Neurological Diseases","Li Z, Zhou J, Liang H, Ye L, Lan L, Lu F, Wang Q, Lei T, Yang X, Cui P, Huang J.","Front Neurosci. 2022 Jun 28;16:879318. doi: 10.3389/fnins.2022.879318. eCollection 2022.","Li Z","Front Neurosci","2022","2022/07/15","PMC9274120","","10.3389/fnins.2022.879318"
"35091889","Vancomycin Pretreatment on MPTP-Induced Parkinson's Disease Mice Exerts Neuroprotection by Suppressing Inflammation Both in Brain and Gut","Cui C, Hong H, Shi Y, Zhou Y, Qiao CM, Zhao WJ, Zhao LP, Wu J, Quan W, Niu GY, Wu YB, Li CS, Cheng L, Hong Y, Shen YQ.","J Neuroimmune Pharmacol. 2023 Jun;18(1-2):72-89. doi: 10.1007/s11481-021-10047-y. Epub 2022 Jan 29.","Cui C","J Neuroimmune Pharmacol","2023","2022/01/29","","","10.1007/s11481-021-10047-y"
"35281490","Mechanistic Insights Into Gut Microbiome Dysbiosis-Mediated Neuroimmune Dysregulation and Protein Misfolding and Clearance in the Pathogenesis of Chronic Neurodegenerative Disorders","Padhi P, Worth C, Zenitsky G, Jin H, Sambamurti K, Anantharam V, Kanthasamy A, Kanthasamy AG.","Front Neurosci. 2022 Feb 25;16:836605. doi: 10.3389/fnins.2022.836605. eCollection 2022.","Padhi P","Front Neurosci","2022","2022/03/14","PMC8914070","","10.3389/fnins.2022.836605"
"36402501","Microbiome in Anxiety and Other Psychiatric Disorders","Spivak NM, Haroon J, Swenson A, Turnbull SA, Dang N, Ganeles M, Price C, Distler M, Nurmi E, Lavretsky H, Bystritsky A.","Med Clin North Am. 2023 Jan;107(1):73-83. doi: 10.1016/j.mcna.2022.08.010. Epub 2022 Oct 28.","Spivak NM","Med Clin North Am","2023","2022/11/19","","","10.1016/j.mcna.2022.08.010"
"35491707","Modulation of GPCR receptors common to gut inflammatory diseases and neuronal disorders, Alzheimer's and Parkinson's diseases as druggable targets through Withania somnifera bioactives: an in silico study","Shukla R, Pahal S, Gupta A, Choudhary P, Misra K, Singh S.","J Biomol Struct Dyn. 2023 Jul;41(10):4485-4503. doi: 10.1080/07391102.2022.2068072. Epub 2022 May 1.","Shukla R","J Biomol Struct Dyn","2023","2022/05/02","","","10.1080/07391102.2022.2068072"
"35603160","Gut Dysbiosis Is Associated With the Severity of Cryptogenic Stroke and Enhanced Systemic Inflammatory Response","Zheng Q, Chen Y, Zhai Y, Meng L, Liu H, Tian H, Feng R, Wang J, Zhang R, Sun K, Gao L, Wang Y, Wang X, Wu E, Teng J, Ding X.","Front Immunol. 2022 May 6;13:836820. doi: 10.3389/fimmu.2022.836820. eCollection 2022.","Zheng Q","Front Immunol","2022","2022/05/23","PMC9120915","","10.3389/fimmu.2022.836820"
"36619768","The contribution of gut-brain axis to development of neurological symptoms in COVID-19 recovered patients: A hypothesis and review of literature","Vakili K, Fathi M, Yaghoobpoor S, Sayehmiri F, Nazerian Y, Nazerian A, Mohamadkhani A, Khodabakhsh P, Réus GZ, Hajibeygi R, Rezaei-Tavirani M.","Front Cell Infect Microbiol. 2022 Dec 22;12:983089. doi: 10.3389/fcimb.2022.983089. eCollection 2022.","Vakili K","Front Cell Infect Microbiol","2022","2023/01/09","PMC9815719","","10.3389/fcimb.2022.983089"
"36552604","Mangosteen Pericarp Extract Supplementation Boosts Antioxidant Status via Rebuilding Gut Microbiota to Attenuate Motor Deficit in 6-OHDA-Induced Parkinson's Disease","Nurrahma BA, Yeh TH, Hsieh RH, Tsao SP, Chen CW, Lee YP, Pan CH, Huang HY.","Antioxidants (Basel). 2022 Dec 2;11(12):2396. doi: 10.3390/antiox11122396.","Nurrahma BA","Antioxidants (Basel)","2022","2022/12/23","PMC9774421","","10.3390/antiox11122396"
"36439235","Probiotic Pediococcus pentosaceus ameliorates MPTP-induced oxidative stress via regulating the gut microbiota-gut-brain axis","Pan S, Wei H, Yuan S, Kong Y, Yang H, Zhang Y, Cui X, Chen W, Liu J, Zhang Y.","Front Cell Infect Microbiol. 2022 Nov 9;12:1022879. doi: 10.3389/fcimb.2022.1022879. eCollection 2022.","Pan S","Front Cell Infect Microbiol","2022","2022/11/28","PMC9682001","","10.3389/fcimb.2022.1022879"
"36504794","Reviewing the state of the art of probiotics as clinical modalities for brain-gut-microbiota axis associated disorders","Wiegers C, Veerman MA, Brummer RJ, Larsen OFA.","Front Microbiol. 2022 Nov 25;13:1053958. doi: 10.3389/fmicb.2022.1053958. eCollection 2022.","Wiegers C","Front Microbiol","2022","2022/12/12","PMC9732675","","10.3389/fmicb.2022.1053958"
"36570528","The effects of microbiota abundance on symptom severity in Parkinson's disease: A systematic review","Papić E, Rački V, Hero M, Tomić Z, Starčević-Čižmarević N, Kovanda A, Kapović M, Hauser G, Peterlin B, Vuletić V.","Front Aging Neurosci. 2022 Dec 8;14:1020172. doi: 10.3389/fnagi.2022.1020172. eCollection 2022.","Papić E","Front Aging Neurosci","2022","2022/12/26","PMC9772822","","10.3389/fnagi.2022.1020172"
"35342048","Alteration of Gut Microbial Metabolites in the Systemic Circulation of Patients with Parkinson's Disease","Chen SJ, Chen CC, Liao HY, Wu YW, Liou JM, Wu MS, Kuo CH, Lin CH.","J Parkinsons Dis. 2022;12(4):1219-1230. doi: 10.3233/JPD-223179.","Chen SJ","J Parkinsons Dis","2022","2022/03/28","","","10.3233/JPD-223179"
"35786740","Gut instincts in neuroimmunity from the eighteenth to twenty-first centuries","Nguyen M, Palm NW.","Semin Immunopathol. 2022 Sep;44(5):569-579. doi: 10.1007/s00281-022-00948-2. Epub 2022 Jul 4.","Nguyen M","Semin Immunopathol","2022","2022/07/05","PMC9519704","","10.1007/s00281-022-00948-2"
"34128115","The impact of device-assisted therapies on the gut microbiome in Parkinson's disease","Lubomski M, Xu X, Holmes AJ, Yang JYH, Sue CM, Davis RL.","J Neurol. 2022 Feb;269(2):780-795. doi: 10.1007/s00415-021-10657-9. Epub 2021 Jun 15.","Lubomski M","J Neurol","2022","2021/06/15","","","10.1007/s00415-021-10657-9"
"35572129","Multi-Omics Integration in Mice With Parkinson's Disease and the Intervention Effect of Cyanidin-3-O-Glucoside","Wang W, Zhu G, Wang Y, Li W, Yi S, Wang K, Fan L, Tang J, Chen R.","Front Aging Neurosci. 2022 Apr 29;14:877078. doi: 10.3389/fnagi.2022.877078. eCollection 2022.","Wang W","Front Aging Neurosci","2022","2022/05/16","PMC9099026","","10.3389/fnagi.2022.877078"
"34996385","Serum short-chain fatty acids and its correlation with motor and non-motor symptoms in Parkinson's disease patients","Wu G, Jiang Z, Pu Y, Chen S, Wang T, Wang Y, Xu X, Wang S, Jin M, Yao Y, Liu Y, Ke S, Liu S.","BMC Neurol. 2022 Jan 7;22(1):13. doi: 10.1186/s12883-021-02544-7.","Wu G","BMC Neurol","2022","2022/01/08","PMC8740341","","10.1186/s12883-021-02544-7"
"34652580","Introduction to the Special Issue ""The Brain-Gut Axis""","Taché Y, Saavedra JM.","Cell Mol Neurobiol. 2022 Mar;42(2):311-313. doi: 10.1007/s10571-021-01155-7. Epub 2021 Oct 15.","Taché Y","Cell Mol Neurobiol","2022","2021/10/15","","","10.1007/s10571-021-01155-7"
"36056826","Microbiome-Based Therapies in Parkinson's Disease: Can Tuning the Microbiota Become a Viable Therapeutic Strategy?","Onaolapo AY, Ojo FO, Olofinnade AT, Falade J, Lawal IA, Onaolapo OJ.","CNS Neurol Disord Drug Targets. 2022 Sep 3. doi: 10.2174/1871527321666220903114559. Online ahead of print.","Onaolapo AY","CNS Neurol Disord Drug Targets","2022","2022/09/03","","","10.2174/1871527321666220903114559"
"36358513","Neurodegenerative Microbially-Shaped Diseases: Oxidative Stress Meets Neuroinflammation","Silva DF, Empadinhas N, Cardoso SM, Esteves AR.","Antioxidants (Basel). 2022 Oct 28;11(11):2141. doi: 10.3390/antiox11112141.","Silva DF","Antioxidants (Basel)","2022","2022/11/11","PMC9686748","","10.3390/antiox11112141"
"35405323","Linking circadian rhythms to microbiome-gut-brain axis in aging-associated neurodegenerative diseases","Cheng WY, Ho YS, Chang RC.","Ageing Res Rev. 2022 Jun;78:101620. doi: 10.1016/j.arr.2022.101620. Epub 2022 Apr 8.","Cheng WY","Ageing Res Rev","2022","2022/04/11","","","10.1016/j.arr.2022.101620"
"36144449","Advanced Glycation End Products in Health and Disease","Reddy VP, Aryal P, Darkwah EK.","Microorganisms. 2022 Sep 15;10(9):1848. doi: 10.3390/microorganisms10091848.","Reddy VP","Microorganisms","2022","2022/09/23","PMC9501837","","10.3390/microorganisms10091848"
"35684340","The Role of Microbiome in Brain Development and Neurodegenerative Diseases","Nandwana V, Nandwana NK, Das Y, Saito M, Panda T, Das S, Almaguel F, Hosmane NS, Das BC.","Molecules. 2022 May 25;27(11):3402. doi: 10.3390/molecules27113402.","Nandwana V","Molecules","2022","2022/06/10","PMC9182002","","10.3390/molecules27113402"
"36226922","Fucosylated Chondroitin Sulfate against Parkinson's Disease through Inhibiting Inflammation Induced by Gut Dysbiosis","Liu Y, Liu X, Ye Q, Wang Y, Zhang J, Lin S, Wang G, Yang X, Zhang J, Chen S, Wu N.","J Agric Food Chem. 2022 Oct 26;70(42):13676-13691. doi: 10.1021/acs.jafc.2c06429. Epub 2022 Oct 13.","Liu Y","J Agric Food Chem","2022","2022/10/13","","","10.1021/acs.jafc.2c06429"
"35829770","Studying the Parkinson's disease metabolome and exposome in biological samples through different analytical and cheminformatics approaches: a pilot study","Talavera Andújar B, Aurich D, Aho VTE, Singh RR, Cheng T, Zaslavsky L, Bolton EE, Mollenhauer B, Wilmes P, Schymanski EL.","Anal Bioanal Chem. 2022 Oct;414(25):7399-7419. doi: 10.1007/s00216-022-04207-z. Epub 2022 Jul 13.","Talavera Andújar B","Anal Bioanal Chem","2022","2022/07/13","PMC9482909","","10.1007/s00216-022-04207-z"
"36001607","A Metabologenomic approach reveals alterations in the gut microbiota of a mouse model of Alzheimer's disease","Favero F, Barberis E, Gagliardi M, Espinoza S, Contu L, Gustincich S, Boccafoschi F, Borsotti C, Lim D, Rubino V, Mignone F, Pasolli E, Manfredi M, Zucchelli S, Corà D, Corazzari M.","PLoS One. 2022 Aug 24;17(8):e0273036. doi: 10.1371/journal.pone.0273036. eCollection 2022.","Favero F","PLoS One","2022","2022/08/24","PMC9401139","","10.1371/journal.pone.0273036"
"35959396","Porphyromonas gingivalis: A key role in Parkinson's disease with cognitive impairment?","Li D, Ren T, Li H, Liao G, Zhang X.","Front Neurol. 2022 Jul 26;13:945523. doi: 10.3389/fneur.2022.945523. eCollection 2022.","Li D","Front Neurol","2022","2022/08/12","PMC9363011","","10.3389/fneur.2022.945523"
"36289839","Involvement of Intestinal Enteroendocrine Cells in Neurological and Psychiatric Disorders","Yu L, Li Y.","Biomedicines. 2022 Oct 14;10(10):2577. doi: 10.3390/biomedicines10102577.","Yu L","Biomedicines","2022","2022/10/27","PMC9599815","","10.3390/biomedicines10102577"
"35742813","Dual-Hit Model of Parkinson's Disease: Impact of Dysbiosis on 6-Hydroxydopamine-Insulted Mice-Neuroprotective and Anti-Inflammatory Effects of Butyrate","Avagliano C, Coretti L, Lama A, Pirozzi C, De Caro C, De Biase D, Turco L, Mollica MP, Paciello O, Calignano A, Meli R, Lembo F, Mattace Raso G.","Int J Mol Sci. 2022 Jun 7;23(12):6367. doi: 10.3390/ijms23126367.","Avagliano C","Int J Mol Sci","2022","2022/06/24","PMC9223521","","10.3390/ijms23126367"
"35779628","(R)-ketamine as prophylactic and therapeutic drug for neurological disorders: Beyond depression","Wang X, Yang J, Hashimoto K.","Neurosci Biobehav Rev. 2022 Aug;139:104762. doi: 10.1016/j.neubiorev.2022.104762. Epub 2022 Jun 30.","Wang X","Neurosci Biobehav Rev","2022","2022/07/02","","","10.1016/j.neubiorev.2022.104762"
"36613586","Updates on the Role of Probiotics against Different Health Issues: Focus on Lactobacillus","Un-Nisa A, Khan A, Zakria M, Siraj S, Ullah S, Tipu MK, Ikram M, Kim MO.","Int J Mol Sci. 2022 Dec 21;24(1):142. doi: 10.3390/ijms24010142.","Un-Nisa A","Int J Mol Sci","2022","2023/01/08","PMC9820606","","10.3390/ijms24010142"
"36364961","Direct Action of Non-Digestible Oligosaccharides against a Leaky Gut","Mavrogeni ME, Asadpoor M, Henricks PAJ, Keshavarzian A, Folkerts G, Braber S.","Nutrients. 2022 Nov 7;14(21):4699. doi: 10.3390/nu14214699.","Mavrogeni ME","Nutrients","2022","2022/11/11","PMC9655944","","10.3390/nu14214699"
"35650236","Short chain fatty acids-producing and mucin-degrading intestinal bacteria predict the progression of early Parkinson's disease","Nishiwaki H, Ito M, Hamaguchi T, Maeda T, Kashihara K, Tsuboi Y, Ueyama J, Yoshida T, Hanada H, Takeuchi I, Katsuno M, Hirayama M, Ohno K.","NPJ Parkinsons Dis. 2022 Jun 1;8(1):65. doi: 10.1038/s41531-022-00328-5.","Nishiwaki H","NPJ Parkinsons Dis","2022","2022/06/01","PMC9160257","","10.1038/s41531-022-00328-5"
"36240098","Association Between Microbial Tyrosine Decarboxylase Gene and Levodopa Responsiveness in Patients With Parkinson Disease","Zhang Y, He X, Mo C, Liu X, Li J, Yan Z, Qian Y, Lai Y, Xu S, Yang X, Xiao Q.","Neurology. 2022 Nov 29;99(22):e2443-e2453. doi: 10.1212/WNL.0000000000201204. Epub 2022 Aug 31.","Zhang Y","Neurology","2022","2022/10/14","","","10.1212/WNL.0000000000201204"
"35806985","The Risk of Developing Alzheimer's Disease and Parkinson's Disease in Patients with Inflammatory Bowel Disease: A Meta-Analysis","Szandruk-Bender M, Wiatrak B, Szeląg A.","J Clin Med. 2022 Jun 27;11(13):3704. doi: 10.3390/jcm11133704.","Szandruk-Bender M","J Clin Med","2022","2022/07/09","PMC9267426","","10.3390/jcm11133704"
"36422338","Role of Probiotics and Diet in the Management of Neurological Diseases and Mood States: A Review","Thangaleela S, Sivamaruthi BS, Kesika P, Chaiyasut C.","Microorganisms. 2022 Nov 15;10(11):2268. doi: 10.3390/microorganisms10112268.","Thangaleela S","Microorganisms","2022","2022/11/24","PMC9696277","","10.3390/microorganisms10112268"
"35317694","Effect of fermented foods on some neurological diseases, microbiota, behaviors: mini review","Eroğlu FE, Sanlier N.","Crit Rev Food Sci Nutr. 2023;63(26):8066-8082. doi: 10.1080/10408398.2022.2053060. Epub 2022 Mar 23.","Eroğlu FE","Crit Rev Food Sci Nutr","2023","2022/03/23","","","10.1080/10408398.2022.2053060"
"35844606","T(REG)king From Gut to Brain: The Control of Regulatory T Cells Along the Gut-Brain Axis","Choi J, Kim BR, Akuzum B, Chang L, Lee JY, Kwon HK.","Front Immunol. 2022 Jun 30;13:916066. doi: 10.3389/fimmu.2022.916066. eCollection 2022.","Choi J","Front Immunol","2022","2022/07/18","PMC9279871","","10.3389/fimmu.2022.916066"
"35600818","Network Pharmacology and Absolute Bacterial Quantification-Combined Approach to Explore the Mechanism of Tianqi Pingchan Granule Against 6-OHDA-Induced Parkinson's Disease in Rats","Liu Z, Zhao J, Yang S, Zhang Y, Song L, Wu N, Liu Z.","Front Nutr. 2022 May 6;9:836500. doi: 10.3389/fnut.2022.836500. eCollection 2022.","Liu Z","Front Nutr","2022","2022/05/23","PMC9121100","","10.3389/fnut.2022.836500"
"33050862","Engineered Probiotic and Prebiotic Nutraceutical Supplementations in Combating Non-communicable Disorders: A Review","Kerry RG, Das G, Golla U, Del Pilar Rodriguez-Torres M, Shin HS, Patra JK.","Curr Pharm Biotechnol. 2022;23(1):72-97. doi: 10.2174/1389201021666201013153142.","Kerry RG","Curr Pharm Biotechnol","2022","2020/10/14","","","10.2174/1389201021666201013153142"
"36516809","Neurotensin-Binding Immunoglobulin G in Patients with Parkinson's Disease","Muruzheva ZM, Egorov DS, Absalyamova MT, Traktirov DS, Karpenko MN, Fetissov SO.","Neuroimmunomodulation. 2023;30(1):15-27. doi: 10.1159/000527872. Epub 2022 Dec 14.","Muruzheva ZM","Neuroimmunomodulation","2023","2022/12/14","","","10.1159/000527872"
"36532064","Hypothesis of a potential BrainBiota and its relation to CNS autoimmune inflammation","Elkjaer ML, Simon L, Frisch T, Bente LM, Kacprowski T, Thomassen M, Reynolds R, Baumbach J, Röttger R, Illes Z.","Front Immunol. 2022 Dec 2;13:1043579. doi: 10.3389/fimmu.2022.1043579. eCollection 2022.","Elkjaer ML","Front Immunol","2022","2022/12/19","PMC9756883","","10.3389/fimmu.2022.1043579"
"33963284","Molecular mechanisms underlying the antidepressant actions of arketamine: beyond the NMDA receptor","Wei Y, Chang L, Hashimoto K.","Mol Psychiatry. 2022 Jan;27(1):559-573. doi: 10.1038/s41380-021-01121-1. Epub 2021 May 7.","Wei Y","Mol Psychiatry","2022","2021/05/08","PMC8960399","","10.1038/s41380-021-01121-1"
"35272713","The microbiota restrains neurodegenerative microglia in a model of amyotrophic lateral sclerosis","Cox LM, Calcagno N, Gauthier C, Madore C, Butovsky O, Weiner HL.","Microbiome. 2022 Mar 11;10(1):47. doi: 10.1186/s40168-022-01232-z.","Cox LM","Microbiome","2022","2022/03/11","PMC8915543","","10.1186/s40168-022-01232-z"
"36615279","Potential Benefits of Anthocyanins in Chronic Disorders of the Central Nervous System","Panchal SK, Brown L.","Molecules. 2022 Dec 22;28(1):80. doi: 10.3390/molecules28010080.","Panchal SK","Molecules","2022","2023/01/08","PMC9822395","","10.3390/molecules28010080"
"35610236","Probiotics synergized with conventional regimen in managing Parkinson's disease","Sun H, Zhao F, Liu Y, Ma T, Jin H, Quan K, Leng B, Zhao J, Yuan X, Li Z, Li F, Kwok LY, Zhang S, Sun Z, Zhang J, Zhang H.","NPJ Parkinsons Dis. 2022 May 24;8(1):62. doi: 10.1038/s41531-022-00327-6.","Sun H","NPJ Parkinsons Dis","2022","2022/05/24","PMC9130297","","10.1038/s41531-022-00327-6"
"35362965","Light-Sensitive Lactococcus lactis for Microbe-Gut-Brain Axis Regulating via Upconversion Optogenetic Micro-Nano System","Pan H, Sun T, Cui M, Ma N, Yang C, Liu J, Pang G, Liu B, Li L, Zhang X, Zhang W, Chang J, Wang H.","ACS Nano. 2022 Apr 26;16(4):6049-6063. doi: 10.1021/acsnano.1c11536. Epub 2022 Apr 1.","Pan H","ACS Nano","2022","2022/04/01","","","10.1021/acsnano.1c11536"
"35563197","Bacteria-Derived Protein Aggregates Contribute to the Disruption of Host Proteostasis","Walker AC, Bhargava R, Dove AS, Brust AS, Owji AA, Czyż DM.","Int J Mol Sci. 2022 Apr 27;23(9):4807. doi: 10.3390/ijms23094807.","Walker AC","Int J Mol Sci","2022","2022/05/14","PMC9103901","","10.3390/ijms23094807"
"36686268","High levels of Bifidobacteriaceae are associated with the pathogenesis of Parkinson's disease","Zuo S, Wang H, Zhao Q, Tang J, Wang M, Zhang Y, Sang M, Tian J, Wang P.","Front Integr Neurosci. 2023 Jan 4;16:1054627. doi: 10.3389/fnint.2022.1054627. eCollection 2022.","Zuo S","Front Integr Neurosci","2023","2023/01/23","PMC9846222","","10.3389/fnint.2022.1054627"
"35924055","Neuroprotective Effects of Oligosaccharides From Periplaneta Americana on Parkinson's Disease Models In Vitro and In Vivo","Liu MM, Zhou N, Jiang N, Lu KM, Wu CF, Bao JK.","Front Pharmacol. 2022 Jul 18;13:936818. doi: 10.3389/fphar.2022.936818. eCollection 2022.","Liu MM","Front Pharmacol","2022","2022/08/04","PMC9340460","","10.3389/fphar.2022.936818"
"36110534","Global trends in research on miRNA-microbiome interaction from 2011 to 2021: A bibliometric analysis","Yan XY, Yao JP, Li YQ, Zhang W, Xi MH, Chen M, Li Y.","Front Pharmacol. 2022 Aug 30;13:974741. doi: 10.3389/fphar.2022.974741. eCollection 2022.","Yan XY","Front Pharmacol","2022","2022/09/16","PMC9468484","","10.3389/fphar.2022.974741"
"36516898","Effects of molecular hydrogen intervention on the gut microbiome in methamphetamine abusers with mental disorder","Wang Y, Wang M, Xie B, Wen D, Li W, Zhou M, Wang X, Lu Y, Cong B, Ni Z, Ma C.","Brain Res Bull. 2023 Feb;193:47-58. doi: 10.1016/j.brainresbull.2022.12.003. Epub 2022 Dec 11.","Wang Y","Brain Res Bull","2023","2022/12/14","","","10.1016/j.brainresbull.2022.12.003"
"35127957","Molecular and pharmacological aspects of piperine as a potential molecule for disease prevention and management: evidence from clinical trials","Tripathi AK, Ray AK, Mishra SK.","Beni Suef Univ J Basic Appl Sci. 2022;11(1):16. doi: 10.1186/s43088-022-00196-1. Epub 2022 Jan 28.","Tripathi AK","Beni Suef Univ J Basic Appl Sci","2022","2022/02/07","PMC8796742","","10.1186/s43088-022-00196-1"
"36687704","Mechanisms of the Ping-wei-san plus herbal decoction against Parkinson's disease: Multiomics analyses","Li D, You HJ, Hu GJ, Yao RY, Xie AM, Li XY.","Front Nutr. 2023 Jan 4;9:945356. doi: 10.3389/fnut.2022.945356. eCollection 2022.","Li D","Front Nutr","2023","2023/01/23","PMC9845696","","10.3389/fnut.2022.945356"
"36466165","Mapping trends and hotspot regarding gastrointestinal microbiome and neuroscience: A bibliometric analysis of global research (2002-2022)","Yang J, Deng Y, Cai Y, Liu Y, Peng L, Luo Z, Li D.","Front Neurosci. 2022 Nov 17;16:1048565. doi: 10.3389/fnins.2022.1048565. eCollection 2022.","Yang J","Front Neurosci","2022","2022/12/05","PMC9714683","","10.3389/fnins.2022.1048565"
"35257836","Central dopaminergic control of cell proliferation in the colonic epithelium","Yu S, Peng HR, Zhang YK, Yin YQ, Zhou JW.","Neurosci Res. 2022 Jul;180:72-82. doi: 10.1016/j.neures.2022.02.006. Epub 2022 Mar 4.","Yu S","Neurosci Res","2022","2022/03/08","","","10.1016/j.neures.2022.02.006"
"34980288","Performance of distinct microbial based solutions in a Campylobacter infection challenge model in poultry","Ty M, Taha-Abdelaziz K, Demey V, Castex M, Sharif S, Parkinson J.","Anim Microbiome. 2022 Jan 3;4(1):2. doi: 10.1186/s42523-021-00157-6.","Ty M","Anim Microbiome","2022","2022/01/04","PMC8722297","","10.1186/s42523-021-00157-6"
"36216843","Fecal microbiome alterations in treatment-naive de novo Parkinson's disease","Boertien JM, Murtomäki K, Pereira PAB, van der Zee S, Mertsalmi TH, Levo R, Nojonen T, Mäkinen E, Jaakkola E, Laine P, Paulin L, Pekkonen E, Kaasinen V, Auvinen P, Scheperjans F, van Laar T; PPNN Study Group.","NPJ Parkinsons Dis. 2022 Oct 10;8(1):129. doi: 10.1038/s41531-022-00395-8.","Boertien JM","NPJ Parkinsons Dis","2022","2022/10/10","PMC9551094","","10.1038/s41531-022-00395-8"
"36742204","Effects of a probiotic suspension Symprove™ on a rat early-stage Parkinson's disease model","Sancandi M, De Caro C, Cypaite N, Marascio N, Avagliano C, De Marco C, Russo E, Constanti A, Mercer A.","Front Aging Neurosci. 2023 Jan 18;14:986127. doi: 10.3389/fnagi.2022.986127. eCollection 2022.","Sancandi M","Front Aging Neurosci","2023","2023/02/06","PMC9890174","","10.3389/fnagi.2022.986127"
"35399136","Intestinal Dopamine Receptor D2 is Required for Neuroprotection Against 1-Methyl-4-phenyl-1,2,3,6-tetrahydropyridine-induced Dopaminergic Neurodegeneration","Peng H, Yu S, Zhang Y, Yin Y, Zhou J.","Neurosci Bull. 2022 Aug;38(8):871-886. doi: 10.1007/s12264-022-00848-3. Epub 2022 Apr 11.","Peng H","Neurosci Bull","2022","2022/04/11","PMC9352842","","10.1007/s12264-022-00848-3"
"36551872","Milmed Yeast Alters the LPS-Induced M1 Microglia Cells to Form M2 Anti-Inflammatory Phenotype","Armeli F, Mengoni B, Maggi E, Mazzoni C, Preziosi A, Mancini P, Businaro R, Lenz T, Archer T.","Biomedicines. 2022 Dec 2;10(12):3116. doi: 10.3390/biomedicines10123116.","Armeli F","Biomedicines","2022","2022/12/23","PMC9776009","","10.3390/biomedicines10123116"
"35466109","Effects of Subdiaphragmatic Vagotomy in the MPTP-induced Neurotoxicity in the Striatum and Colon of Mice","Shan J, Qu Y, Zhang J, Ma L, Hashimoto K.","Clin Psychopharmacol Neurosci. 2022 May 31;20(2):389-393. doi: 10.9758/cpn.2022.20.2.389.","Shan J","Clin Psychopharmacol Neurosci","2022","2022/04/25","PMC9047999","","10.9758/cpn.2022.20.2.389"
"36168204","Agathobaculum butyriciproducens Shows Neuroprotective Effects in a 6-OHDA-Induced Mouse Model of Parkinson's Disease","Lee DW, Ryu YK, Chang DH, Park HY, Go J, Maeng SY, Hwang DY, Kim BC, Lee CH, Kim KS.","J Microbiol Biotechnol. 2022 Sep 28;32(9):1168-1177. doi: 10.4014/jmb.2205.05032. Epub 2022 Sep 5.","Lee DW","J Microbiol Biotechnol","2022","2022/09/28","PMC9628974","","10.4014/jmb.2205.05032"
"36698474","The different trends in the burden of neurological and mental disorders following dietary transition in China, the USA, and the world: An extension analysis for the Global Burden of Disease Study 2019","Liang S, Wang L, Wu X, Hu X, Wang T, Jin F.","Front Nutr. 2023 Jan 9;9:957688. doi: 10.3389/fnut.2022.957688. eCollection 2022.","Liang S","Front Nutr","2023","2023/01/26","PMC9869872","","10.3389/fnut.2022.957688"
"35127723","Human Umbilical Cord Mesenchymal Stem Cells Improve Locomotor Function in Parkinson's Disease Mouse Model Through Regulating Intestinal Microorganisms","Sun Z, Gu P, Xu H, Zhao W, Zhou Y, Zhou L, Zhang Z, Wang W, Han R, Chai X, An S.","Front Cell Dev Biol. 2022 Jan 20;9:808905. doi: 10.3389/fcell.2021.808905. eCollection 2021.","Sun Z","Front Cell Dev Biol","2022","2022/02/07","PMC8810651","","10.3389/fcell.2021.808905"
"34896331","Sodium butyrate attenuates rotenone-induced toxicity by activation of autophagy through epigenetically regulating PGC-1α expression in PC12 cells","Zhang Y, Xu S, Qian Y, He X, Mo C, Yang X, Xiao Q.","Brain Res. 2022 Feb 1;1776:147749. doi: 10.1016/j.brainres.2021.147749. Epub 2021 Dec 9.","Zhang Y","Brain Res","2022","2021/12/13","","","10.1016/j.brainres.2021.147749"
"35917710","Fecal microbiome transplantation attenuates manganese-induced neurotoxicity through regulation of the apelin signaling pathway by inhibition of autophagy in mouse brain","Liu J, Zhang X, Ta X, Luo M, Chang X, Wang H.","Ecotoxicol Environ Saf. 2022 Sep 1;242:113925. doi: 10.1016/j.ecoenv.2022.113925. Epub 2022 Jul 31.","Liu J","Ecotoxicol Environ Saf","2022","2022/08/02","","","10.1016/j.ecoenv.2022.113925"
"35243260","Akkermansia muciniphila induces mitochondrial calcium overload and α -synuclein aggregation in an enteroendocrine cell line","Amorim Neto DP, Bosque BP, Pereira de Godoy JV, Rodrigues PV, Meneses DD, Tostes K, Costa Tonoli CC, Faustino de Carvalho H, González-Billault C, de Castro Fonseca M.","iScience. 2022 Feb 11;25(3):103908. doi: 10.1016/j.isci.2022.103908. eCollection 2022 Mar 18.","Amorim Neto DP","iScience","2022","2022/03/04","PMC8881719","","10.1016/j.isci.2022.103908"
"36455673","Exercise training has a protective effect in 1-methyl-4-phenyl-1,2,3,6-tetrahydropyridine mice model with improved neural and intestinal pathology and modified intestinal flora","Wang Y, Pu Z, Zhang Y, Du Z, Guo Z, Bai Q.","Behav Brain Res. 2023 Feb 15;439:114240. doi: 10.1016/j.bbr.2022.114240. Epub 2022 Nov 28.","Wang Y","Behav Brain Res","2023","2022/12/01","","","10.1016/j.bbr.2022.114240"
"35400445","Polymannuronic acid prebiotic plus Lacticaseibacillus rhamnosus GG probiotic as a novel synbiotic promoted their separate neuroprotection against Parkinson's disease","Liu X, Du ZR, Wang X, Sun XR, Zhao Q, Zhao F, Wong WT, Wong KH, Dong XL.","Food Res Int. 2022 May;155:111067. doi: 10.1016/j.foodres.2022.111067. Epub 2022 Feb 24.","Liu X","Food Res Int","2022","2022/04/11","","","10.1016/j.foodres.2022.111067"
