﻿PMID,Title,Authors,Citation,First Author,Journal/Book,Publication Year,Create Date,PMCID,NIHMS ID,DOI
"38098067","Parkinson's disease and gut microbiota: from clinical to mechanistic and therapeutic studies","Zhang X, Tang B, Guo J.","Transl Neurodegener. 2023 Dec 15;12(1):59. doi: 10.1186/s40035-023-00392-8.","Zhang X","Transl Neurodegener","2023","2023/12/15","PMC10722742","","10.1186/s40035-023-00392-8"
"37159496","Associations between gut microbiota and Parkinson disease: A bidirectional Mendelian randomization analysis","Jiang L, Li JC, Tang BS, Guo JF.","Eur J Neurol. 2023 Nov;30(11):3471-3477. doi: 10.1111/ene.15848. Epub 2023 May 26.","Jiang L","Eur J Neurol","2023","2023/05/09","","","10.1111/ene.15848"
"37404311","Signalling cognition: the gut microbiota and hypothalamic-pituitary-adrenal axis","Rusch JA, Layden BT, Dugas LR.","Front Endocrinol (Lausanne). 2023 Jun 19;14:1130689. doi: 10.3389/fendo.2023.1130689. eCollection 2023.","Rusch JA","Front Endocrinol (Lausanne)","2023","2023/07/05","PMC10316519","","10.3389/fendo.2023.1130689"
"36593694","Gut microbiota dysbiosis in Parkinson disease: A systematic review and pooled analysis","Kleine Bardenhorst S, Cereda E, Severgnini M, Barichella M, Pezzoli G, Keshavarzian A, Desideri A, Pietrucci D, Aho VTE, Scheperjans F, Hildebrand F, Weis S, Egert M, Karch A, Vital M, Rübsamen N.","Eur J Neurol. 2023 Nov;30(11):3581-3594. doi: 10.1111/ene.15671. Epub 2023 Jan 18.","Kleine Bardenhorst S","Eur J Neurol","2023","2023/01/03","","","10.1111/ene.15671"
"36332796","Gut microbiome and Parkinson's disease: Perspective on pathogenesis and treatment","Salim S, Ahmad F, Banu A, Mohammad F.","J Adv Res. 2023 Aug;50:83-105. doi: 10.1016/j.jare.2022.10.013. Epub 2022 Nov 1.","Salim S","J Adv Res","2023","2022/11/04","PMC10403695","","10.1016/j.jare.2022.10.013"
"36816743","The Role of Gut Microbiota in Various Neurological and Psychiatric Disorders-An Evidence Mapping Based on Quantified Evidence","Zang Y, Lai X, Li C, Ding D, Wang Y, Zhu Y.","Mediators Inflamm. 2023 Feb 8;2023:5127157. doi: 10.1155/2023/5127157. eCollection 2023.","Zang Y","Mediators Inflamm","2023","2023/02/23","PMC9936509","","10.1155/2023/5127157"
"37368331","Gut Microbiota and Its Repercussion in Parkinson's Disease: A Systematic Review in Occidental Patients","Proano AC, Viteri JA, Orozco EN, Calle MA, Costa SC, Reyes DV, German-Montenegro M, Moncayo DF, Tobar AC, Moncayo JA.","Neurol Int. 2023 Jun 13;15(2):750-763. doi: 10.3390/neurolint15020047.","Proano AC","Neurol Int","2023","2023/06/27","PMC10300807","","10.3390/neurolint15020047"
"37892440","Gut Microbiota Composition in Patients with Neurodegenerative Disorders (Parkinson's and Alzheimer's) and Healthy Controls: A Systematic Review","Heravi FS, Naseri K, Hu H.","Nutrients. 2023 Oct 13;15(20):4365. doi: 10.3390/nu15204365.","Heravi FS","Nutrients","2023","2023/10/28","PMC10609969","","10.3390/nu15204365"
"37208728","Dysbiosis of gut microbiota inhibits NMNAT2 to promote neurobehavioral deficits and oxidative stress response in the 6-OHDA-lesioned rat model of Parkinson's disease","Yu J, Meng J, Qin Z, Yu Y, Liang Y, Wang Y, Min D.","J Neuroinflammation. 2023 May 19;20(1):117. doi: 10.1186/s12974-023-02782-1.","Yu J","J Neuroinflammation","2023","2023/05/19","PMC10199500","","10.1186/s12974-023-02782-1"
"38088063","Gut microbiota defined epigenomes of Alzheimer's and Parkinson's diseases reveal novel targets for therapy","Nohesara S, Abdolmaleky HM, Thiagalingam S, Zhou JR.","Epigenomics. 2024 Jan;16(1):57-77. doi: 10.2217/epi-2023-0342. Epub 2023 Dec 13.","Nohesara S","Epigenomics","2024","2023/12/13","PMC10804213","","10.2217/epi-2023-0342"
"37600019","The gut microbiota-brain axis in neurological disorder","Ullah H, Arbab S, Tian Y, Liu CQ, Chen Y, Qijie L, Khan MIU, Hassan IU, Li K.","Front Neurosci. 2023 Aug 4;17:1225875. doi: 10.3389/fnins.2023.1225875. eCollection 2023.","Ullah H","Front Neurosci","2023","2023/08/21","PMC10436500","","10.3389/fnins.2023.1225875"
"37913731","Flavonoids: Their putative neurologic roles, epigenetic changes, and gut microbiota alterations in Parkinson's disease","Açar Y, Ağagündüz D, De Cicco P, Capasso R.","Biomed Pharmacother. 2023 Dec;168:115788. doi: 10.1016/j.biopha.2023.115788. Epub 2023 Oct 31.","Açar Y","Biomed Pharmacother","2023","2023/11/01","","","10.1016/j.biopha.2023.115788"
"37823531","Role of Bmal1 and Gut Microbiota in Alzheimer's Disease and Parkinson's Disease Pathophysiology: The Probable Effect of Melatonin on Their Association","Khezri MR, Esmaeili A, Ghasemnejad-Berenji M.","ACS Chem Neurosci. 2023 Nov 1;14(21):3883-3893. doi: 10.1021/acschemneuro.3c00418. Epub 2023 Oct 12.","Khezri MR","ACS Chem Neurosci","2023","2023/10/12","","","10.1021/acschemneuro.3c00418"
"36934020","Oral and intestinal dysbiosis in Parkinson's disease","Berthouzoz E, Lazarevic V, Zekeridou A, Castro M, Debove I, Aybek S, Schrenzel J, Burkhard PR, Fleury V.","Rev Neurol (Paris). 2023 Nov;179(9):937-946. doi: 10.1016/j.neurol.2022.12.010. Epub 2023 Mar 16.","Berthouzoz E","Rev Neurol (Paris)","2023","2023/03/18","","","10.1016/j.neurol.2022.12.010"
"36284437","Gut bacterial profiles in Parkinson's disease: A systematic review","Li Z, Liang H, Hu Y, Lu L, Zheng C, Fan Y, Wu B, Zou T, Luo X, Zhang X, Zeng Y, Liu Z, Zhou Z, Yue Z, Ren Y, Li Z, Su Q, Xu P.","CNS Neurosci Ther. 2023 Jan;29(1):140-157. doi: 10.1111/cns.13990. Epub 2022 Oct 25.","Li Z","CNS Neurosci Ther","2023","2022/10/26","PMC9804059","","10.1111/cns.13990"
"37967548","Gut Frailty: Its Concept and Pathogenesis","Naito Y.","Digestion. 2024;105(1):49-57. doi: 10.1159/000534733. Epub 2023 Nov 15.","Naito Y","Digestion","2024","2023/11/15","PMC10777716","","10.1159/000534733"
"38173790","Multidirectional associations between the gut microbiota and Parkinson's disease, updated information from the perspectives of humoral pathway, cellular immune pathway and neuronal pathway","Jia X, Chen Q, Zhang Y, Asakawa T.","Front Cell Infect Microbiol. 2023 Dec 15;13:1296713. doi: 10.3389/fcimb.2023.1296713. eCollection 2023.","Jia X","Front Cell Infect Microbiol","2023","2024/01/04","PMC10762314","","10.3389/fcimb.2023.1296713"
"37130861","Gut microbiome dysbiosis across early Parkinson's disease, REM sleep behavior disorder and their first-degree relatives","Huang B, Chau SWH, Liu Y, Chan JWY, Wang J, Ma SL, Zhang J, Chan PKS, Yeoh YK, Chen Z, Zhou L, Wong SH, Mok VCT, To KF, Lai HM, Ng S, Trenkwalder C, Chan FKL, Wing YK.","Nat Commun. 2023 May 2;14(1):2501. doi: 10.1038/s41467-023-38248-4.","Huang B","Nat Commun","2023","2023/05/02","PMC10154387","","10.1038/s41467-023-38248-4"
"37960284","Understanding the Gut-Brain Axis and Its Therapeutic Implications for Neurodegenerative Disorders","Zheng Y, Bonfili L, Wei T, Eleuteri AM.","Nutrients. 2023 Oct 31;15(21):4631. doi: 10.3390/nu15214631.","Zheng Y","Nutrients","2023","2023/11/14","PMC10648099","","10.3390/nu15214631"
"37298527","Neurodegenerative and Neurodevelopmental Diseases and the Gut-Brain Axis: The Potential of Therapeutic Targeting of the Microbiome","Bicknell B, Liebert A, Borody T, Herkes G, McLachlan C, Kiat H.","Int J Mol Sci. 2023 May 31;24(11):9577. doi: 10.3390/ijms24119577.","Bicknell B","Int J Mol Sci","2023","2023/06/10","PMC10253993","","10.3390/ijms24119577"
"37179826","Mitochondria: It is all about energy","Casanova A, Wevers A, Navarro-Ledesma S, Pruimboom L.","Front Physiol. 2023 Apr 25;14:1114231. doi: 10.3389/fphys.2023.1114231. eCollection 2023.","Casanova A","Front Physiol","2023","2023/05/14","PMC10167337","","10.3389/fphys.2023.1114231"
"37619773","The role of the indoles in microbiota-gut-brain axis and potential therapeutic targets: A focus on human neurological and neuropsychiatric diseases","Zhou Y, Chen Y, He H, Peng M, Zeng M, Sun H.","Neuropharmacology. 2023 Nov 15;239:109690. doi: 10.1016/j.neuropharm.2023.109690. Epub 2023 Aug 22.","Zhou Y","Neuropharmacology","2023","2023/08/24","","","10.1016/j.neuropharm.2023.109690"
"37389240","Epidemiology of small intestinal bacterial overgrowth","Efremova I, Maslennikov R, Poluektova E, Vasilieva E, Zharikov Y, Suslov A, Letyagina Y, Kozlov E, Levshina A, Ivashkin V.","World J Gastroenterol. 2023 Jun 14;29(22):3400-3421. doi: 10.3748/wjg.v29.i22.3400.","Efremova I","World J Gastroenterol","2023","2023/06/30","PMC10303511","","10.3748/wjg.v29.i22.3400"
"37798034","Safety and feasibility of faecal microbiota transplantation for patients with Parkinson's disease: a protocol for a self-controlled interventional donor-FMT pilot study","Vendrik KE, Chernova VO, Kuijper EJ, Terveer EM, van Hilten JJ, Contarino MF; FMT4PD study group.","BMJ Open. 2023 Oct 5;13(10):e071766. doi: 10.1136/bmjopen-2023-071766.","Vendrik KE","BMJ Open","2023","2023/10/05","PMC10565159","","10.1136/bmjopen-2023-071766"
"36334596","The intestinal barrier in disorders of the central nervous system","Pellegrini C, Fornai M, D'Antongiovanni V, Antonioli L, Bernardini N, Derkinderen P.","Lancet Gastroenterol Hepatol. 2023 Jan;8(1):66-80. doi: 10.1016/S2468-1253(22)00241-2. Epub 2022 Nov 2.","Pellegrini C","Lancet Gastroenterol Hepatol","2023","2022/11/05","","","10.1016/S2468-1253(22)00241-2"
"38057970","Efficacy of fecal microbiota transplantation in patients with Parkinson's disease: clinical trial results from a randomized, placebo-controlled design","Cheng Y, Tan G, Zhu Q, Wang C, Ruan G, Ying S, Qie J, Hu X, Xiao Z, Xu F, Chen L, Chen M, Pei Y, Zhang H, Tian Y, Chen D, Liu X, Huang H, Wei Y.","Gut Microbes. 2023 Dec;15(2):2284247. doi: 10.1080/19490976.2023.2284247. Epub 2023 Dec 6.","Cheng Y","Gut Microbes","2023","2023/12/07","PMC10841011","","10.1080/19490976.2023.2284247"
"37798868","Erythrocytic α-Synuclein and the Gut Microbiome: Kindling of the Gut-Brain Axis in Parkinson's Disease","Yang Y, Stewart T, Zhang C, Wang P, Xu Z, Jin J, Huang Y, Liu Z, Lan G, Liang X, Sheng L, Shi M, Cai Z, Zhang J.","Mov Disord. 2024 Jan;39(1):40-52. doi: 10.1002/mds.29620. Epub 2023 Oct 5.","Yang Y","Mov Disord","2024","2023/10/06","","","10.1002/mds.29620"
"37492530","Akkermansia muciniphila in neuropsychiatric disorders: friend or foe?","Lei W, Cheng Y, Gao J, Liu X, Shao L, Kong Q, Zheng N, Ling Z, Hu W.","Front Cell Infect Microbiol. 2023 Jul 10;13:1224155. doi: 10.3389/fcimb.2023.1224155. eCollection 2023.","Lei W","Front Cell Infect Microbiol","2023","2023/07/26","PMC10363720","","10.3389/fcimb.2023.1224155"
"36881358","Meta-analysis of the relations between gut microbiota and pathogens and Parkinson's disease","Zhou S, Li B, Deng Y, Yi J, Mao G, Wang R, Zeng W, Liu B, Wu D, Liu F.","Adv Clin Exp Med. 2023 Jun;32(6):613-621. doi: 10.17219/acem/157193.","Zhou S","Adv Clin Exp Med","2023","2023/03/07","","","10.17219/acem/157193"
"37515687","Gut microbiota bridges the iron homeostasis and host health","Xiao L, Tang R, Wang J, Wan D, Yin Y, Xie L.","Sci China Life Sci. 2023 Sep;66(9):1952-1975. doi: 10.1007/s11427-022-2302-5. Epub 2023 Jul 27.","Xiao L","Sci China Life Sci","2023","2023/07/29","","","10.1007/s11427-022-2302-5"
"37346870","Gut Microbiota and Neuropsychiatric Disorders","Bidaki R, Hekmati Moghaddam SH, Sadeh M.","Basic Clin Neurosci. 2023 Jan-Feb;14(1):167-170. doi: 10.32598/bcn.2021.3220.1. Epub 2023 Jan 1.","Bidaki R","Basic Clin Neurosci","2023","2023/06/22","PMC10279994","","10.32598/bcn.2021.3220.1"
"37375679","New Pieces for an Old Puzzle: Approaching Parkinson's Disease from Translatable Animal Models, Gut Microbiota Modulation, and Lipidomics","Ortega Moreno L, Bagues A, Martínez V, Abalo R.","Nutrients. 2023 Jun 16;15(12):2775. doi: 10.3390/nu15122775.","Ortega Moreno L","Nutrients","2023","2023/06/28","PMC10302771","","10.3390/nu15122775"
"36958817","Faecal metabolome and its determinants in inflammatory bowel disease","Vich Vila A, Hu S, Andreu-Sánchez S, Collij V, Jansen BH, Augustijn HE, Bolte LA, Ruigrok RAAA, Abu-Ali G, Giallourakis C, Schneider J, Parkinson J, Al-Garawi A, Zhernakova A, Gacesa R, Fu J, Weersma RK.","Gut. 2023 Aug;72(8):1472-1485. doi: 10.1136/gutjnl-2022-328048. Epub 2023 Mar 23.","Vich Vila A","Gut","2023","2023/03/23","PMC10359577","","10.1136/gutjnl-2022-328048"
"38176929","Research Progress of Microbiota-Gut-Brain Axis in Parkinson's Disease","Zhang W, Ye Y, Song J, Sang T, Xia T, Xie L, Qiu X, Zeng Q, Luo X.","J Integr Neurosci. 2023 Oct 30;22(6):157. doi: 10.31083/j.jin2206157.","Zhang W","J Integr Neurosci","2023","2024/01/04","","","10.31083/j.jin2206157"
"37690584","An updated overview on the relationship between human gut microbiome dysbiosis and psychiatric and psychological disorders","Borrego-Ruiz A, Borrego JJ.","Prog Neuropsychopharmacol Biol Psychiatry. 2024 Jan 10;128:110861. doi: 10.1016/j.pnpbp.2023.110861. Epub 2023 Sep 9.","Borrego-Ruiz A","Prog Neuropsychopharmacol Biol Psychiatry","2024","2023/09/10","","","10.1016/j.pnpbp.2023.110861"
"38097625","Plasma metabolites of aromatic amino acids associate with clinical severity and gut microbiota of Parkinson's disease","Chen SJ, Wu YJ, Chen CC, Wu YW, Liou JM, Wu MS, Kuo CH, Lin CH.","NPJ Parkinsons Dis. 2023 Dec 14;9(1):165. doi: 10.1038/s41531-023-00612-y.","Chen SJ","NPJ Parkinsons Dis","2023","2023/12/14","PMC10721883","","10.1038/s41531-023-00612-y"
"37490970","The Role of Gut Microbiota in Glaucoma Progression and Other Retinal Diseases","Chen J, Chen DF, Cho KS.","Am J Pathol. 2023 Nov;193(11):1662-1668. doi: 10.1016/j.ajpath.2023.06.015. Epub 2023 Jul 23.","Chen J","Am J Pathol","2023","2023/07/25","PMC10616709","","10.1016/j.ajpath.2023.06.015"
"37388445","Curcumin alleviates 1-methyl- 4-phenyl- 1,2,3,6-tetrahydropyridine- induced Parkinson's disease in mice via modulating gut microbiota and short-chain fatty acids","Cai B, Zhong L, Wang Q, Xu W, Li X, Chen T.","Front Pharmacol. 2023 Jun 14;14:1198335. doi: 10.3389/fphar.2023.1198335. eCollection 2023.","Cai B","Front Pharmacol","2023","2023/06/30","PMC10303117","","10.3389/fphar.2023.1198335"
"37121952","Connecting the Gut Microbiota and Neurodegenerative Diseases: the Role of Bile Acids","Wang S, Xu C, Liu H, Wei W, Zhou X, Qian H, Zhou L, Zhang H, Wu L, Zhu C, Yang Y, He L, Li K.","Mol Neurobiol. 2023 Aug;60(8):4618-4640. doi: 10.1007/s12035-023-03340-9. Epub 2023 May 1.","Wang S","Mol Neurobiol","2023","2023/04/30","","","10.1007/s12035-023-03340-9"
"35730414","The role of nutrition on Parkinson's disease: a systematic review","Bianchi VE, Rizzi L, Somaa F.","Nutr Neurosci. 2023 Jul;26(7):605-628. doi: 10.1080/1028415X.2022.2073107. Epub 2022 Jun 22.","Bianchi VE","Nutr Neurosci","2023","2022/06/22","","","10.1080/1028415X.2022.2073107"
"37423520","Alterations of gut microbiota and its correlation with the liver metabolome in the process of ameliorating Parkinson's disease with Buyang Huanwu decoction","Hu J, Li P, Zhao H, Ji P, Yang Y, Ma J, Zhao X.","J Ethnopharmacol. 2024 Jan 10;318(Pt A):116893. doi: 10.1016/j.jep.2023.116893. Epub 2023 Jul 7.","Hu J","J Ethnopharmacol","2024","2023/07/09","","","10.1016/j.jep.2023.116893"
"37819112","Gut microbiota-associated taurine metabolism dysregulation in a mouse model of Parkinson's disease","Cui C, Song H, Han Y, Yu H, Li H, Yang Y, Zhang B.","mSphere. 2023 Dec 20;8(6):e0043123. doi: 10.1128/msphere.00431-23. Epub 2023 Oct 11.","Cui C","mSphere","2023","2023/10/11","PMC10732050","","10.1128/msphere.00431-23"
"37736791","The link between the gut microbiome, inflammation, and Parkinson's disease","Nie S, Ge Y.","Appl Microbiol Biotechnol. 2023 Nov;107(22):6737-6749. doi: 10.1007/s00253-023-12789-6. Epub 2023 Sep 22.","Nie S","Appl Microbiol Biotechnol","2023","2023/09/22","","","10.1007/s00253-023-12789-6"
"37620311","Gut microbiota and fecal short chain fatty acids differ with adiposity and country of origin: the METS-microbiome study","Ecklu-Mensah G, Choo-Kang C, Maseng MG, Donato S, Bovet P, Viswanathan B, Bedu-Addo K, Plange-Rhule J, Oti Boateng P, Forrester TE, Williams M, Lambert EV, Rae D, Sinyanya N, Luke A, Layden BT, O'Keefe S, Gilbert JA, Dugas LR.","Nat Commun. 2023 Aug 24;14(1):5160. doi: 10.1038/s41467-023-40874-x.","Ecklu-Mensah G","Nat Commun","2023","2023/08/24","PMC10449869","","10.1038/s41467-023-40874-x"
"37807941","The gut microbiota metabolite butyrate mitigates MPTP/MPP(+) -induced Parkinson's disease by inhibiting the JAK2/STAT3 signaling pathway","Ji LL, Huang TT, Mao LL, Xu YF, Chen WY, Wang WW, Wang LH.","Kaohsiung J Med Sci. 2023 Oct;39(10):1002-1010. doi: 10.1002/kjm2.12745.","Ji LL","Kaohsiung J Med Sci","2023","2023/10/09","","","10.1002/kjm2.12745"
"37332996","A review of studies on gut microbiota and levodopa metabolism","Zhong Z, Ye M, Yan F.","Front Neurol. 2023 Jun 2;14:1046910. doi: 10.3389/fneur.2023.1046910. eCollection 2023.","Zhong Z","Front Neurol","2023","2023/06/19","PMC10272754","","10.3389/fneur.2023.1046910"
"37502423","Exploring the alteration of gut microbiota and brain function in gender-specific Parkinson's disease based on metagenomic sequencing","Zhang M, Zhai Z, Yang B, He L, Wang J, Dai W, Xue L, Yang X, Feng Y, Wang H.","Front Aging Neurosci. 2023 Jul 12;15:1148546. doi: 10.3389/fnagi.2023.1148546. eCollection 2023.","Zhang M","Front Aging Neurosci","2023","2023/07/28","PMC10370496","","10.3389/fnagi.2023.1148546"
"38237261","Rubusoside mitigates neuroinflammation and cellular apoptosis in Parkinson's disease, and alters gut microbiota and metabolite composition","Meng T, Zhang Y, Huang J, Pandey V, Fu S, Ma S.","Phytomedicine. 2024 Feb;124:155309. doi: 10.1016/j.phymed.2023.155309. Epub 2023 Dec 20.","Meng T","Phytomedicine","2024","2024/01/18","","","10.1016/j.phymed.2023.155309"
"38022117","The Role of Gut Microbiota in Neurodegenerative Diseases: Current Insights and Therapeutic Implications","Jain A, Madkan S, Patil P.","Cureus. 2023 Oct 28;15(10):e47861. doi: 10.7759/cureus.47861. eCollection 2023 Oct.","Jain A","Cureus","2023","2023/11/29","PMC10680305","","10.7759/cureus.47861"
"37200942","Ketogenic diet protects MPTP-induced mouse model of Parkinson's disease via altering gut microbiota and metabolites","Jiang Z, Wang X, Zhang H, Yin J, Zhao P, Yin Q, Wang Z.","MedComm (2020). 2023 May 16;4(3):e268. doi: 10.1002/mco2.268. eCollection 2023 Jun.","Jiang Z","MedComm (2020)","2023","2023/05/18","PMC10186339","","10.1002/mco2.268"
"37228957","The microbiota-gut-brain axis and three common neurological disorders: a mini-review","Mhanna A, Alshehabi Z.","Ann Med Surg (Lond). 2023 Apr 1;85(5):1780-1783. doi: 10.1097/MS9.0000000000000552. eCollection 2023 May.","Mhanna A","Ann Med Surg (Lond)","2023","2023/05/25","PMC10205337","","10.1097/MS9.0000000000000552"
"37323141","Effects of gut microbiota on neurodegenerative diseases","Khatoon S, Kalam N, Rashid S, Bano G.","Front Aging Neurosci. 2023 May 30;15:1145241. doi: 10.3389/fnagi.2023.1145241. eCollection 2023.","Khatoon S","Front Aging Neurosci","2023","2023/06/16","PMC10268008","","10.3389/fnagi.2023.1145241"
"37340511","Parkinson's disease: Are gut microbes involved?","Omotosho AO, Tajudeen YA, Oladipo HJ, Yusuff SI, AbdulKadir M, Muili AO, Egbewande OM, Yusuf RO, Faniran ZO, Afolabi AO, El-Sherbini MS.","Brain Behav. 2023 Aug;13(8):e3130. doi: 10.1002/brb3.3130. Epub 2023 Jun 20.","Omotosho AO","Brain Behav","2023","2023/06/20","PMC10454343","","10.1002/brb3.3130"
"36692876","Causal effect of gut-microbiota-derived metabolite trimethylamine N-oxide on Parkinson's disease: A Mendelian randomization study","Zhou H, Luo Y, Zhang W, Xie F, Deng C, Zheng W, Zhu S, Wang Q.","Eur J Neurol. 2023 Nov;30(11):3451-3461. doi: 10.1111/ene.15702. Epub 2023 Feb 8.","Zhou H","Eur J Neurol","2023","2023/01/24","","","10.1111/ene.15702"
"36750613","Gut microbiota of Parkinson's disease in an appendectomy cohort: a preliminary study","Nakahara K, Nakane S, Ishii K, Ikeda T, Ando Y.","Sci Rep. 2023 Feb 7;13(1):2210. doi: 10.1038/s41598-023-29219-2.","Nakahara K","Sci Rep","2023","2023/02/07","PMC9905566","","10.1038/s41598-023-29219-2"
"35965446","The gut microbiome and cognition in Parkinson's disease: a systematic review","Grant H, Anderton R, Gasson N, Lawrence BJ.","Nutr Neurosci. 2023 Oct;26(10):932-941. doi: 10.1080/1028415X.2022.2110189. Epub 2022 Aug 13.","Grant H","Nutr Neurosci","2023","2022/08/15","","","10.1080/1028415X.2022.2110189"
"38127816","Autophagic dysfunction and gut microbiota dysbiosis cause chronic immune activation in a Drosophila model of Gaucher disease","Atilano ML, Hull A, Romila CA, Adams ML, Wildfire J, Ureña E, Dyson M, Ivan-Castillo-Quan J, Partridge L, Kinghorn KJ.","PLoS Genet. 2023 Dec 21;19(12):e1011063. doi: 10.1371/journal.pgen.1011063. eCollection 2023 Dec.","Atilano ML","PLoS Genet","2023","2023/12/21","PMC10734978","","10.1371/journal.pgen.1011063"
"37334756","Fibroblast growth factor 21 ameliorates behavior deficits in Parkinson's disease mouse model via modulating gut microbiota and metabolic homeostasis","Yang C, Wang W, Deng P, Wang X, Zhu L, Zhao L, Li C, Gao H.","CNS Neurosci Ther. 2023 Dec;29(12):3815-3828. doi: 10.1111/cns.14302. Epub 2023 Jun 19.","Yang C","CNS Neurosci Ther","2023","2023/06/19","PMC10651963","","10.1111/cns.14302"
"38357211","Gut microbiota and metabolite variations in a migraine mouse model","Wang D, Liu X, Shi S, Ren T, Wang W.","Front Cell Infect Microbiol. 2024 Jan 31;13:1322059. doi: 10.3389/fcimb.2023.1322059. eCollection 2023.","Wang D","Front Cell Infect Microbiol","2024","2024/02/15","PMC10864585","","10.3389/fcimb.2023.1322059"
"37323145","Therapies for Parkinson's disease and the gut microbiome: evidence for bidirectional connection","Hey G, Nair N, Klann E, Gurrala A, Safarpour D, Mai V, Ramirez-Zamora A, Vedam-Mai V.","Front Aging Neurosci. 2023 May 30;15:1151850. doi: 10.3389/fnagi.2023.1151850. eCollection 2023.","Hey G","Front Aging Neurosci","2023","2023/06/16","PMC10261989","","10.3389/fnagi.2023.1151850"
"37049578","Lactobacillus plantarum CCFM405 against Rotenone-Induced Parkinson's Disease Mice via Regulating Gut Microbiota and Branched-Chain Amino Acids Biosynthesis","Chu C, Yu L, Li Y, Guo H, Zhai Q, Chen W, Tian F.","Nutrients. 2023 Apr 1;15(7):1737. doi: 10.3390/nu15071737.","Chu C","Nutrients","2023","2023/04/13","PMC10096885","","10.3390/nu15071737"
"36761177","Sodium butyrate ameliorates gut dysfunction and motor deficits in a mouse model of Parkinson's disease by regulating gut microbiota","Zhang Y, Xu S, Qian Y, Mo C, Ai P, Yang X, Xiao Q.","Front Aging Neurosci. 2023 Jan 25;15:1099018. doi: 10.3389/fnagi.2023.1099018. eCollection 2023.","Zhang Y","Front Aging Neurosci","2023","2023/02/10","PMC9905700","","10.3389/fnagi.2023.1099018"
"37460569","Association of fecal short-chain fatty acids with clinical severity and gut microbiota in essential tremor and its difference from Parkinson's disease","Huang P, Zhang P, Du J, Gao C, Liu J, Tan Y, Chen S.","NPJ Parkinsons Dis. 2023 Jul 17;9(1):115. doi: 10.1038/s41531-023-00554-5.","Huang P","NPJ Parkinsons Dis","2023","2023/07/17","PMC10352256","","10.1038/s41531-023-00554-5"
"37754772","The impact of Parkinson's disease-associated gut microbiota on the transcriptome in Drosophila","Liu X, Yang M, Liu R, Zhou F, Zhu H, Wang X.","Microbiol Spectr. 2023 Sep 27;11(5):e0017623. doi: 10.1128/spectrum.00176-23. Online ahead of print.","Liu X","Microbiol Spectr","2023","2023/09/27","PMC10581176","","10.1128/spectrum.00176-23"
"37863655","Regulation of Pain Perception by Microbiota in Parkinson Disease","Manjarres Z, Calvo M, Pacheco R.","Pharmacol Rev. 2023 Dec 15;76(1):7-36. doi: 10.1124/pharmrev.122.000674.","Manjarres Z","Pharmacol Rev","2023","2023/10/20","","","10.1124/pharmrev.122.000674"
"35830286","Gut microbiota: a new insight into neurological diseases","Liu L, Wang H, Chen X, Xie P.","Chin Med J (Engl). 2023 Jun 5;136(11):1261-1277. doi: 10.1097/CM9.0000000000002212.","Liu L","Chin Med J (Engl)","2023","2022/07/13","PMC10309523","","10.1097/CM9.0000000000002212"
"36839287","Neuroprotective Effects of Sodium Butyrate by Restoring Gut Microbiota and Inhibiting TLR4 Signaling in Mice with MPTP-Induced Parkinson's Disease","Guo TT, Zhang Z, Sun Y, Zhu RY, Wang FX, Ma LJ, Jiang L, Liu HD.","Nutrients. 2023 Feb 13;15(4):930. doi: 10.3390/nu15040930.","Guo TT","Nutrients","2023","2023/02/25","PMC9960062","","10.3390/nu15040930"
"37418977","Low and high doses of oral maslinic acid protect against Parkinson's disease via distinct gut microbiota-related mechanisms","Cao X, Du ZR, Liu X, Wang X, Li C, Zhou SN, Liu JR, Xu PY, Ye JL, Zhao Q, Zhao F, Wong KH, Dong XL.","Biomed Pharmacother. 2023 Sep;165:115100. doi: 10.1016/j.biopha.2023.115100. Epub 2023 Jul 6.","Cao X","Biomed Pharmacother","2023","2023/07/07","","","10.1016/j.biopha.2023.115100"
"37774944","Gut-muscle-brain axis: Molecular mechanisms in neurodegenerative disorders and potential therapeutic efficacy of probiotic supplementation coupled with exercise","Morella I, Negro M, Dossena M, Brambilla R, D'Antona G.","Neuropharmacology. 2023 Dec 1;240:109718. doi: 10.1016/j.neuropharm.2023.109718. Epub 2023 Sep 27.","Morella I","Neuropharmacology","2023","2023/09/29","","","10.1016/j.neuropharm.2023.109718"
"36901907","What the Gut Tells the Brain-Is There a Link between Microbiota and Huntington's Disease?","Wronka D, Karlik A, Misiorek JO, Przybyl L.","Int J Mol Sci. 2023 Feb 24;24(5):4477. doi: 10.3390/ijms24054477.","Wronka D","Int J Mol Sci","2023","2023/03/11","PMC10003333","","10.3390/ijms24054477"
"37470081","Effect of Lacticaseibacillus paracasei strain Shirota supplementation on clinical responses and gut microbiome in Parkinson's disease","Yang X, He X, Xu S, Zhang Y, Mo C, Lai Y, Song Y, Yan Z, Ai P, Qian Y, Xiao Q.","Food Funct. 2023 Jul 31;14(15):6828-6839. doi: 10.1039/d3fo00728f.","Yang X","Food Funct","2023","2023/07/20","","","10.1039/d3fo00728f"
"37693045","Neuroprotective effects of an engineered Escherichia coli Nissle 1917 on Parkinson's disease in mice by delivering GLP-1 and modulating gut microbiota","Wu H, Wei J, Zhao X, Liu Y, Chen Z, Wei K, Lu J, Chen W, Jiang M, Li S, Chen T.","Bioeng Transl Med. 2022 Jun 18;8(5):e10351. doi: 10.1002/btm2.10351. eCollection 2023 Sep.","Wu H","Bioeng Transl Med","2022","2023/09/11","PMC10487327","","10.1002/btm2.10351"
"38098666","Exploring the role of gut microbiota in advancing personalized medicine","Huang G, Khan R, Zheng Y, Lee PC, Li Q, Khan I.","Front Microbiol. 2023 Nov 30;14:1274925. doi: 10.3389/fmicb.2023.1274925. eCollection 2023.","Huang G","Front Microbiol","2023","2023/12/15","PMC10720646","","10.3389/fmicb.2023.1274925"
"36182642","Gut-oriented disease modifying therapy for Parkinson's disease","Lin CH, Lai HC, Wu MS.","J Formos Med Assoc. 2023 Jan;122(1):9-18. doi: 10.1016/j.jfma.2022.09.010. Epub 2022 Sep 29.","Lin CH","J Formos Med Assoc","2023","2022/10/01","","","10.1016/j.jfma.2022.09.010"
"37787835","The gut microbiome: an important role in neurodegenerative diseases and their therapeutic advances","Li S, Zhao L, Xiao J, Guo Y, Fu R, Zhang Y, Xu S.","Mol Cell Biochem. 2024 Sep;479(9):2217-2243. doi: 10.1007/s11010-023-04853-6. Epub 2023 Oct 3.","Li S","Mol Cell Biochem","2024","2023/10/03","","","10.1007/s11010-023-04853-6"
"37147392","Gastrointestinal disorders in Parkinson's disease and other Lewy body diseases","Hirayama M, Nishiwaki H, Hamaguchi T, Ohno K.","NPJ Parkinsons Dis. 2023 May 5;9(1):71. doi: 10.1038/s41531-023-00511-2.","Hirayama M","NPJ Parkinsons Dis","2023","2023/05/05","PMC10160728","","10.1038/s41531-023-00511-2"
"36719617","Altered gut microbiota in patients with idiopathic Parkinson's disease: an age-sex matched case-control study","Babacan Yildiz G, Kayacan ZC, Karacan I, Sumbul B, Elibol B, Gelisin O, Akgul O.","Acta Neurol Belg. 2023 Jun;123(3):999-1009. doi: 10.1007/s13760-023-02195-0. Epub 2023 Jan 31.","Babacan Yildiz G","Acta Neurol Belg","2023","2023/01/31","","","10.1007/s13760-023-02195-0"
"37047769","Neuroprotective Effects of Lactobacillus plantarum PS128 in a Mouse Model of Parkinson's Disease: The Role of Gut Microbiota and MicroRNAs","Lee YZ, Cheng SH, Chang MY, Lin YF, Wu CC, Tsai YC.","Int J Mol Sci. 2023 Apr 5;24(7):6794. doi: 10.3390/ijms24076794.","Lee YZ","Int J Mol Sci","2023","2023/04/13","PMC10095543","","10.3390/ijms24076794"
"37897083","Gut microbiota-derived short chain fatty acids act as mediators of the gut-brain axis targeting age-related neurodegenerative disorders: a narrative review","Guo B, Zhang J, Zhang W, Chen F, Liu B.","Crit Rev Food Sci Nutr. 2023 Oct 27:1-22. doi: 10.1080/10408398.2023.2272769. Online ahead of print.","Guo B","Crit Rev Food Sci Nutr","2023","2023/10/28","","","10.1080/10408398.2023.2272769"
"37719758","Acupuncture for Parkinson's disease-related constipation: current evidence and perspectives","Zhang J, Ge X, Zhang K, Qi Y, Ren S, Zhai X.","Front Neurol. 2023 Aug 31;14:1253874. doi: 10.3389/fneur.2023.1253874. eCollection 2023.","Zhang J","Front Neurol","2023","2023/09/18","PMC10501389","","10.3389/fneur.2023.1253874"
"37571393","Underlying Mechanisms of Brain Aging and Neurodegenerative Diseases as Potential Targets for Preventive or Therapeutic Strategies Using Phytochemicals","Abdolmaleky HM, Zhou JR.","Nutrients. 2023 Aug 4;15(15):3456. doi: 10.3390/nu15153456.","Abdolmaleky HM","Nutrients","2023","2023/08/12","PMC10473240","","10.3390/nu15153456"
"36093695","Benefits of Gut Microbiota Reconstitution by Beta 1,3-1,6 Glucans in Subjects with Autism Spectrum Disorder and Other Neurodegenerative Diseases","Raghavan K, Dedeepiya VD, Yamamoto N, Ikewaki N, Sonoda T, Iwasaki M, Kandaswamy RS, Senthilkumar R, Preethy S, Abraham SJK.","J Alzheimers Dis. 2023;94(s1):S241-S252. doi: 10.3233/JAD-220388.","Raghavan K","J Alzheimers Dis","2023","2022/09/12","PMC10473118","","10.3233/JAD-220388"
"37150399","Differences in the gut microbiome across typical ageing and in Parkinson's disease","Nuzum ND, Szymlek-Gay EA, Loke S, Dawson SL, Teo WP, Hendy AM, Loughman A, Macpherson H.","Neuropharmacology. 2023 Sep 1;235:109566. doi: 10.1016/j.neuropharm.2023.109566. Epub 2023 May 5.","Nuzum ND","Neuropharmacology","2023","2023/05/07","","","10.1016/j.neuropharm.2023.109566"
"37508017","Urolithin A in Health and Diseases: Prospects for Parkinson's Disease Management","Wojciechowska O, Kujawska M.","Antioxidants (Basel). 2023 Jul 24;12(7):1479. doi: 10.3390/antiox12071479.","Wojciechowska O","Antioxidants (Basel)","2023","2023/07/29","PMC10376282","","10.3390/antiox12071479"
"36757367","Targeting the gut-microbiota-brain axis in irritable bowel disease to improve cognitive function - recent knowledge and emerging therapeutic opportunities","Tang H, Chen X, Huang S, Yin G, Wang X, Shen G.","Rev Neurosci. 2023 Feb 10;34(7):763-773. doi: 10.1515/revneuro-2022-0155. Print 2023 Oct 26.","Tang H","Rev Neurosci","2023","2023/02/09","","","10.1515/revneuro-2022-0155"
"38115597","Gut microbiota modification by diosgenin mediates antiepileptic effects in a mouse model of epilepsy","Li X, Li J, Ji J, Li S, Yao X, Fan H, Yao R.","J Neurochem. 2023 Dec 19. doi: 10.1111/jnc.16033. Online ahead of print.","Li X","J Neurochem","2023","2023/12/20","","","10.1111/jnc.16033"
"38287957","Causal relationship between gut microflora and dementia: a Mendelian randomization study","Fu J, Qin Y, Xiao L, Dai X.","Front Microbiol. 2024 Jan 15;14:1306048. doi: 10.3389/fmicb.2023.1306048. eCollection 2023.","Fu J","Front Microbiol","2024","2024/01/30","PMC10822966","","10.3389/fmicb.2023.1306048"
"36278467","Relationship Between Gut Bacteria and Levodopa Metabolism","Xu K, Sheng S, Zhang F.","Curr Neuropharmacol. 2023;21(7):1536-1547. doi: 10.2174/1570159X21666221019115716.","Xu K","Curr Neuropharmacol","2023","2022/10/24","PMC10472813","","10.2174/1570159X21666221019115716"
"37191418","Gut Microbiota is an Impact Factor based on the Brain-Gut Axis to Alzheimer's Disease: A Systematic Review","Zou B, Li J, Ma RX, Cheng XY, Ma RY, Zhou TY, Wu ZQ, Yao Y, Li J.","Aging Dis. 2023 Jun 1;14(3):964-1678. doi: 10.14336/AD.2022.1127.","Zou B","Aging Dis","2023","2023/05/16","PMC10187701","","10.14336/AD.2022.1127"
"38488556","Unraveling the gut-brain axis: the impact of steroid hormones and nutrition on Parkinson's disease","Neufeld PM, Nettersheim RA, Matschke V, Vorgerd M, Stahlke S, Theiss C.","Neural Regen Res. 2024 Oct 1;19(10):2219-2228. doi: 10.4103/1673-5374.391304. Epub 2023 Dec 21.","Neufeld PM","Neural Regen Res","2024","2024/03/15","PMC11034592","","10.4103/1673-5374.391304"
"37782386","5-HT4 Receptor is Protective for MPTP-induced Parkinson's Disease Mice Via Altering Gastrointestinal Motility or Gut Microbiota","Cui C, Shi Y, Hong H, Zhou Y, Qiao C, Zhao L, Jia X, Zhao W, Shen Y.","J Neuroimmune Pharmacol. 2023 Dec;18(4):610-627. doi: 10.1007/s11481-023-10085-8. Epub 2023 Oct 2.","Cui C","J Neuroimmune Pharmacol","2023","2023/10/02","","","10.1007/s11481-023-10085-8"
"36993742","Gut microbiota and fecal short chain fatty acids differ with adiposity and country of origin: The METS-Microbiome Study","Ecklu-Mensah G, Choo-Kang C, Gjerstad Maseng M, Donato S, Bovet P, Bedu-Addo K, Plange-Rhule J, Forrester TE, Lambert EV, Rae D, Luke A, Layden BT, O'Keefe S, Gilbert JA, Dugas LR.","bioRxiv [Preprint]. 2023 Mar 22:2023.03.21.533195. doi: 10.1101/2023.03.21.533195.","Ecklu-Mensah G","bioRxiv","2023","2023/03/30","PMC10055249","","10.1101/2023.03.21.533195"
"38141735","Does gut brain axis has an impact on Parkinson's disease (PD)?","Elangovan A, Dahiya B, Kirola L, Iyer M, Jeeth P, Maharaj S, Kumari N, Lakhanpal V, Michel TM, Rao KRSS, Cho SG, Yadav MK, Gopalakrishnan AV, Kadhirvel S, Kumar NS, Vellingiri B.","Ageing Res Rev. 2024 Feb;94:102171. doi: 10.1016/j.arr.2023.102171. Epub 2023 Dec 21.","Elangovan A","Ageing Res Rev","2024","2023/12/23","","","10.1016/j.arr.2023.102171"
"37978405","Oral pathogens exacerbate Parkinson's disease by promoting Th1 cell infiltration in mice","Bai XB, Xu S, Zhou LJ, Meng XQ, Li YL, Chen YL, Jiang YH, Lin WZ, Chen BY, Du LJ, Tian GC, Liu Y, Duan SZ, Zhu YQ.","Microbiome. 2023 Nov 17;11(1):254. doi: 10.1186/s40168-023-01685-w.","Bai XB","Microbiome","2023","2023/11/18","PMC10655362","","10.1186/s40168-023-01685-w"
"36334762","Are neuromodulation interventions associated with changes in the gut microbiota? A systematic review","Korenblik V, Brouwer ME, Korosi A, Denys D, Bockting CLH, Brul S, Lok A.","Neuropharmacology. 2023 Feb 1;223:109318. doi: 10.1016/j.neuropharm.2022.109318. Epub 2022 Nov 9.","Korenblik V","Neuropharmacology","2023","2022/11/05","","","10.1016/j.neuropharm.2022.109318"
"37850544","Influence of gut microbiota on the development of most prevalent neurodegenerative dementias and the potential effect of probiotics in elderly: A scoping review","Mateo D, Marquès M, Domingo JL, Torrente M.","Am J Med Genet B Neuropsychiatr Genet. 2024 Mar;195(2):e32959. doi: 10.1002/ajmg.b.32959. Epub 2023 Oct 18.","Mateo D","Am J Med Genet B Neuropsychiatr Genet","2024","2023/10/18","","","10.1002/ajmg.b.32959"
"37375632","The Impact of a Very-Low-Calorie Ketogenic Diet in the Gut Microbiota Composition in Obesity","Zambrano AK, Cadena-Ullauri S, Guevara-Ramírez P, Frias-Toral E, Ruiz-Pozo VA, Paz-Cruz E, Tamayo-Trujillo R, Chapela S, Montalván M, Sarno G, Guerra CV, Simancas-Racines D.","Nutrients. 2023 Jun 13;15(12):2728. doi: 10.3390/nu15122728.","Zambrano AK","Nutrients","2023","2023/06/28","PMC10305724","","10.3390/nu15122728"
"37674043","Gut microbiota-induced CXCL1 elevation triggers early neuroinflammation in the substantia nigra of Parkinsonian mice","Ma XZ, Chen LL, Qu L, Li H, Wang J, Song N, Xie JX.","Acta Pharmacol Sin. 2024 Jan;45(1):52-65. doi: 10.1038/s41401-023-01147-x. Epub 2023 Sep 6.","Ma XZ","Acta Pharmacol Sin","2024","2023/09/06","PMC10770039","","10.1038/s41401-023-01147-x"
"37404573","Parkinson's Disease Related Depression and Anxiety: A 22-Year Bibliometric Analysis (2000-2022)","Zhang T, Yang R, Pan J, Huang S.","Neuropsychiatr Dis Treat. 2023 Jun 29;19:1477-1489. doi: 10.2147/NDT.S403002. eCollection 2023.","Zhang T","Neuropsychiatr Dis Treat","2023","2023/07/05","PMC10317541","","10.2147/NDT.S403002"
"37034781","Machine learning based gut microbiota pattern and response to fiber as a diagnostic tool for chronic inflammatory diseases","Boodaghidizaji M, Jungles T, Chen T, Zhang B, Landay A, Keshavarzian A, Hamaker B, Ardekani A.","bioRxiv [Preprint]. 2023 Mar 29:2023.03.27.534466. doi: 10.1101/2023.03.27.534466.","Boodaghidizaji M","bioRxiv","2023","2023/04/10","PMC10081192","","10.1101/2023.03.27.534466"
"36543925","Helicobacter hepaticus augmentation triggers Dopaminergic degeneration and motor disorders in mice with Parkinson's disease","Ahn EH, Liu X, Alam AM, Kang SS, Ye K.","Mol Psychiatry. 2023 Mar;28(3):1337-1350. doi: 10.1038/s41380-022-01910-2. Epub 2022 Dec 21.","Ahn EH","Mol Psychiatry","2023","2022/12/21","","","10.1038/s41380-022-01910-2"
"37561259","Compound Dihuang Granule Changes Gut Microbiota of MPTP-Induced Parkinson's Disease Mice via Inhibiting TLR4/NF-κB Signaling","He ZQ, Huan PF, Wang L, He JC.","Neurochem Res. 2023 Dec;48(12):3610-3624. doi: 10.1007/s11064-023-04004-9. Epub 2023 Aug 10.","He ZQ","Neurochem Res","2023","2023/08/10","PMC10584754","","10.1007/s11064-023-04004-9"
"36805171","The importance of gut-brain axis and use of probiotics as a treatment strategy for multiple sclerosis","Kumar N, Sahoo NK, Mehan S, Verma B.","Mult Scler Relat Disord. 2023 Mar;71:104547. doi: 10.1016/j.msard.2023.104547. Epub 2023 Feb 2.","Kumar N","Mult Scler Relat Disord","2023","2023/02/22","","","10.1016/j.msard.2023.104547"
"37647997","Biomarkers of aging in frailty and age-associated disorders: State of the art and future perspective","Salvioli S, Basile MS, Bencivenga L, Carrino S, Conte M, Damanti S, De Lorenzo R, Fiorenzato E, Gialluisi A, Ingannato A, Antonini A, Baldini N, Capri M, Cenci S, Iacoviello L, Nacmias B, Olivieri F, Rengo G, Querini PR, Lattanzio F.","Ageing Res Rev. 2023 Nov;91:102044. doi: 10.1016/j.arr.2023.102044. Epub 2023 Aug 28.","Salvioli S","Ageing Res Rev","2023","2023/08/30","","","10.1016/j.arr.2023.102044"
"35879588","Implication of Paraprobiotics in Age-Associated Gut Dysbiosis and Neurodegenerative Diseases","Rahman Z, Dandekar MP.","Neuromolecular Med. 2023 Mar;25(1):14-26. doi: 10.1007/s12017-022-08722-1. Epub 2022 Jul 25.","Rahman Z","Neuromolecular Med","2023","2022/07/25","","","10.1007/s12017-022-08722-1"
"37171224","Possible Signaling Pathways in the Gut Microbiota-Brain Axis for the Development of Parkinson's Disease Caused by Chronic Consumption of Food Additives","Martinez-Vega MV, Galván-Menéndez-Conde S, Freyre-Fonseca V.","ACS Chem Neurosci. 2023 Jun 7;14(11):1950-1962. doi: 10.1021/acschemneuro.3c00170. Epub 2023 May 12.","Martinez-Vega MV","ACS Chem Neurosci","2023","2023/05/12","","","10.1021/acschemneuro.3c00170"
"37771782","Oral [60]fullerene reduces neuroinflammation to alleviate Parkinson's disease via regulating gut microbiome","Li X, Deng R, Li J, Li H, Xu Z, Zhang L, Feng L, Shu C, Zhen M, Wang C.","Theranostics. 2023 Sep 4;13(14):4936-4951. doi: 10.7150/thno.85711. eCollection 2023.","Li X","Theranostics","2023","2023/09/29","PMC10526674","","10.7150/thno.85711"
"37630539","Personalized Response of Parkinson's Disease Gut Microbiota to Nootropic Medicinal Herbs In Vitro: A Proof of Concept","Peterson CT, Iablokov SN, Rodionov DA, Peterson SN.","Microorganisms. 2023 Aug 1;11(8):1979. doi: 10.3390/microorganisms11081979.","Peterson CT","Microorganisms","2023","2023/08/26","PMC10457923","","10.3390/microorganisms11081979"
"37267589","A Low-Protein, High-Carbohydrate Diet Exerts a Neuroprotective Effect on Mice with 1-Methyl-4-phenyl-1,2,3,6-tetrahydropyridine-Induced Parkinson's Disease by Regulating the Microbiota-Metabolite-Brain Axis and Fibroblast Growth Factor 21","Chu C, Li T, Yu L, Li Y, Li M, Guo M, Zhao J, Zhai Q, Tian F, Chen W.","J Agric Food Chem. 2023 Jun 14;71(23):8877-8893. doi: 10.1021/acs.jafc.2c07606. Epub 2023 Jun 2.","Chu C","J Agric Food Chem","2023","2023/06/02","","","10.1021/acs.jafc.2c07606"
"36676436","Latent Potential of Multifunctional Selenium Nanoparticles in Neurological Diseases and Altered Gut Microbiota","Ashraf H, Cossu D, Ruberto S, Noli M, Jasemi S, Simula ER, Sechi LA.","Materials (Basel). 2023 Jan 11;16(2):699. doi: 10.3390/ma16020699.","Ashraf H","Materials (Basel)","2023","2023/01/21","PMC9862321","","10.3390/ma16020699"
"37458987","Dissecting the Relationship Between Neuropsychiatric and Neurodegenerative Disorders","Gupta R, Advani D, Yadav D, Ambasta RK, Kumar P.","Mol Neurobiol. 2023 Nov;60(11):6476-6529. doi: 10.1007/s12035-023-03502-9. Epub 2023 Jul 17.","Gupta R","Mol Neurobiol","2023","2023/07/17","","","10.1007/s12035-023-03502-9"
"38024855","Protective effects of dioscin against Parkinson's disease via regulating bile acid metabolism through remodeling gut microbiome/GLP-1 signaling","Mao Z, Hui H, Zhao X, Xu L, Qi Y, Yin L, Qu L, Han L, Peng J.","J Pharm Anal. 2023 Oct;13(10):1153-1167. doi: 10.1016/j.jpha.2023.06.007. Epub 2023 Jun 16.","Mao Z","J Pharm Anal","2023","2023/11/29","PMC10657977","","10.1016/j.jpha.2023.06.007"
"37755674","Relationship Between Short-chain Fatty Acids and Parkinson's Disease: A Review from Pathology to Clinic","Duan WX, Wang F, Liu JY, Liu CF.","Neurosci Bull. 2024 Apr;40(4):500-516. doi: 10.1007/s12264-023-01123-9. Epub 2023 Sep 27.","Duan WX","Neurosci Bull","2024","2023/09/27","PMC11003953","","10.1007/s12264-023-01123-9"
"37460539","Neuroprotective effect of a medium-chain triglyceride ketogenic diet on MPTP-induced Parkinson's disease mice: a combination of transcriptomics and metabolomics in the substantia nigra and fecal microbiome","Zhang W, Chen S, Huang X, Tong H, Niu H, Lu L.","Cell Death Discov. 2023 Jul 17;9(1):251. doi: 10.1038/s41420-023-01549-0.","Zhang W","Cell Death Discov","2023","2023/07/17","PMC10352270","","10.1038/s41420-023-01549-0"
"37107583","Role of Microbiota-Modified Bile Acids in the Regulation of Intracellular Organelles and Neurodegenerative Diseases","Kiriyama Y, Nochi H.","Genes (Basel). 2023 Mar 29;14(4):825. doi: 10.3390/genes14040825.","Kiriyama Y","Genes (Basel)","2023","2023/04/28","PMC10137455","","10.3390/genes14040825"
"37589449","Communal interaction of glycation and gut microbes in diabetes mellitus, Alzheimer's disease, and Parkinson's disease pathogenesis","Patil RS, Tupe RS.","Med Res Rev. 2024 Jan;44(1):365-405. doi: 10.1002/med.21987. Epub 2023 Aug 17.","Patil RS","Med Res Rev","2024","2023/08/17","","","10.1002/med.21987"
"37496895","Acanthopanax senticosus Harms improves Parkinson's disease by regulating gut microbial structure and metabolic disorders","Lu Y, Gao X, Nan Y, Mohammed SAD, Fu J, Wang T, Wang C, Yuan C, Lu F, Liu S.","Heliyon. 2023 Jul 8;9(7):e18045. doi: 10.1016/j.heliyon.2023.e18045. eCollection 2023 Jul.","Lu Y","Heliyon","2023","2023/07/27","PMC10366437","","10.1016/j.heliyon.2023.e18045"
"38078745","Microbiota-mediated effects of Parkinson's disease medications on Parkinsonian non-motor symptoms in male transgenic mice","Radisavljevic N, Metcalfe-Roach A, Cirstea M, Tabusi MM, Bozorgmehr T, Bar-Yoseph H, Finlay BB.","mSphere. 2024 Jan 30;9(1):e0037923. doi: 10.1128/msphere.00379-23. Epub 2023 Dec 11.","Radisavljevic N","mSphere","2024","2023/12/11","PMC10826342","","10.1128/msphere.00379-23"
"36803806","Disease mechanisms as subtypes: Microbiome","Bonvegna S, Cilia R.","Handb Clin Neurol. 2023;193:107-131. doi: 10.1016/B978-0-323-85555-6.00006-0.","Bonvegna S","Handb Clin Neurol","2023","2023/02/21","","","10.1016/B978-0-323-85555-6.00006-0"
"36671785","Parkinson's Disease, It Takes Guts: The Correlation between Intestinal Microbiome and Cytokine Network with Neurodegeneration","Xiromerisiou G, Marogianni C, Androutsopoulou A, Ntavaroukas P, Mysiris D, Papoutsopoulou S.","Biology (Basel). 2023 Jan 7;12(1):93. doi: 10.3390/biology12010093.","Xiromerisiou G","Biology (Basel)","2023","2023/01/21","PMC9856109","","10.3390/biology12010093"
"38146566","Effectiveness of the Combination of Probiotic Supplementation on Motor Symptoms and Constipation in Parkinson's Disease","Alexoudi A, Kesidou L, Gatzonis S, Charalampopoulos C, Tsoga A.","Cureus. 2023 Nov 23;15(11):e49320. doi: 10.7759/cureus.49320. eCollection 2023 Nov.","Alexoudi A","Cureus","2023","2023/12/26","PMC10749423","","10.7759/cureus.49320"
"37298727","Zooming into Gut Dysbiosis in Parkinson's Disease: New Insights from Functional Mapping","Turco L, Opallo N, Buommino E, De Caro C, Pirozzi C, Mattace Raso G, Lembo F, Coretti L.","Int J Mol Sci. 2023 Jun 5;24(11):9777. doi: 10.3390/ijms24119777.","Turco L","Int J Mol Sci","2023","2023/06/10","PMC10253733","","10.3390/ijms24119777"
"37562163","Effects of a high saturated fatty acid diet on the intestinal microbiota modification and associated impacts on Parkinson's disease development","de Queiroz Cavalcanti SA, de Almeida LA, Gasparotto J.","J Neuroimmunol. 2023 Sep 15;382:578171. doi: 10.1016/j.jneuroim.2023.578171. Epub 2023 Aug 5.","de Queiroz Cavalcanti SA","J Neuroimmunol","2023","2023/08/10","","","10.1016/j.jneuroim.2023.578171"
"37239020","The Impact of microRNAs on Mitochondrial Function and Immunity: Relevance to Parkinson's Disease","Guedes BFS, Cardoso SM, Esteves AR.","Biomedicines. 2023 May 3;11(5):1349. doi: 10.3390/biomedicines11051349.","Guedes BFS","Biomedicines","2023","2023/05/27","PMC10215921","","10.3390/biomedicines11051349"
"37834373","Impact of Microbiome-Brain Communication on Neuroinflammation and Neurodegeneration","Stolzer I, Scherer E, Süß P, Rothhammer V, Winner B, Neurath MF, Günther C.","Int J Mol Sci. 2023 Oct 5;24(19):14925. doi: 10.3390/ijms241914925.","Stolzer I","Int J Mol Sci","2023","2023/10/14","PMC10573483","","10.3390/ijms241914925"
"36263629","Intestinal histomorphological and molecular alterations in patients with Parkinson's disease","Bellini G, Benvenuti L, Ippolito C, Frosini D, Segnani C, Rettura F, Pancetti A, Bertani L, D'Antongiovanni V, Palermo G, Del Prete E, Antonioli L, Nardini V, Morganti R, Pellegrini C, Bernardini N, Ceravolo R, Fornai M, Bellini M.","Eur J Neurol. 2023 Nov;30(11):3440-3450. doi: 10.1111/ene.15607. Epub 2022 Nov 6.","Bellini G","Eur J Neurol","2023","2022/10/20","","","10.1111/ene.15607"
"36601680","When the microbiome helps the brain-current evidence","Drljača J, Milošević N, Milanović M, Abenavoli L, Milić N.","CNS Neurosci Ther. 2023 Jun;29 Suppl 1(Suppl 1):43-58. doi: 10.1111/cns.14076. Epub 2023 Jan 4.","Drljača J","CNS Neurosci Ther","2023","2023/01/05","PMC10314113","","10.1111/cns.14076"
"37628082","Dietary Polysaccharides Exert Anti-Fatigue Functions via the Gut-Muscle Axis: Advances and Prospectives","Zhou Y, Chu Z, Luo Y, Yang F, Cao F, Luo F, Lin Q.","Foods. 2023 Aug 17;12(16):3083. doi: 10.3390/foods12163083.","Zhou Y","Foods","2023","2023/08/26","PMC10453516","","10.3390/foods12163083"
"37747555","Diet-gut microbiome interaction and ferulic acid bioavailability: implications on neurodegenerative disorders","Kunnummal SP, Khan M.","Eur J Nutr. 2024 Feb;63(1):51-66. doi: 10.1007/s00394-023-03247-0. Epub 2023 Sep 25.","Kunnummal SP","Eur J Nutr","2024","2023/09/25","","","10.1007/s00394-023-03247-0"
"35091889","Vancomycin Pretreatment on MPTP-Induced Parkinson's Disease Mice Exerts Neuroprotection by Suppressing Inflammation Both in Brain and Gut","Cui C, Hong H, Shi Y, Zhou Y, Qiao CM, Zhao WJ, Zhao LP, Wu J, Quan W, Niu GY, Wu YB, Li CS, Cheng L, Hong Y, Shen YQ.","J Neuroimmune Pharmacol. 2023 Jun;18(1-2):72-89. doi: 10.1007/s11481-021-10047-y. Epub 2022 Jan 29.","Cui C","J Neuroimmune Pharmacol","2023","2022/01/29","","","10.1007/s11481-021-10047-y"
"36402501","Microbiome in Anxiety and Other Psychiatric Disorders","Spivak NM, Haroon J, Swenson A, Turnbull SA, Dang N, Ganeles M, Price C, Distler M, Nurmi E, Lavretsky H, Bystritsky A.","Med Clin North Am. 2023 Jan;107(1):73-83. doi: 10.1016/j.mcna.2022.08.010. Epub 2022 Oct 28.","Spivak NM","Med Clin North Am","2023","2022/11/19","","","10.1016/j.mcna.2022.08.010"
"37487923","Metals linked with the most prevalent primary neurodegenerative dementias in the elderly: A narrative review","Mateo D, Marquès M, Torrente M.","Environ Res. 2023 Nov 1;236(Pt 1):116722. doi: 10.1016/j.envres.2023.116722. Epub 2023 Jul 23.","Mateo D","Environ Res","2023","2023/07/24","","","10.1016/j.envres.2023.116722"
"37851313","Gut-Brain Axis a Key Player to Control Gut Dysbiosis in Neurological Diseases","Pan I, Issac PK, Rahman MM, Guru A, Arockiaraj J.","Mol Neurobiol. 2023 Oct 18. doi: 10.1007/s12035-023-03691-3. Online ahead of print.","Pan I","Mol Neurobiol","2023","2023/10/18","","","10.1007/s12035-023-03691-3"
"38229613","Dysbiosis of the Beneficial Gut Bacteria in Patients with Parkinson's Disease from India","Pavan S, Gorthi SP, Prabhu AN, Das B, Mutreja A, Vasudevan K, Shetty V, Ramamurthy T, Ballal M.","Ann Indian Acad Neurol. 2023 Nov-Dec;26(6):908-916. doi: 10.4103/aian.aian_460_23. Epub 2023 Oct 31.","Pavan S","Ann Indian Acad Neurol","2023","2024/01/17","PMC10789430","","10.4103/aian.aian_460_23"
"35491707","Modulation of GPCR receptors common to gut inflammatory diseases and neuronal disorders, Alzheimer's and Parkinson's diseases as druggable targets through Withania somnifera bioactives: an in silico study","Shukla R, Pahal S, Gupta A, Choudhary P, Misra K, Singh S.","J Biomol Struct Dyn. 2023 Jul;41(10):4485-4503. doi: 10.1080/07391102.2022.2068072. Epub 2022 May 1.","Shukla R","J Biomol Struct Dyn","2023","2022/05/02","","","10.1080/07391102.2022.2068072"
"37579835","Unveiling the role of gut-brain axis in regulating neurodegenerative diseases: A comprehensive review","Yadav H, Jaldhi, Bhardwaj R, Anamika, Bakshi A, Gupta S, Maurya SK.","Life Sci. 2023 Oct 1;330:122022. doi: 10.1016/j.lfs.2023.122022. Epub 2023 Aug 12.","Yadav H","Life Sci","2023","2023/08/14","","","10.1016/j.lfs.2023.122022"
"36708421","Gut Microbial Alteration in MPTP Mouse Model of Parkinson Disease is Administration Regimen Dependent","Aktas B.","Cell Mol Neurobiol. 2023 Aug;43(6):2815-2829. doi: 10.1007/s10571-023-01319-7. Epub 2023 Jan 28.","Aktas B","Cell Mol Neurobiol","2023","2023/01/28","PMC9883829","","10.1007/s10571-023-01319-7"
"37481569","Study of the gut microbiome in Egyptian patients with Parkinson's Disease","Mehanna M, AbuRaya S, Ahmed SM, Ashmawy G, Ibrahim A, AbdelKhaliq E.","BMC Microbiol. 2023 Jul 22;23(1):196. doi: 10.1186/s12866-023-02933-7.","Mehanna M","BMC Microbiol","2023","2023/07/22","PMC10362707","","10.1186/s12866-023-02933-7"
"37102320","The protective role of microbiota in the prevention of MPTP/P-induced Parkinson's disease by resveratrol","Tao J, An Y, Xu L, Wang Y, Wang C, Li P, Li M, Yan D, Wang M, Zhong G, Wu M.","Food Funct. 2023 May 22;14(10):4647-4661. doi: 10.1039/d2fo03379h.","Tao J","Food Funct","2023","2023/04/27","","","10.1039/d2fo03379h"
"37968765","Compositional changes in fecal microbiota in a new Parkinson's disease model: C57BL/6-Tg(NSE-haSyn) mice","Kim JE, Kwon KC, Jin YJ, Seol A, Song HJ, Roh YJ, Kim TR, Park ES, Park GH, Park JW, Jung YS, Cho JY, Hwang DY.","Lab Anim Res. 2023 Nov 15;39(1):30. doi: 10.1186/s42826-023-00181-4.","Kim JE","Lab Anim Res","2023","2023/11/16","PMC10647134","","10.1186/s42826-023-00181-4"
"37562867","Immunology and microbiome: Implications for motor systems","Mahjoub Y, Martino D.","Handb Clin Neurol. 2023;195:135-157. doi: 10.1016/B978-0-323-98818-6.00001-7.","Mahjoub Y","Handb Clin Neurol","2023","2023/08/10","","","10.1016/B978-0-323-98818-6.00001-7"
"37266763","Orally Induced High Serum Level of Trimethylamine N-oxide Worsened Glial Reaction and Neuroinflammation on MPTP-Induced Acute Parkinson's Disease Model Mice","Qiao CM, Quan W, Zhou Y, Niu GY, Hong H, Wu J, Zhao LP, Li T, Cui C, Zhao WJ, Shen YQ.","Mol Neurobiol. 2023 Sep;60(9):5137-5154. doi: 10.1007/s12035-023-03392-x. Epub 2023 Jun 2.","Qiao CM","Mol Neurobiol","2023","2023/06/02","","","10.1007/s12035-023-03392-x"
"36824263","Effects of levodopa on gut bacterial antibiotic resistance in Parkinson's disease rat","Sheng S, Li X, Zhao S, Zheng C, Zhang F.","Front Aging Neurosci. 2023 Feb 7;15:1122712. doi: 10.3389/fnagi.2023.1122712. eCollection 2023.","Sheng S","Front Aging Neurosci","2023","2023/02/24","PMC9941341","","10.3389/fnagi.2023.1122712"
"38075226","Unveiling the neuroprotective potential of dietary polysaccharides: a systematic review","Guo R, Pang J, Zhao J, Xiao X, Li J, Li J, Wang W, Zhou S, Zhao Y, Zhang Z, Chen H, Yuan T, Wu S, Liu Z.","Front Nutr. 2023 Nov 22;10:1299117. doi: 10.3389/fnut.2023.1299117. eCollection 2023.","Guo R","Front Nutr","2023","2023/12/11","PMC10702503","","10.3389/fnut.2023.1299117"
"37714224","Efficacy and mechanism study of Baichanting compound, a combination of Acanthopanax senticosus (Rupr. and Maxim.) Harms, Paeonia lactiflora Pall and Uncaria rhynchophylla (Miq.) Miq. ex Havil, on Parkinson's disease based on metagenomics and metabolomics","Lu Y, Gao X, Mohammed SAD, Wang T, Fu J, Wang Y, Nan Y, Lu F, Liu S.","J Ethnopharmacol. 2024 Jan 30;319(Pt 1):117182. doi: 10.1016/j.jep.2023.117182. Epub 2023 Sep 13.","Lu Y","J Ethnopharmacol","2024","2023/09/15","","","10.1016/j.jep.2023.117182"
"37416776","Cracking Brain Diseases from Gut Microbes-Mediated Metabolites for Precise Treatment","Gong Y, Chen A, Zhang G, Shen Q, Zou L, Li J, Miao YB, Liu W.","Int J Biol Sci. 2023 Jun 4;19(10):2974-2998. doi: 10.7150/ijbs.85259. eCollection 2023.","Gong Y","Int J Biol Sci","2023","2023/07/07","PMC10321288","","10.7150/ijbs.85259"
"37110302","Gut Dysbiosis: A Target for Protective Interventions against Parkinson's Disease","Lima IS, Pêgo AC, Martins AC, Prada AR, Barros JT, Martins G, Gozzelino R.","Microorganisms. 2023 Mar 29;11(4):880. doi: 10.3390/microorganisms11040880.","Lima IS","Microorganisms","2023","2023/04/28","PMC10146107","","10.3390/microorganisms11040880"
"37761988","Age-Related Cognitive Decline, Focus on Microbiome: A Systematic Review and Meta-Analysis","Coradduzza D, Sedda S, Cruciani S, De Miglio MR, Ventura C, Nivoli A, Maioli M.","Int J Mol Sci. 2023 Sep 5;24(18):13680. doi: 10.3390/ijms241813680.","Coradduzza D","Int J Mol Sci","2023","2023/09/28","PMC10531012","","10.3390/ijms241813680"
"37436588","The critical role of gut-brain axis microbiome in mental disorders","Basiji K, Sendani AA, Ghavami SB, Farmani M, Kazemifard N, Sadeghi A, Lotfali E, Aghdaei HA.","Metab Brain Dis. 2023 Dec;38(8):2547-2561. doi: 10.1007/s11011-023-01248-w. Epub 2023 Jul 12.","Basiji K","Metab Brain Dis","2023","2023/07/12","","","10.1007/s11011-023-01248-w"
"37199590","Healthy Human Fecal Microbiota Transplantation into Mice Attenuates MPTP-Induced Neurotoxicity via AMPK/SOD2 Pathway","Xie Z, Zhang M, Luo Y, Jin D, Guo X, Yang W, Zheng J, Zhang H, Zhang L, Deng C, Zheng W, Tan EK, Jin K, Zhu S, Wang Q.","Aging Dis. 2023 Dec 1;14(6):2193-2214. doi: 10.14336/AD.2023.0309.","Xie Z","Aging Dis","2023","2023/05/18","PMC10676800","","10.14336/AD.2023.0309"
"37750713","Oh my gut! Is the microbial origin of neurodegenerative diseases real?","Walker A, Czyz DM.","Infect Immun. 2023 Oct 17;91(10):e0043722. doi: 10.1128/iai.00437-22. Epub 2023 Sep 26.","Walker A","Infect Immun","2023","2023/09/26","PMC10580905","","10.1128/iai.00437-22"
"37579888","N-acetyl-L-leucine protects MPTP-treated Parkinson's disease mouse models by suppressing Desulfobacterota via the gut-brain axis","Xu Z, Lian C, Pan L, Lai W, Zhang F, Peng L, Zhou S, Zhao G, Yang X, Zhang G, Tan Z, Wang Y.","Brain Res Bull. 2023 Oct 1;202:110729. doi: 10.1016/j.brainresbull.2023.110729. Epub 2023 Aug 12.","Xu Z","Brain Res Bull","2023","2023/08/14","","","10.1016/j.brainresbull.2023.110729"
"36983960","Infectious Microorganisms Seen as Etiologic Agents in Parkinson's Disease","Zorina SA, Jurja S, Mehedinti M, Stoica AM, Chita DS, Floris SA, Axelerad A.","Life (Basel). 2023 Mar 16;13(3):805. doi: 10.3390/life13030805.","Zorina SA","Life (Basel)","2023","2023/03/29","PMC10053287","","10.3390/life13030805"
"37321369","Casein Reactivates Dopaminergic Nerve Injury and Intestinal Inflammation with Disturbing Intestinal Microflora and Fecal Metabolites in a Convalescent Parkinson's Disease Mouse Model","Pu Z, Liu S, Guo Z, Zhang X, Yan J, Tang Y, Xiao H, Gao J, Li Y, Bai Q.","Neuroscience. 2023 Aug 1;524:120-136. doi: 10.1016/j.neuroscience.2023.05.014. Epub 2023 Jun 14.","Pu Z","Neuroscience","2023","2023/06/15","","","10.1016/j.neuroscience.2023.05.014"
"37932328","A novel pathway of levodopa metabolism by commensal Bifidobacteria","Cirstea MS, Creus-Cuadros A, Lo C, Yu AC, Serapio-Palacios A, Neilson S, Appel-Cresswell S, Finlay BB.","Sci Rep. 2023 Nov 6;13(1):19155. doi: 10.1038/s41598-023-45953-z.","Cirstea MS","Sci Rep","2023","2023/11/06","PMC10628163","","10.1038/s41598-023-45953-z"
"37537902","Neurodevelopmental toxicity induced by PM2.5 Exposure and its possible role in Neurodegenerative and mental disorders","Liu XQ, Huang J, Song C, Zhang TL, Liu YP, Yu L.","Hum Exp Toxicol. 2023 Jan-Dec;42:9603271231191436. doi: 10.1177/09603271231191436.","Liu XQ","Hum Exp Toxicol","2023","2023/08/04","","","10.1177/09603271231191436"
"34836918","Footprints of a microbial toxin from the gut microbiome to mesencephalic mitochondria","Esteves AR, Munoz-Pinto MF, Nunes-Costa D, Candeias E, Silva DF, Magalhães JD, Pereira-Santos AR, Ferreira IL, Alarico S, Tiago I, Empadinhas N, Cardoso SM.","Gut. 2023 Jan;72(1):73-89. doi: 10.1136/gutjnl-2021-326023. Epub 2021 Nov 26.","Esteves AR","Gut","2023","2021/11/27","PMC9763194","","10.1136/gutjnl-2021-326023"
"36881113","Mesenchymal stem-cell-derived microvesicles ameliorate MPTP-induced neurotoxicity in mice: a role of the gut-microbiota-brain axis","Pu Y, Wu Q, Zhang Q, Huang T, Wen J, Wei L, Hashimoto K, Liu Y.","Psychopharmacology (Berl). 2023 May;240(5):1103-1118. doi: 10.1007/s00213-023-06348-0. Epub 2023 Mar 7.","Pu Y","Psychopharmacology (Berl)","2023","2023/03/07","","","10.1007/s00213-023-06348-0"
"36662412","Neuroprotective and Immunomodulatory Effects of Probiotics in a Rat Model of Parkinson's Disease","Parra I, Martínez I, Vásquez-Celaya L, Gongora-Alfaro JL, Tizabi Y, Mendieta L.","Neurotox Res. 2023 Apr;41(2):187-200. doi: 10.1007/s12640-022-00627-y. Epub 2023 Jan 20.","Parra I","Neurotox Res","2023","2023/01/20","","","10.1007/s12640-022-00627-y"
"36880679","The microbiome-gut-brain axis in epilepsy: pharmacotherapeutic target from bench evidence for potential bedside applications","Kundu S, Nayak S, Rakshit D, Singh T, Shukla R, Khatri DK, Mishra A.","Eur J Neurol. 2023 Nov;30(11):3557-3567. doi: 10.1111/ene.15767. Epub 2023 Mar 22.","Kundu S","Eur J Neurol","2023","2023/03/07","","","10.1111/ene.15767"
"37703887","An Overview of Gastrointestinal Dysfunction in Parkinsonian Syndromes","Talman L, Safarpour D.","Semin Neurol. 2023 Aug;43(4):583-597. doi: 10.1055/s-0043-1771461. Epub 2023 Sep 13.","Talman L","Semin Neurol","2023","2023/09/13","","","10.1055/s-0043-1771461"
"38008403","Calprotectin in Parkinsonian disease: Anticipation and dedication","Al-Kuraishy HM, Al-Gareeb AI, Zaidalkiani AT, Alexiou A, Papadakis M, Bahaa MM, Al-Faraga A, Batiha GE.","Ageing Res Rev. 2024 Jan;93:102143. doi: 10.1016/j.arr.2023.102143. Epub 2023 Nov 25.","Al-Kuraishy HM","Ageing Res Rev","2024","2023/11/26","","","10.1016/j.arr.2023.102143"
"37206220","Neuroprotective effect of engineered Clostridiumbutyricum-pMTL007-GLP-1 on Parkinson's disease mice models via promoting mitophagy","Wang Y, Chen WJ, Han YY, Xu X, Yang AX, Wei J, Hong DJ, Fang X, Chen TT.","Bioeng Transl Med. 2023 Mar 17;8(3):e10505. doi: 10.1002/btm2.10505. eCollection 2023 May.","Wang Y","Bioeng Transl Med","2023","2023/05/19","PMC10189449","","10.1002/btm2.10505"
"39295905","The butyrate-producing and spore-forming bacterial genus Coprococcus as a potential biomarker for neurological disorders","Notting F, Pirovano W, Sybesma W, Kort R.","Gut Microbiome (Camb). 2023 Aug 30;4:e16. doi: 10.1017/gmb.2023.14. eCollection 2023.","Notting F","Gut Microbiome (Camb)","2023","2024/09/19","PMC11406416","","10.1017/gmb.2023.14"
"37630602","Could the Urease of the Gut Bacterium Proteus mirabilis Play a Role in the Altered Gut-Brain Talk Associated with Parkinson's Disease?","Grahl MVC, Andrade BDS, Perin APA, Neves GA, Duarte LS, Uberti AF, Hohl KS, Follmer C, Carlini CR.","Microorganisms. 2023 Aug 9;11(8):2042. doi: 10.3390/microorganisms11082042.","Grahl MVC","Microorganisms","2023","2023/08/26","PMC10459573","","10.3390/microorganisms11082042"
"37212075","IgA-Biome Profiles Correlate with Clinical Parkinson's Disease Subtypes","Brown EL, Essigmann HT, Hoffman KL, Alexander AS, Newmark M, Jiang ZD, Suescun J, Schiess MC, Hanis CL, DuPont HL.","J Parkinsons Dis. 2023;13(4):501-513. doi: 10.3233/JPD-230066.","Brown EL","J Parkinsons Dis","2023","2023/05/22","PMC10357173","","10.3233/JPD-230066"
"37374030","A Critical Perspective on the Supplementation of Akkermansia muciniphila: Benefits and Harms","Chiantera V, Laganà AS, Basciani S, Nordio M, Bizzarri M.","Life (Basel). 2023 May 24;13(6):1247. doi: 10.3390/life13061247.","Chiantera V","Life (Basel)","2023","2023/06/28","PMC10301191","","10.3390/life13061247"
"37827233","TLR2 deficiency is beneficial at the late phase in MPTP-induced Parkinson' disease mice","He Y, Zhao J, Dong H, Zhang X, Duan Y, Ma Y, Yu M, Fei J, Huang F.","Life Sci. 2023 Nov 15;333:122171. doi: 10.1016/j.lfs.2023.122171. Epub 2023 Oct 10.","He Y","Life Sci","2023","2023/10/12","","","10.1016/j.lfs.2023.122171"
"35317694","Effect of fermented foods on some neurological diseases, microbiota, behaviors: mini review","Eroğlu FE, Sanlier N.","Crit Rev Food Sci Nutr. 2023;63(26):8066-8082. doi: 10.1080/10408398.2022.2053060. Epub 2022 Mar 23.","Eroğlu FE","Crit Rev Food Sci Nutr","2023","2022/03/23","","","10.1080/10408398.2022.2053060"
"36694359","Elevated serum anti-Saccharomyces cerevisiae antibody accompanied by gut mycobiota dysbiosis as a biomarker of diagnosis in patients with de novo Parkinson disease","Chen Y, Zhang LY, Fang Y, Li C, Xia DD, Zhang G, Wen Y, Zhang SZ, Hu L, Gu LY, Liu Y, Tian J, Yan YP, Yin XZ, Tao ZH, Zhang BR, Pu JL.","Eur J Neurol. 2023 Nov;30(11):3462-3470. doi: 10.1111/ene.15711. Epub 2023 Feb 14.","Chen Y","Eur J Neurol","2023","2023/01/25","","","10.1111/ene.15711"
"37239262","Trimethylamine N-Oxide Exacerbates Neuroinflammation and Motor Dysfunction in an Acute MPTP Mice Model of Parkinson's Disease","Quan W, Qiao CM, Niu GY, Wu J, Zhao LP, Cui C, Zhao WJ, Shen YQ.","Brain Sci. 2023 May 12;13(5):790. doi: 10.3390/brainsci13050790.","Quan W","Brain Sci","2023","2023/05/27","PMC10216692","","10.3390/brainsci13050790"
"36516809","Neurotensin-Binding Immunoglobulin G in Patients with Parkinson's Disease","Muruzheva ZM, Egorov DS, Absalyamova MT, Traktirov DS, Karpenko MN, Fetissov SO.","Neuroimmunomodulation. 2023;30(1):15-27. doi: 10.1159/000527872. Epub 2022 Dec 14.","Muruzheva ZM","Neuroimmunomodulation","2023","2022/12/14","","","10.1159/000527872"
"37090671","The commensal protist Tritrichomonas musculus exhibits a dynamic life cycle that induces extensive remodeling of the gut microbiota","Popovic A, Cao EY, Han J, Nursimulu N, Alves-Ferreira EVC, Burrows K, Kennard A, Alsmadi N, Grigg ME, Mortha A, Parkinson J.","bioRxiv [Preprint]. 2023 Oct 10:2023.03.06.528774. doi: 10.1101/2023.03.06.528774.","Popovic A","bioRxiv","2023","2023/04/24","PMC10120700","","10.1101/2023.03.06.528774"
"37224894","Antiparkinsonian effects of polyphenols: A narrative review with a focus on the modulation of the gut-brain axis","Zhang W, Dong X, Huang R.","Pharmacol Res. 2023 Jul;193:106787. doi: 10.1016/j.phrs.2023.106787. Epub 2023 May 22.","Zhang W","Pharmacol Res","2023","2023/05/24","","","10.1016/j.phrs.2023.106787"
"37158925","The PROB-PD trial: a pilot, randomised, placebo-controlled study protocol to evaluate the feasibility and potential efficacy of probiotics in modulating peripheral immunity in subjects with Parkinson's disease","Martini S, Marino F, Magistrelli L, Contaldi E, Cosentino M, Comi C.","Pilot Feasibility Stud. 2023 May 8;9(1):77. doi: 10.1186/s40814-023-01306-1.","Martini S","Pilot Feasibility Stud","2023","2023/05/09","PMC10165276","","10.1186/s40814-023-01306-1"
"38045857","Metabolomic analysis of serum short-chain fatty acid concentrations in a mouse of MPTP-induced Parkinson's disease after dietary supplementation with branched-chain amino acids","Mi N, Ma L, Li X, Fu J, Bu X, Liu F, Yang F, Zhang Y, Yao L.","Open Med (Wars). 2023 Nov 29;18(1):20230849. doi: 10.1515/med-2023-0849. eCollection 2023.","Mi N","Open Med (Wars)","2023","2023/12/04","PMC10693015","","10.1515/med-2023-0849"
"36686268","High levels of Bifidobacteriaceae are associated with the pathogenesis of Parkinson's disease","Zuo S, Wang H, Zhao Q, Tang J, Wang M, Zhang Y, Sang M, Tian J, Wang P.","Front Integr Neurosci. 2023 Jan 4;16:1054627. doi: 10.3389/fnint.2022.1054627. eCollection 2022.","Zuo S","Front Integr Neurosci","2023","2023/01/23","PMC9846222","","10.3389/fnint.2022.1054627"
"36776226","A review article on neuroprotective, immunomodulatory, and anti-inflammatory role of vitamin-D3 in elderly COVID-19 patients","Tripathi AK, Mishra SK.","Egypt J Neurol Psychiatr Neurosurg. 2023;59(1):18. doi: 10.1186/s41983-023-00611-z. Epub 2023 Feb 6.","Tripathi AK","Egypt J Neurol Psychiatr Neurosurg","2023","2023/02/13","PMC9901404","","10.1186/s41983-023-00611-z"
"36516898","Effects of molecular hydrogen intervention on the gut microbiome in methamphetamine abusers with mental disorder","Wang Y, Wang M, Xie B, Wen D, Li W, Zhou M, Wang X, Lu Y, Cong B, Ni Z, Ma C.","Brain Res Bull. 2023 Feb;193:47-58. doi: 10.1016/j.brainresbull.2022.12.003. Epub 2022 Dec 11.","Wang Y","Brain Res Bull","2023","2022/12/14","","","10.1016/j.brainresbull.2022.12.003"
"36687704","Mechanisms of the Ping-wei-san plus herbal decoction against Parkinson's disease: Multiomics analyses","Li D, You HJ, Hu GJ, Yao RY, Xie AM, Li XY.","Front Nutr. 2023 Jan 4;9:945356. doi: 10.3389/fnut.2022.945356. eCollection 2022.","Li D","Front Nutr","2023","2023/01/23","PMC9845696","","10.3389/fnut.2022.945356"
"37596429","Fecal Microbiota Transplantation from Aged Mice Render Recipient Mice Resistant to MPTP-Induced Nigrostriatal Degeneration Via a Neurogenesis-Dependent but Inflammation-Independent Manner","Qiao CM, Zhou Y, Quan W, Ma XY, Zhao LP, Shi Y, Hong H, Wu J, Niu GY, Chen YN, Zhu S, Cui C, Zhao WJ, Shen YQ.","Neurotherapeutics. 2023 Sep;20(5):1405-1426. doi: 10.1007/s13311-023-01420-1. Epub 2023 Aug 18.","Qiao CM","Neurotherapeutics","2023","2023/08/18","PMC10480387","","10.1007/s13311-023-01420-1"
"37961318","Identification of proteotoxic and proteoprotective bacteria that non-specifically affect proteins associated with neurodegenerative diseases","Walker AC, Bhargava R, Bucher M, Brust AS, Czy DM.","bioRxiv [Preprint]. 2023 Oct 24:2023.10.24.563685. doi: 10.1101/2023.10.24.563685.","Walker AC","bioRxiv","2023","2023/11/14","PMC10634778","","10.1101/2023.10.24.563685"
"36742204","Effects of a probiotic suspension Symprove™ on a rat early-stage Parkinson's disease model","Sancandi M, De Caro C, Cypaite N, Marascio N, Avagliano C, De Marco C, Russo E, Constanti A, Mercer A.","Front Aging Neurosci. 2023 Jan 18;14:986127. doi: 10.3389/fnagi.2022.986127. eCollection 2022.","Sancandi M","Front Aging Neurosci","2023","2023/02/06","PMC9890174","","10.3389/fnagi.2022.986127"
"37895965","Profiling Analysis of Tryptophan Metabolites in the Urine of Patients with Parkinson's Disease Using LC-MS/MS","Chung SH, Yoo D, Ahn TB, Lee W, Hong J.","Pharmaceuticals (Basel). 2023 Oct 20;16(10):1495. doi: 10.3390/ph16101495.","Chung SH","Pharmaceuticals (Basel)","2023","2023/10/28","PMC10610059","","10.3390/ph16101495"
"37196855","Kanamycin treatment in the pre-symptomatic stage of a Drosophila PD model prevents the onset of non-motor alterations","Molina-Mateo D, Valderrama BP, Zárate RV, Hidalgo S, Tamayo-Leiva J, Soto-González A, Guerra-Ayala S, Arriagada-Vera V, Oliva C, Diez B, Campusano JM.","Neuropharmacology. 2023 Sep 15;236:109573. doi: 10.1016/j.neuropharm.2023.109573. Epub 2023 May 15.","Molina-Mateo D","Neuropharmacology","2023","2023/05/17","","","10.1016/j.neuropharm.2023.109573"
"38106542","Sex Differences in the Allele Distribution of PGLYRP2 Variant rs892145 in Parkinson's Disease","Ran C, Wirdefeldt K, Sydow O, Svenningsson P, Diaz Heijtz R.","Parkinsons Dis. 2023 Dec 9;2023:6502727. doi: 10.1155/2023/6502727. eCollection 2023.","Ran C","Parkinsons Dis","2023","2023/12/18","PMC10725317","","10.1155/2023/6502727"
"36918961","NEMoE: a nutrition aware regularized mixture of experts model to identify heterogeneous diet-microbiome-host health interactions","Xu X, Lubomski M, Holmes AJ, Sue CM, Davis RL, Muller S, Yang JYH.","Microbiome. 2023 Mar 15;11(1):51. doi: 10.1186/s40168-023-01475-4.","Xu X","Microbiome","2023","2023/03/15","PMC10015776","","10.1186/s40168-023-01475-4"
"36698474","The different trends in the burden of neurological and mental disorders following dietary transition in China, the USA, and the world: An extension analysis for the Global Burden of Disease Study 2019","Liang S, Wang L, Wu X, Hu X, Wang T, Jin F.","Front Nutr. 2023 Jan 9;9:957688. doi: 10.3389/fnut.2022.957688. eCollection 2022.","Liang S","Front Nutr","2023","2023/01/26","PMC9869872","","10.3389/fnut.2022.957688"
"36455673","Exercise training has a protective effect in 1-methyl-4-phenyl-1,2,3,6-tetrahydropyridine mice model with improved neural and intestinal pathology and modified intestinal flora","Wang Y, Pu Z, Zhang Y, Du Z, Guo Z, Bai Q.","Behav Brain Res. 2023 Feb 15;439:114240. doi: 10.1016/j.bbr.2022.114240. Epub 2022 Nov 28.","Wang Y","Behav Brain Res","2023","2022/12/01","","","10.1016/j.bbr.2022.114240"
"37529180","Corrigendum: High levels of Bifidobacteriaceae are associated with the pathogenesis of Parkinson's disease","Zuo S, Wang H, Zhao Q, Tang J, Wang M, Zhang Y, Sang M, Tian J, Wang P.","Front Integr Neurosci. 2023 Jul 17;17:1229949. doi: 10.3389/fnint.2023.1229949. eCollection 2023.","Zuo S","Front Integr Neurosci","2023","2023/08/02","PMC10390073","","10.3389/fnint.2023.1229949"
