﻿PMID,Title,Authors,Citation,First Author,Journal/Book,Publication Year,Create Date,PMCID,NIHMS ID,DOI
"38178103","Gut microbiota, circulating cytokines and dementia: a Mendelian randomization study","Ji D, Chen WZ, Zhang L, Zhang ZH, Chen LJ.","J Neuroinflammation. 2024 Jan 4;21(1):2. doi: 10.1186/s12974-023-02999-0.","Ji D","J Neuroinflammation","2024","2024/01/04","PMC10765696","","10.1186/s12974-023-02999-0"
"38088063","Gut microbiota defined epigenomes of Alzheimer's and Parkinson's diseases reveal novel targets for therapy","Nohesara S, Abdolmaleky HM, Thiagalingam S, Zhou JR.","Epigenomics. 2024 Jan;16(1):57-77. doi: 10.2217/epi-2023-0342. Epub 2023 Dec 13.","Nohesara S","Epigenomics","2024","2023/12/13","PMC10804213","","10.2217/epi-2023-0342"
"38958636","Pesticides and the Gut Microbiota: Implications for Parkinson's Disease","Ghosh N, Sinha K, Sil PC.","Chem Res Toxicol. 2024 Jul 15;37(7):1071-1085. doi: 10.1021/acs.chemrestox.4c00057. Epub 2024 Jul 3.","Ghosh N","Chem Res Toxicol","2024","2024/07/03","","","10.1021/acs.chemrestox.4c00057"
"39064625","Mediterranean Diet Adherence, Gut Microbiota and Parkinson's Disease: A Systematic Review","Seelarbokus BA, Menozzi E, Schapira AHV, Kalea AZ, Macnaughtan J.","Nutrients. 2024 Jul 9;16(14):2181. doi: 10.3390/nu16142181.","Seelarbokus BA","Nutrients","2024","2024/07/27","PMC11280252","","10.3390/nu16142181"
"37967548","Gut Frailty: Its Concept and Pathogenesis","Naito Y.","Digestion. 2024;105(1):49-57. doi: 10.1159/000534733. Epub 2023 Nov 15.","Naito Y","Digestion","2024","2023/11/15","PMC10777716","","10.1159/000534733"
"38652236","Modulation of Gut Microbiota Through Dietary Intervention in Neuroinflammation and Alzheimer's and Parkinson's Diseases","Ayten Ş, Bilici S.","Curr Nutr Rep. 2024 Jun;13(2):82-96. doi: 10.1007/s13668-024-00539-7. Epub 2024 Apr 23.","Ayten Ş","Curr Nutr Rep","2024","2024/04/23","PMC11133127","","10.1007/s13668-024-00539-7"
"37843219","Correlation between the gut microbiome and neurodegenerative diseases: a review of metagenomics evidence","Liu X, Liu Y, Liu J, Zhang H, Shan C, Guo Y, Gong X, Cui M, Li X, Tang M.","Neural Regen Res. 2024 Apr;19(4):833-845. doi: 10.4103/1673-5374.382223.","Liu X","Neural Regen Res","2024","2023/10/16","PMC10664138","","10.4103/1673-5374.382223"
"38867886","The interplay between gut microbiota and the brain-gut axis in Parkinson's disease treatment","Jia X, Wang Q, Liu M, Ding JY.","Front Neurol. 2024 May 29;15:1415463. doi: 10.3389/fneur.2024.1415463. eCollection 2024.","Jia X","Front Neurol","2024","2024/06/13","PMC11168434","","10.3389/fneur.2024.1415463"
"38570412","The Gut Microbiota in Parkinson Disease: Interactions with Drugs and Potential for Therapeutic Applications","Menozzi E, Schapira AHV.","CNS Drugs. 2024 May;38(5):315-331. doi: 10.1007/s40263-024-01073-4. Epub 2024 Apr 3.","Menozzi E","CNS Drugs","2024","2024/04/03","PMC11026199","","10.1007/s40263-024-01073-4"
"38999791","Gut-Brain Axis in Focus: Polyphenols, Microbiota, and Their Influence on α-Synuclein in Parkinson's Disease","Riegelman E, Xue KS, Wang JS, Tang L.","Nutrients. 2024 Jun 27;16(13):2041. doi: 10.3390/nu16132041.","Riegelman E","Nutrients","2024","2024/07/13","PMC11243524","","10.3390/nu16132041"
"38279293","From the Gut to the Brain: The Role of Enteric Glial Cells and Their Involvement in the Pathogenesis of Parkinson's Disease","Montalbán-Rodríguez A, Abalo R, López-Gómez L.","Int J Mol Sci. 2024 Jan 20;25(2):1294. doi: 10.3390/ijms25021294.","Montalbán-Rodríguez A","Int J Mol Sci","2024","2024/01/27","PMC10816228","","10.3390/ijms25021294"
"37798868","Erythrocytic α-Synuclein and the Gut Microbiome: Kindling of the Gut-Brain Axis in Parkinson's Disease","Yang Y, Stewart T, Zhang C, Wang P, Xu Z, Jin J, Huang Y, Liu Z, Lan G, Liang X, Sheng L, Shi M, Cai Z, Zhang J.","Mov Disord. 2024 Jan;39(1):40-52. doi: 10.1002/mds.29620. Epub 2023 Oct 5.","Yang Y","Mov Disord","2024","2023/10/06","","","10.1002/mds.29620"
"39403202","Trends and hotspots on the relationship between gut microbiota and Parkinson's Disease: a bibliometric analysis","Li X, Hao X, Chen C, Zhai C, Pan T, Zhou X, Liu Y, Wu D, Chen X.","Front Cell Infect Microbiol. 2024 Sep 30;14:1421270. doi: 10.3389/fcimb.2024.1421270. eCollection 2024.","Li X","Front Cell Infect Microbiol","2024","2024/10/15","PMC11472709","","10.3389/fcimb.2024.1421270"
"38587699","The Interaction Between Nutraceuticals and Gut Microbiota: a Novel Therapeutic Approach to Prevent and Treatment Parkinson's Disease","Yao L, Yang Y, Yang X, Rezaei MJ.","Mol Neurobiol. 2024 Nov;61(11):9078-9109. doi: 10.1007/s12035-024-04151-2. Epub 2024 Apr 8.","Yao L","Mol Neurobiol","2024","2024/04/08","","","10.1007/s12035-024-04151-2"
"38679353","Association between increased and decreased gut microbiota abundance and Parkinson's disease: A systematic review and subgroup meta-analysis","Bai F, You L, Lei H, Li X.","Exp Gerontol. 2024 Jun 15;191:112444. doi: 10.1016/j.exger.2024.112444. Epub 2024 Apr 29.","Bai F","Exp Gerontol","2024","2024/04/28","","","10.1016/j.exger.2024.112444"
"38852651","Study on the mechanism of gut microbiota in the pathogenetic interaction between depression and Parkinson 's disease","Zhang P, Jin W, Lyu Z, Lyu X, Li L.","Brain Res Bull. 2024 Sep;215:111001. doi: 10.1016/j.brainresbull.2024.111001. Epub 2024 Jun 7.","Zhang P","Brain Res Bull","2024","2024/06/09","","","10.1016/j.brainresbull.2024.111001"
"37690584","An updated overview on the relationship between human gut microbiome dysbiosis and psychiatric and psychological disorders","Borrego-Ruiz A, Borrego JJ.","Prog Neuropsychopharmacol Biol Psychiatry. 2024 Jan 10;128:110861. doi: 10.1016/j.pnpbp.2023.110861. Epub 2023 Sep 9.","Borrego-Ruiz A","Prog Neuropsychopharmacol Biol Psychiatry","2024","2023/09/10","","","10.1016/j.pnpbp.2023.110861"
"37423520","Alterations of gut microbiota and its correlation with the liver metabolome in the process of ameliorating Parkinson's disease with Buyang Huanwu decoction","Hu J, Li P, Zhao H, Ji P, Yang Y, Ma J, Zhao X.","J Ethnopharmacol. 2024 Jan 10;318(Pt A):116893. doi: 10.1016/j.jep.2023.116893. Epub 2023 Jul 7.","Hu J","J Ethnopharmacol","2024","2023/07/09","","","10.1016/j.jep.2023.116893"
"38785512","The Effect of Gut Microbiota-Targeted Interventions on Neuroinflammation and Motor Function in Parkinson's Disease Animal Models-A Systematic Review","Panaitescu PȘ, Răzniceanu V, Mocrei-Rebrean ȘM, Neculicioiu VS, Dragoș HM, Costache C, Filip GA.","Curr Issues Mol Biol. 2024 Apr 26;46(5):3946-3974. doi: 10.3390/cimb46050244.","Panaitescu PȘ","Curr Issues Mol Biol","2024","2024/05/24","PMC11120577","","10.3390/cimb46050244"
"39177611","The Associations Among Gut Microbiota, Branched Chain Amino Acids, and Parkinson's Disease: Mendelian Randomization Study","Yan Z, Zhao G.","J Parkinsons Dis. 2024;14(6):1129-1138. doi: 10.3233/JPD-240244.","Yan Z","J Parkinsons Dis","2024","2024/08/23","PMC11380289","","10.3233/JPD-240244"
"39168575","Coffee and Parkinson's disease","Asuku AO, Ayinla MT, Olajide TS, Oyerinde TO, Yusuf JA, Bayo-Olugbami AA, Fajemidagba GA.","Prog Brain Res. 2024;289:1-19. doi: 10.1016/bs.pbr.2024.06.001. Epub 2024 Jul 2.","Asuku AO","Prog Brain Res","2024","2024/08/21","","","10.1016/bs.pbr.2024.06.001"
"38237261","Rubusoside mitigates neuroinflammation and cellular apoptosis in Parkinson's disease, and alters gut microbiota and metabolite composition","Meng T, Zhang Y, Huang J, Pandey V, Fu S, Ma S.","Phytomedicine. 2024 Feb;124:155309. doi: 10.1016/j.phymed.2023.155309. Epub 2023 Dec 20.","Meng T","Phytomedicine","2024","2024/01/18","","","10.1016/j.phymed.2023.155309"
"39106786","Gut microbiota modulates neurotransmitter and gut-brain signaling","Qu S, Yu Z, Zhou Y, Wang S, Jia M, Chen T, Zhang X.","Microbiol Res. 2024 Oct;287:127858. doi: 10.1016/j.micres.2024.127858. Epub 2024 Jul 26.","Qu S","Microbiol Res","2024","2024/08/06","","","10.1016/j.micres.2024.127858"
"38974034","Gut-directed therapy in Parkinson's disease","Benvenuti L, Di Salvo C, Bellini G, Seguella L, Rettura F, Esposito G, Antonioli L, Ceravolo R, Bernardini N, Pellegrini C, Fornai M.","Front Pharmacol. 2024 Jun 21;15:1407925. doi: 10.3389/fphar.2024.1407925. eCollection 2024.","Benvenuti L","Front Pharmacol","2024","2024/07/08","PMC11224490","","10.3389/fphar.2024.1407925"
"39036341","The gut microbiota-brain axis in neurological disorders","You M, Chen N, Yang Y, Cheng L, He H, Cai Y, Liu Y, Liu H, Hong G.","MedComm (2020). 2024 Jul 20;5(8):e656. doi: 10.1002/mco2.656. eCollection 2024 Aug.","You M","MedComm (2020)","2024","2024/07/22","PMC11260174","","10.1002/mco2.656"
"37307829","Relationships Between Rapid Eye Movement Sleep Behavior Disorder and Parkinson's Disease: Indication from Gut Microbiota Alterations","Zhang P, Huang P, Li Y, Du J, Luo N, He Y, Liu J, He G, Cui S, Zhang W, Li G, Shen X, Jun L, Chen S.","Aging Dis. 2024 Feb 1;15(1):357-368. doi: 10.14336/AD.2023.0518.","Zhang P","Aging Dis","2024","2023/06/12","PMC10796088","","10.14336/AD.2023.0518"
"39134825","Gut Microbiota-Induced Modulation of the Central Nervous System Function in Parkinson's Disease Through the Gut-Brain Axis and Short-Chain Fatty Acids","Ni Y, Tong Q, Xu M, Gu J, Ye H.","Mol Neurobiol. 2024 Aug 12. doi: 10.1007/s12035-024-04370-7. Online ahead of print.","Ni Y","Mol Neurobiol","2024","2024/08/12","","","10.1007/s12035-024-04370-7"
"38649365","Diet and the gut microbiome in patients with Parkinson's disease","Kwon D, Zhang K, Paul KC, Folle AD, Del Rosario I, Jacobs JP, Keener AM, Bronstein JM, Ritz B.","NPJ Parkinsons Dis. 2024 Apr 22;10(1):89. doi: 10.1038/s41531-024-00681-7.","Kwon D","NPJ Parkinsons Dis","2024","2024/04/22","PMC11035608","","10.1038/s41531-024-00681-7"
"38357211","Gut microbiota and metabolite variations in a migraine mouse model","Wang D, Liu X, Shi S, Ren T, Wang W.","Front Cell Infect Microbiol. 2024 Jan 31;13:1322059. doi: 10.3389/fcimb.2023.1322059. eCollection 2023.","Wang D","Front Cell Infect Microbiol","2024","2024/02/15","PMC10864585","","10.3389/fcimb.2023.1322059"
"38989933","Gut microbiota-astrocyte axis: new insights into age-related cognitive decline","Zhang L, Wei J, Liu X, Li D, Pang X, Chen F, Cao H, Lei P.","Neural Regen Res. 2025 Apr 1;20(4):990-1008. doi: 10.4103/NRR.NRR-D-23-01776. Epub 2024 Apr 16.","Zhang L","Neural Regen Res","2025","2024/07/11","PMC11438350","","10.4103/NRR.NRR-D-23-01776"
"38344171","The interplay between microbiota and brain-gut axis in epilepsy treatment","Zhu H, Wang W, Li Y.","Front Pharmacol. 2024 Jan 26;15:1276551. doi: 10.3389/fphar.2024.1276551. eCollection 2024.","Zhu H","Front Pharmacol","2024","2024/02/12","PMC10853364","","10.3389/fphar.2024.1276551"
"38237031","The contribution of age-related changes in the gut-brain axis to neurological disorders","Khan R, Di Gesù CM, Lee J, McCullough LD.","Gut Microbes. 2024 Jan-Dec;16(1):2302801. doi: 10.1080/19490976.2024.2302801. Epub 2024 Jan 18.","Khan R","Gut Microbes","2024","2024/01/18","PMC10798364","","10.1080/19490976.2024.2302801"
"38848023","The connection between gut microbiota and its metabolites with neurodegenerative diseases in humans","Fabi JP.","Metab Brain Dis. 2024 Jun;39(5):967-984. doi: 10.1007/s11011-024-01369-w. Epub 2024 Jun 7.","Fabi JP","Metab Brain Dis","2024","2024/06/07","","","10.1007/s11011-024-01369-w"
"39113894","Exploring Causal Links Between Gut Microbiota and Geriatric Syndromes: A Two-Sample Mendelian Randomization Analysis","Yao Q, Chen L, Cai Y, Li C, Wen S, Yang C, Zhang Q, Zeng Y, Zheng S, Zou J, Huang G, Zeng Q.","Int J Med Sci. 2024 Jul 22;21(10):1945-1963. doi: 10.7150/ijms.94335. eCollection 2024.","Yao Q","Int J Med Sci","2024","2024/08/08","PMC11302557","","10.7150/ijms.94335"
"38409641","Neuroprotective Effects of Bifidobacterium animalis subsp. lactis NJ241 in a Mouse Model of Parkinson's Disease: Implications for Gut Microbiota and PGC-1α","Dong Y, Qi Y, Chen J, Han S, Su W, Ma X, Yu Y, Wang Y.","Mol Neurobiol. 2024 Oct;61(10):7534-7548. doi: 10.1007/s12035-024-04038-2. Epub 2024 Feb 26.","Dong Y","Mol Neurobiol","2024","2024/02/27","PMC11415479","","10.1007/s12035-024-04038-2"
"38686220","Safety and efficacy of faecal microbiota transplantation in patients with mild to moderate Parkinson's disease (GUT-PARFECT): a double-blind, placebo-controlled, randomised, phase 2 trial","Bruggeman A, Vandendriessche C, Hamerlinck H, De Looze D, Tate DJ, Vuylsteke M, De Commer L, Devolder L, Raes J, Verhasselt B, Laukens D, Vandenbroucke RE, Santens P.","EClinicalMedicine. 2024 Mar 27;71:102563. doi: 10.1016/j.eclinm.2024.102563. eCollection 2024 May.","Bruggeman A","EClinicalMedicine","2024","2024/04/30","PMC11056595","","10.1016/j.eclinm.2024.102563"
"38385354","Gastrodia elata polysaccharide alleviates Parkinson's disease via inhibiting apoptotic and inflammatory signaling pathways and modulating the gut microbiota","Gan QX, Peng MY, Wei HB, Chen LL, Chen XY, Li ZH, An GQ, Ma YT.","Food Funct. 2024 Mar 18;15(6):2920-2938. doi: 10.1039/d3fo05169b.","Gan QX","Food Funct","2024","2024/02/22","","","10.1039/d3fo05169b"
"38211635","Microbiota-microglia crosstalk between Blautia producta and neuroinflammation of Parkinson's disease: A bench-to-bedside translational approach","Liu J, Lv X, Ye T, Zhao M, Chen Z, Zhang Y, Yang W, Xie H, Zhan L, Chen L, Liu WC, Su KP, Sun J.","Brain Behav Immun. 2024 Mar;117:270-282. doi: 10.1016/j.bbi.2024.01.010. Epub 2024 Jan 9.","Liu J","Brain Behav Immun","2024","2024/01/11","","","10.1016/j.bbi.2024.01.010"
"37787835","The gut microbiome: an important role in neurodegenerative diseases and their therapeutic advances","Li S, Zhao L, Xiao J, Guo Y, Fu R, Zhang Y, Xu S.","Mol Cell Biochem. 2024 Sep;479(9):2217-2243. doi: 10.1007/s11010-023-04853-6. Epub 2023 Oct 3.","Li S","Mol Cell Biochem","2024","2023/10/03","","","10.1007/s11010-023-04853-6"
"38755164","Gut microbiota produces biofilm-associated amyloids with potential for neurodegeneration","Fernández-Calvet A, Matilla-Cuenca L, Izco M, Navarro S, Serrano M, Ventura S, Blesa J, Herráiz M, Alkorta-Aranburu G, Galera S, Ruiz de Los Mozos I, Mansego ML, Toledo-Arana A, Alvarez-Erviti L, Valle J.","Nat Commun. 2024 May 16;15(1):4150. doi: 10.1038/s41467-024-48309-x.","Fernández-Calvet A","Nat Commun","2024","2024/05/16","PMC11099085","","10.1038/s41467-024-48309-x"
"38518598","Gut microbiota in neurological diseases: Melatonin plays an important regulatory role","Ahmadi S, Taghizadieh M, Mehdizadehfar E, Hasani A, Khalili Fard J, Feizi H, Hamishehkar H, Ansarin M, Yekani M, Memar MY.","Biomed Pharmacother. 2024 May;174:116487. doi: 10.1016/j.biopha.2024.116487. Epub 2024 Mar 21.","Ahmadi S","Biomed Pharmacother","2024","2024/03/22","","","10.1016/j.biopha.2024.116487"
"38244807","Potential effects of the most prescribed drugs on the microbiota-gut-brain-axis: A review","Garg K, Mohajeri MH.","Brain Res Bull. 2024 Feb;207:110883. doi: 10.1016/j.brainresbull.2024.110883. Epub 2024 Jan 18.","Garg K","Brain Res Bull","2024","2024/01/20","","","10.1016/j.brainresbull.2024.110883"
"38435303","Dysbiosis of the gut microbiota and its effect on α-synuclein and prion protein misfolding: consequences for neurodegeneration","Mahbub NU, Islam MM, Hong ST, Chung HJ.","Front Cell Infect Microbiol. 2024 Feb 16;14:1348279. doi: 10.3389/fcimb.2024.1348279. eCollection 2024.","Mahbub NU","Front Cell Infect Microbiol","2024","2024/03/04","PMC10904658","","10.3389/fcimb.2024.1348279"
"39019779","Exercise perspective: Benefits and mechanisms of gut microbiota on the body","Gao X, Zhang P.","Zhong Nan Da Xue Xue Bao Yi Xue Ban. 2024 Apr 28;49(4):508-515. doi: 10.11817/j.issn.1672-7347.2024.230550.","Gao X","Zhong Nan Da Xue Xue Bao Yi Xue Ban","2024","2024/07/17","PMC11255194","","10.11817/j.issn.1672-7347.2024.230550"
"38875045","The Gut-Brain Axis in Alzheimer's and Parkinson's Diseases: The Catalytic Role of Mitochondria","Candeias E, Pereira-Santos AR, Empadinhas N, Cardoso SM, Esteves ARF.","J Alzheimers Dis. 2024;100(2):413-429. doi: 10.3233/JAD-240524.","Candeias E","J Alzheimers Dis","2024","2024/06/14","","","10.3233/JAD-240524"
"38287957","Causal relationship between gut microflora and dementia: a Mendelian randomization study","Fu J, Qin Y, Xiao L, Dai X.","Front Microbiol. 2024 Jan 15;14:1306048. doi: 10.3389/fmicb.2023.1306048. eCollection 2023.","Fu J","Front Microbiol","2024","2024/01/30","PMC10822966","","10.3389/fmicb.2023.1306048"
"38804299","Neuromodulation and the Gut-Brain Axis: Therapeutic Mechanisms and Implications for Gastrointestinal and Neurological Disorders","Aljeradat B, Kumar D, Abdulmuizz S, Kundu M, Almealawy YF, Batarseh DR, Atallah O, Ennabe M, Alsarafandi M, Alan A, Weinand M.","Pathophysiology. 2024 May 17;31(2):244-268. doi: 10.3390/pathophysiology31020019.","Aljeradat B","Pathophysiology","2024","2024/05/28","PMC11130832","","10.3390/pathophysiology31020019"
"39459534","The Microbiota-Gut-Brain Axis and Neurological Disorders: A Comprehensive Review","Nakhal MM, Yassin LK, Alyaqoubi R, Saeed S, Alderei A, Alhammadi A, Alshehhi M, Almehairbi A, Al Houqani S, BaniYas S, Qanadilo H, Ali BR, Shehab S, Statsenko Y, Meribout S, Sadek B, Akour A, Hamad MIK.","Life (Basel). 2024 Sep 26;14(10):1234. doi: 10.3390/life14101234.","Nakhal MM","Life (Basel)","2024","2024/10/26","PMC11508655","","10.3390/life14101234"
"38488556","Unraveling the gut-brain axis: the impact of steroid hormones and nutrition on Parkinson's disease","Neufeld PM, Nettersheim RA, Matschke V, Vorgerd M, Stahlke S, Theiss C.","Neural Regen Res. 2024 Oct 1;19(10):2219-2228. doi: 10.4103/1673-5374.391304. Epub 2023 Dec 21.","Neufeld PM","Neural Regen Res","2024","2024/03/15","PMC11034592","","10.4103/1673-5374.391304"
"39300699","Microbiota-gut-brain axis in health and neurological disease: Interactions between gut microbiota and the nervous system","He Y, Wang K, Su N, Yuan C, Zhang N, Hu X, Fu Y, Zhao F.","J Cell Mol Med. 2024 Sep;28(18):e70099. doi: 10.1111/jcmm.70099.","He Y","J Cell Mol Med","2024","2024/09/20","PMC11412916","","10.1111/jcmm.70099"
"39161161","Fecal microbiota from patients with Parkinson's disease intensifies inflammation and neurodegeneration in A53T mice","Yang H, Shao Y, Hu Y, Qian J, Wang P, Tian L, Ni Y, Li S, Al-Nusaif M, Liu C, Le W.","CNS Neurosci Ther. 2024 Aug;30(8):e70003. doi: 10.1111/cns.70003.","Yang H","CNS Neurosci Ther","2024","2024/08/20","PMC11333719","","10.1111/cns.70003"
"38314132","Relationship among Parkinson's disease, constipation, microbes, and microbiological therapy","Yuan XY, Chen YS, Liu Z.","World J Gastroenterol. 2024 Jan 21;30(3):225-237. doi: 10.3748/wjg.v30.i3.225.","Yuan XY","World J Gastroenterol","2024","2024/02/05","PMC10835526","","10.3748/wjg.v30.i3.225"
"39317918","Dysbiosis and fecal microbiota transplant: Contemplating progress in health, neurodegeneration and longevity","Ahmadi S, Hasani A, Khabbaz A, Poortahmasbe V, Hosseini S, Yasdchi M, Mehdizadehfar E, Mousavi Z, Hasani R, Nabizadeh E, Nezhadi J.","Biogerontology. 2024 Nov;25(6):957-983. doi: 10.1007/s10522-024-10136-4. Epub 2024 Sep 24.","Ahmadi S","Biogerontology","2024","2024/09/24","","","10.1007/s10522-024-10136-4"
"39064171","The Brain-Gut Axis, an Important Player in Alzheimer and Parkinson Disease: A Narrative Review","Caradonna E, Nemni R, Bifone A, Gandolfo P, Costantino L, Giordano L, Mormone E, Macula A, Cuomo M, Difruscolo R, Vanoli C, Vanoli E, Ferrara F.","J Clin Med. 2024 Jul 15;13(14):4130. doi: 10.3390/jcm13144130.","Caradonna E","J Clin Med","2024","2024/07/27","PMC11278248","","10.3390/jcm13144130"
"38727306","From the Gut to the Brain: Is Microbiota a New Paradigm in Parkinson's Disease Treatment?","Vilela C, Araújo B, Soares-Guedes C, Caridade-Silva R, Martins-Macedo J, Teixeira C, Gomes ED, Prudêncio C, Vieira M, Teixeira FG.","Cells. 2024 Apr 30;13(9):770. doi: 10.3390/cells13090770.","Vilela C","Cells","2024","2024/05/10","PMC11083070","","10.3390/cells13090770"
"38817603","The microbiota-gut-brain-immune interface in the pathogenesis of neuroinflammatory diseases: a narrative review of the emerging literature","Warren A, Nyavor Y, Zarabian N, Mahoney A, Frame LA.","Front Immunol. 2024 May 16;15:1365673. doi: 10.3389/fimmu.2024.1365673. eCollection 2024.","Warren A","Front Immunol","2024","2024/05/31","PMC11137262","","10.3389/fimmu.2024.1365673"
"38141735","Does gut brain axis has an impact on Parkinson's disease (PD)?","Elangovan A, Dahiya B, Kirola L, Iyer M, Jeeth P, Maharaj S, Kumari N, Lakhanpal V, Michel TM, Rao KRSS, Cho SG, Yadav MK, Gopalakrishnan AV, Kadhirvel S, Kumar NS, Vellingiri B.","Ageing Res Rev. 2024 Feb;94:102171. doi: 10.1016/j.arr.2023.102171. Epub 2023 Dec 21.","Elangovan A","Ageing Res Rev","2024","2023/12/23","","","10.1016/j.arr.2023.102171"
"37850544","Influence of gut microbiota on the development of most prevalent neurodegenerative dementias and the potential effect of probiotics in elderly: A scoping review","Mateo D, Marquès M, Domingo JL, Torrente M.","Am J Med Genet B Neuropsychiatr Genet. 2024 Mar;195(2):e32959. doi: 10.1002/ajmg.b.32959. Epub 2023 Oct 18.","Mateo D","Am J Med Genet B Neuropsychiatr Genet","2024","2023/10/18","","","10.1002/ajmg.b.32959"
"38873926","Associations between gut microbiota characteristics and non-motor symptoms following pharmacological and surgical treatments in Parkinson's disease patients","Gorecka-Mazur A, Krygowska-Wajs A, Furgala A, Li J, Misselwitz B, Pietraszko W, Kwinta B, Yilmaz B.","Neurogastroenterol Motil. 2024 Aug;36(8):e14846. doi: 10.1111/nmo.14846. Epub 2024 Jun 14.","Gorecka-Mazur A","Neurogastroenterol Motil","2024","2024/06/14","","","10.1111/nmo.14846"
"37674043","Gut microbiota-induced CXCL1 elevation triggers early neuroinflammation in the substantia nigra of Parkinsonian mice","Ma XZ, Chen LL, Qu L, Li H, Wang J, Song N, Xie JX.","Acta Pharmacol Sin. 2024 Jan;45(1):52-65. doi: 10.1038/s41401-023-01147-x. Epub 2023 Sep 6.","Ma XZ","Acta Pharmacol Sin","2024","2023/09/06","PMC10770039","","10.1038/s41401-023-01147-x"
"38694925","Buty and the beast: the complex role of butyrate in Parkinson's disease","Elford JD, Becht N, Garssen J, Kraneveld AD, Perez-Pardo P.","Front Pharmacol. 2024 Apr 17;15:1388401. doi: 10.3389/fphar.2024.1388401. eCollection 2024.","Elford JD","Front Pharmacol","2024","2024/05/02","PMC11061429","","10.3389/fphar.2024.1388401"
"38449863","Protective effects of fecal microbiota transplantation against ischemic stroke and other neurological disorders: an update","Hediyal TA, Vichitra C, Anand N, Bhaskaran M, Essa SM, Kumar P, Qoronfleh MW, Akbar M, Kaul-Ghanekar R, Mahalakshmi AM, Yang J, Song BJ, Monaghan TM, Sakharkar MK, Chidambaram SB.","Front Immunol. 2024 Feb 21;15:1324018. doi: 10.3389/fimmu.2024.1324018. eCollection 2024.","Hediyal TA","Front Immunol","2024","2024/03/07","PMC10915229","","10.3389/fimmu.2024.1324018"
"39334720","Redox Homeostasis, Gut Microbiota, and Epigenetics in Neurodegenerative Diseases: A Systematic Review","Munteanu C, Galaction AI, Turnea M, Blendea CD, Rotariu M, Poștaru M.","Antioxidants (Basel). 2024 Aug 30;13(9):1062. doi: 10.3390/antiox13091062.","Munteanu C","Antioxidants (Basel)","2024","2024/09/28","PMC11429174","","10.3390/antiox13091062"
"38227539","Gut microbiota dysbiosis contributes to α-synuclein-related pathology associated with C/EBPβ/AEP signaling activation in a mouse model of Parkinson's disease","Fang X, Liu S, Muhammad B, Zheng M, Ge X, Xu Y, Kan S, Zhang Y, Yu Y, Zheng K, Geng D, Liu CF.","Neural Regen Res. 2024 Sep 1;19(9):2081-2088. doi: 10.4103/1673-5374.391191. Epub 2024 Jan 12.","Fang X","Neural Regen Res","2024","2024/01/16","PMC11040317","","10.4103/1673-5374.391191"
"38840699","Correlation between dietary factors and Parkinson's disease revealed by the analysis of Mendelian randomization","Zeng S, Yusufujiang A, Zhang C, Yang C, Li H.","Front Nutr. 2024 May 22;11:1273874. doi: 10.3389/fnut.2024.1273874. eCollection 2024.","Zeng S","Front Nutr","2024","2024/06/06","PMC11151297","","10.3389/fnut.2024.1273874"
"38957302","Mild cognitive impairment and microbiota: what is known and future perspectives","Gallo A, Martone AM, Liperoti R, Cipriani MC, Ibba F, Camilli S, Rognoni FM, Landi F, Montalto M.","Front Med (Lausanne). 2024 Jun 18;11:1410246. doi: 10.3389/fmed.2024.1410246. eCollection 2024.","Gallo A","Front Med (Lausanne)","2024","2024/07/03","PMC11217486","","10.3389/fmed.2024.1410246"
"38773112","Meta-analysis of shotgun sequencing of gut microbiota in Parkinson's disease","Nishiwaki H, Ueyama J, Ito M, Hamaguchi T, Takimoto K, Maeda T, Kashihara K, Tsuboi Y, Mori H, Kurokawa K, Katsuno M, Hirayama M, Ohno K.","NPJ Parkinsons Dis. 2024 May 21;10(1):106. doi: 10.1038/s41531-024-00724-z.","Nishiwaki H","NPJ Parkinsons Dis","2024","2024/05/21","PMC11109112","","10.1038/s41531-024-00724-z"
"39377830","Gut-Brain Axis and Neuroinflammation: The Role of Gut Permeability and the Kynurenine Pathway in Neurological Disorders","Kearns R.","Cell Mol Neurobiol. 2024 Oct 8;44(1):64. doi: 10.1007/s10571-024-01496-z.","Kearns R","Cell Mol Neurobiol","2024","2024/10/08","PMC11461658","","10.1007/s10571-024-01496-z"
"39071627","Gut-brain axis: A cutting-edge approach to target neurological disorders and potential synbiotic application","Ashique S, Mohanto S, Ahmed MG, Mishra N, Garg A, Chellappan DK, Omara T, Iqbal S, Kahwa I.","Heliyon. 2024 Jul 4;10(13):e34092. doi: 10.1016/j.heliyon.2024.e34092. eCollection 2024 Jul 15.","Ashique S","Heliyon","2024","2024/07/29","PMC11279763","","10.1016/j.heliyon.2024.e34092"
"39449004","Gut-first Parkinson's disease is encoded by gut dysbiome","Munoz-Pinto MF, Candeias E, Melo-Marques I, Esteves AR, Maranha A, Magalhães JD, Carneiro DR, Sant'Anna M, Pereira-Santos AR, Abreu AE, Nunes-Costa D, Alarico S, Tiago I, Morgadinho A, Lemos J, Figueiredo PN, Januário C, Empadinhas N, Cardoso SM.","Mol Neurodegener. 2024 Oct 24;19(1):78. doi: 10.1186/s13024-024-00766-0.","Munoz-Pinto MF","Mol Neurodegener","2024","2024/10/25","PMC11515425","","10.1186/s13024-024-00766-0"
"36200211","Targeting Gut Dysbiosis and Microbiome Metabolites for the Development of Therapeutic Modalities for Neurological Disorders","Wiefels MD, Furar E, Eshraghi RS, Mittal J, Memis I, Moosa M, Mittal R, Eshraghi AA.","Curr Neuropharmacol. 2024;22(1):123-139. doi: 10.2174/1570159X20666221003085508.","Wiefels MD","Curr Neuropharmacol","2024","2022/10/06","PMC10716879","","10.2174/1570159X20666221003085508"
"38265387","Bridging the Mind and Gut: Uncovering the Intricacies of Neurotransmitters, Neuropeptides, and their Influence on Neuropsychiatric Disorders","Gupta S, Dinesh S, Sharma S.","Cent Nerv Syst Agents Med Chem. 2024;24(1):2-21. doi: 10.2174/0118715249271548231115071021.","Gupta S","Cent Nerv Syst Agents Med Chem","2024","2024/01/24","","","10.2174/0118715249271548231115071021"
"38965287","A neurotherapeutic approach with Lacticaseibacillus rhamnosus E9 on gut microbiota and intestinal barrier in MPTP-induced mouse model of Parkinson's disease","Aktas B, Aslim B, Ozdemir DA.","Sci Rep. 2024 Jul 4;14(1):15460. doi: 10.1038/s41598-024-65061-w.","Aktas B","Sci Rep","2024","2024/07/04","PMC11224381","","10.1038/s41598-024-65061-w"
"39042202","Semaglutide Attenuates Anxious and Depressive-Like Behaviors and Reverses the Cognitive Impairment in a Type 2 Diabetes Mellitus Mouse Model Via the Microbiota-Gut-Brain Axis","de Paiva IHR, da Silva RS, Mendonça IP, de Souza JRB, Peixoto CA.","J Neuroimmune Pharmacol. 2024 Jul 23;19(1):36. doi: 10.1007/s11481-024-10142-w.","de Paiva IHR","J Neuroimmune Pharmacol","2024","2024/07/23","","","10.1007/s11481-024-10142-w"
"39189380","Allantoin ameliorates dopaminergic neuronal damage in MPTP-induced Parkinson's disease mice via regulating oxidative damage, inflammation, and gut microbiota disorder","Yang S, Sun X, Liu D, Zhang Y, Gao X, He J, Cui M, Fu S, He D.","Food Funct. 2024 Sep 16;15(18):9390-9408. doi: 10.1039/d4fo02167c.","Yang S","Food Funct","2024","2024/08/27","","","10.1039/d4fo02167c"
"38854967","Bidirectional communication of the gut-brain axis: new findings in Parkinson's disease and inflammatory bowel disease","Wanyi Z, Jiao Y, Wen H, Bin X, Xuefei W, Lan J, Liuyin Z.","Front Neurol. 2024 May 24;15:1407241. doi: 10.3389/fneur.2024.1407241. eCollection 2024.","Wanyi Z","Front Neurol","2024","2024/06/10","PMC11157024","","10.3389/fneur.2024.1407241"
"39070266","Gut microbiota from patients with Parkinson's disease causes motor deficits in honeybees","Zeng J, Li Y, Yan J, Chang R, Xu M, Zhou G, Meng J, Liu D, Mao Z, Yang Y.","Front Microbiol. 2024 Jul 12;15:1418857. doi: 10.3389/fmicb.2024.1418857. eCollection 2024.","Zeng J","Front Microbiol","2024","2024/07/29","PMC11272988","","10.3389/fmicb.2024.1418857"
"37755674","Relationship Between Short-chain Fatty Acids and Parkinson's Disease: A Review from Pathology to Clinic","Duan WX, Wang F, Liu JY, Liu CF.","Neurosci Bull. 2024 Apr;40(4):500-516. doi: 10.1007/s12264-023-01123-9. Epub 2023 Sep 27.","Duan WX","Neurosci Bull","2024","2023/09/27","PMC11003953","","10.1007/s12264-023-01123-9"
"37589449","Communal interaction of glycation and gut microbes in diabetes mellitus, Alzheimer's disease, and Parkinson's disease pathogenesis","Patil RS, Tupe RS.","Med Res Rev. 2024 Jan;44(1):365-405. doi: 10.1002/med.21987. Epub 2023 Aug 17.","Patil RS","Med Res Rev","2024","2023/08/17","","","10.1002/med.21987"
"38078745","Microbiota-mediated effects of Parkinson's disease medications on Parkinsonian non-motor symptoms in male transgenic mice","Radisavljevic N, Metcalfe-Roach A, Cirstea M, Tabusi MM, Bozorgmehr T, Bar-Yoseph H, Finlay BB.","mSphere. 2024 Jan 30;9(1):e0037923. doi: 10.1128/msphere.00379-23. Epub 2023 Dec 11.","Radisavljevic N","mSphere","2024","2023/12/11","PMC10826342","","10.1128/msphere.00379-23"
"39065820","Sika Deer Velvet Antler Peptide Exerts Neuroprotective Effect in a Parkinson's Disease Model via Regulating Oxidative Damage and Gut Microbiota","Liu Y, Li H, Yang M, Guo J, Sun Z, Wang S, Li R, Pang X, Kim Y, Wang X, Peng Y.","Pharmaceuticals (Basel). 2024 Jul 22;17(7):972. doi: 10.3390/ph17070972.","Liu Y","Pharmaceuticals (Basel)","2024","2024/07/27","PMC11280472","","10.3390/ph17070972"
"38515447","Analyzing the bibliometrics of brain-gut axis and Parkinson's disease","Chen L, Chen J, Wu M, Yan P, Zhou X.","Front Neurol. 2024 Mar 7;15:1343303. doi: 10.3389/fneur.2024.1343303. eCollection 2024.","Chen L","Front Neurol","2024","2024/03/22","PMC10954898","","10.3389/fneur.2024.1343303"
"39078158","Meta-analysis of the human gut microbiome uncovers shared and distinct microbial signatures between diseases","Jin D-M, Morton JT, Bonneau R.","mSystems. 2024 Aug 20;9(8):e0029524. doi: 10.1128/msystems.00295-24. Epub 2024 Jul 30.","Jin D-M","mSystems","2024","2024/07/30","PMC11334437","","10.1128/msystems.00295-24"
"38450172","Electroacupuncture at ST25 corrected gut microbial dysbiosis and SNpc lipid peroxidation in Parkinson's disease rats","Hu XM, Song LZ, Zhang ZZ, Ruan X, Li HC, Yu Z, Huang L.","Front Microbiol. 2024 Feb 21;15:1358525. doi: 10.3389/fmicb.2024.1358525. eCollection 2024.","Hu XM","Front Microbiol","2024","2024/03/07","PMC10915097","","10.3389/fmicb.2024.1358525"
"39417117","Toxic Metals Impact Gut Microbiota and Metabolic Risk in Five African-Origin Populations","Jorgensen JA, Choo-Kang C, Wang L, Issa L, Gilbert JA, Ecklu-Mensah G, Luke A, Bedu-Addo K, Forrester T, Bovet P, Lambert EV, Rae D, Argos M, Kelly TN, Sargis RM, Dugas LR, Dai Y, Layden BT.","medRxiv [Preprint]. 2024 Oct 7:2024.10.07.24315016. doi: 10.1101/2024.10.07.24315016.","Jorgensen JA","medRxiv","2024","2024/10/17","PMC11483006","","10.1101/2024.10.07.24315016"
"39284418","Ageing, proteostasis, and the gut: Insights into neurological health and disease","Akbar M, Toppo P, Nazir A.","Ageing Res Rev. 2024 Sep 14;101:102504. doi: 10.1016/j.arr.2024.102504. Online ahead of print.","Akbar M","Ageing Res Rev","2024","2024/09/16","","","10.1016/j.arr.2024.102504"
"38898687","Gut Microbiota Metabolite Messengers in Brain Function and Pathology at a View of Cell Type-Based Receptor and Enzyme Reaction","Lee B, Lee SM, Song JW, Choi JW.","Biomol Ther (Seoul). 2024 Jul 1;32(4):403-423. doi: 10.4062/biomolther.2024.009. Epub 2024 Jun 20.","Lee B","Biomol Ther (Seoul)","2024","2024/06/20","PMC11214962","","10.4062/biomolther.2024.009"
"38774094","Electroacupuncture blocked motor dysfunction and gut barrier damage by modulating intestinal NLRP3 inflammasome in MPTP-induced Parkinson's disease mice","Guo L, Hu H, Jiang N, Yang H, Sun X, Xia H, Ma J, Liu H.","Heliyon. 2024 May 7;10(9):e30819. doi: 10.1016/j.heliyon.2024.e30819. eCollection 2024 May 15.","Guo L","Heliyon","2024","2024/05/22","PMC11107113","","10.1016/j.heliyon.2024.e30819"
"37747555","Diet-gut microbiome interaction and ferulic acid bioavailability: implications on neurodegenerative disorders","Kunnummal SP, Khan M.","Eur J Nutr. 2024 Feb;63(1):51-66. doi: 10.1007/s00394-023-03247-0. Epub 2023 Sep 25.","Kunnummal SP","Eur J Nutr","2024","2023/09/25","","","10.1007/s00394-023-03247-0"
"38447734","Melatonin mitigates manganese-induced neural damage via modulation of gut microbiota-metabolism in mice","He W, Wang X, Yang X, Zhang G, Zhang J, Chen L, Niu P, Chen T.","Sci Total Environ. 2024 May 1;923:171474. doi: 10.1016/j.scitotenv.2024.171474. Epub 2024 Mar 5.","He W","Sci Total Environ","2024","2024/03/06","","","10.1016/j.scitotenv.2024.171474"
"38464323","Meta-analysis of the human gut microbiome uncovers shared and distinct microbial signatures between diseases","Jin DM, Morton JT, Bonneau R.","bioRxiv [Preprint]. 2024 Feb 29:2024.02.27.582333. doi: 10.1101/2024.02.27.582333.","Jin DM","bioRxiv","2024","2024/03/11","PMC10925178","","10.1101/2024.02.27.582333"
"38499889","The role of HLA-DR on plasmacytoid dendritic cells in mediating the effects of Butyrivibrio gut microbiota on Parkinson's disease","Wang Z, Xia H, Feng T, Aibibuli A, Zhang M, Yang X.","Neurol Sci. 2024 Aug;45(8):3809-3815. doi: 10.1007/s10072-024-07467-y. Epub 2024 Mar 19.","Wang Z","Neurol Sci","2024","2024/03/19","","","10.1007/s10072-024-07467-y"
"38648770","Role of the Gut Microbiome and Bacterial Amyloids in the Development of Synucleinopathies","Trubitsina NP, Matiiv AB, Rogoza TM, Zudilova AA, Bezgina MD, Zhouravleva GA, Bondarev SA.","Biochemistry (Mosc). 2024 Mar;89(3):523-542. doi: 10.1134/S0006297924030118.","Trubitsina NP","Biochemistry (Mosc)","2024","2024/04/22","","","10.1134/S0006297924030118"
"39173756","Fecal microbiome transplantation alleviates manganese-induced neurotoxicity by altering the composition and function of the gut microbiota via the cGAS-STING/NLRP3 pathway","Liu J, Zhang Z, Zhong S, Zhang X, Yang J, Zhou Q, Wang D, Chang X, Wang H.","Sci Total Environ. 2024 Nov 15;951:175681. doi: 10.1016/j.scitotenv.2024.175681. Epub 2024 Aug 22.","Liu J","Sci Total Environ","2024","2024/08/22","","","10.1016/j.scitotenv.2024.175681"
"39043489","Evolving insights into erythrocytes in synucleinopathies","Yang Y, Nie X, Wang Y, Sun J, Gao X, Zhang J.","Trends Neurosci. 2024 Sep;47(9):693-707. doi: 10.1016/j.tins.2024.06.005. Epub 2024 Jul 23.","Yang Y","Trends Neurosci","2024","2024/07/23","","","10.1016/j.tins.2024.06.005"
"38399728","Changes in Bacterial Gut Composition in Parkinson's Disease and Their Metabolic Contribution to Disease Development: A Gut Community Reconstruction Approach","Forero-Rodríguez J, Zimmermann J, Taubenheim J, Arias-Rodríguez N, Caicedo-Narvaez JD, Best L, Mendieta CV, López-Castiblanco J, Gómez-Muñoz LA, Gonzalez-Santos J, Arboleda H, Fernandez W, Kaleta C, Pinzón A.","Microorganisms. 2024 Feb 4;12(2):325. doi: 10.3390/microorganisms12020325.","Forero-Rodríguez J","Microorganisms","2024","2024/02/24","PMC10893096","","10.3390/microorganisms12020325"
"39155987","HIV-associated neurocognitive disorder: key implications of the microbiota-gut-brain axis","Hu A, Zaongo SD, Harypursat V, Wang X, Ouyang J, Chen Y.","Front Microbiol. 2024 Aug 2;15:1428239. doi: 10.3389/fmicb.2024.1428239. eCollection 2024.","Hu A","Front Microbiol","2024","2024/08/19","PMC11327151","","10.3389/fmicb.2024.1428239"
"39266892","The role of gut-derived short-chain fatty acids in Parkinson's disease","Saadh MJ, Mustafa AN, Mustafa MA, S RJ, Dabis HK, Prasad GVS, Mohammad IJ, Adnan A, Idan AH.","Neurogenetics. 2024 Sep 13. doi: 10.1007/s10048-024-00779-3. Online ahead of print.","Saadh MJ","Neurogenetics","2024","2024/09/12","","","10.1007/s10048-024-00779-3"
"38287859","The Neuroprotective Effects of Electroacupuncture on Parkinson's Disease and the Underlying Molecular Mechanisms","Han Q, Chen P, Chen X, Wang L, Huang R, Li W, Liu G.","J Integr Neurosci. 2024 Jan 16;23(1):11. doi: 10.31083/j.jin2301011.","Han Q","J Integr Neurosci","2024","2024/01/30","","","10.31083/j.jin2301011"
"38914414","Exploring the gut-brain Axis: Potential therapeutic impact of Psychobiotics on mental health","Cocean AM, Vodnar DC.","Prog Neuropsychopharmacol Biol Psychiatry. 2024 Aug 30;134:111073. doi: 10.1016/j.pnpbp.2024.111073. Epub 2024 Jun 22.","Cocean AM","Prog Neuropsychopharmacol Biol Psychiatry","2024","2024/06/24","","","10.1016/j.pnpbp.2024.111073"
"39431278","The brain-gut axis: communication mechanisms and the role of the microbiome as a neuroprotective factor in the development of neurodegenerative diseases: A literature overview","Białoń MN, Górka DHNOZD, Górka MM.","AIMS Neurosci. 2024 Aug 28;11(3):289-311. doi: 10.3934/Neuroscience.2024019. eCollection 2024.","Białoń MN","AIMS Neurosci","2024","2024/10/21","PMC11486619","","10.3934/Neuroscience.2024019"
"39408276","Oral Trehalose Intake Modulates the Microbiota-Gut-Brain Axis and Is Neuroprotective in a Synucleinopathy Mouse Model","Pradeloux S, Coulombe K, Ouamba AJK, Isenbrandt A, Calon F, Roy D, Soulet D.","Nutrients. 2024 Sep 30;16(19):3309. doi: 10.3390/nu16193309.","Pradeloux S","Nutrients","2024","2024/10/16","PMC11478413","","10.3390/nu16193309"
"38770370","Iron toxicity, ferroptosis and microbiota in Parkinson's disease: Implications for novel targets","Carvalho FV, Landis HE, Getachew B, Silva VDA, Ribeiro PR, Aschner M, Tizabi Y.","Adv Neurotoxicol. 2024;11:105-132. doi: 10.1016/bs.ant.2024.02.001. Epub 2024 Feb 15.","Carvalho FV","Adv Neurotoxicol","2024","2024/05/21","PMC11105119","NIHMS1968766","10.1016/bs.ant.2024.02.001"
"38311217","Supplementation of probiotic Bifidobacterium breve Bif11 reverses neurobehavioural deficits, inflammatory changes and oxidative stress in Parkinson's disease model","Valvaikar S, Vaidya B, Sharma S, Bishnoi M, Kondepudi KK, Sharma SS.","Neurochem Int. 2024 Mar;174:105691. doi: 10.1016/j.neuint.2024.105691. Epub 2024 Feb 2.","Valvaikar S","Neurochem Int","2024","2024/02/04","","","10.1016/j.neuint.2024.105691"
"37714224","Efficacy and mechanism study of Baichanting compound, a combination of Acanthopanax senticosus (Rupr. and Maxim.) Harms, Paeonia lactiflora Pall and Uncaria rhynchophylla (Miq.) Miq. ex Havil, on Parkinson's disease based on metagenomics and metabolomics","Lu Y, Gao X, Mohammed SAD, Wang T, Fu J, Wang Y, Nan Y, Lu F, Liu S.","J Ethnopharmacol. 2024 Jan 30;319(Pt 1):117182. doi: 10.1016/j.jep.2023.117182. Epub 2023 Sep 13.","Lu Y","J Ethnopharmacol","2024","2023/09/15","","","10.1016/j.jep.2023.117182"
"38754721","Exploring Therapeutic Potential of Phytoconstituents as a Gut Microbiota Modulator in the Management of Neurological and Psychological Disorders","Chandel P, Thapa K, Kanojia N, Rani L, Singh TG, Rohilla P.","Neuroscience. 2024 Jul 23;551:69-78. doi: 10.1016/j.neuroscience.2024.05.002. Epub 2024 May 14.","Chandel P","Neuroscience","2024","2024/05/16","","","10.1016/j.neuroscience.2024.05.002"
"38554664","Association of intestinal inflammation and permeability markers with clinical manifestations of Parkinson's disease","Rajkovaca Latic I, Popovic Z, Mijatovic K, Sahinovic I, Pekic V, Vucic D, Cosic V, Miskic B, Tomic S.","Parkinsonism Relat Disord. 2024 Jun;123:106948. doi: 10.1016/j.parkreldis.2024.106948. Epub 2024 Mar 27.","Rajkovaca Latic I","Parkinsonism Relat Disord","2024","2024/03/30","","","10.1016/j.parkreldis.2024.106948"
"38561921","Idiopathic Rapid Eye Movement Sleep Behavior Disorder (iRBD) Shares Similar Fecal Short-Chain Fatty Acid Alterations with Multiple System Atrophy (MSA) and Parkinson's Disease (PD)","Du J, Zhang P, Tan Y, Gao C, Liu J, Huang M, Li H, Shen X, Huang P, Chen S.","Mov Disord. 2024 Aug;39(8):1397-1402. doi: 10.1002/mds.29803. Epub 2024 Apr 1.","Du J","Mov Disord","2024","2024/04/02","","","10.1002/mds.29803"
"39062985","Exploring Fecal Microbiota Transplantation for Modulating Inflammation in Parkinson's Disease: A Review of Inflammatory Markers and Potential Effects","Sadowski K, Zając W, Milanowski Ł, Koziorowski D, Figura M.","Int J Mol Sci. 2024 Jul 15;25(14):7741. doi: 10.3390/ijms25147741.","Sadowski K","Int J Mol Sci","2024","2024/07/27","PMC11277532","","10.3390/ijms25147741"
"38490348","Dietary polyphenols represent a phytotherapeutic alternative for gut dysbiosis associated neurodegeneration: A systematic review","Chatterjee A, Kumar S, Roy Sarkar S, Halder R, Kumari R, Banerjee S, Sarkar B.","J Nutr Biochem. 2024 Jul;129:109622. doi: 10.1016/j.jnutbio.2024.109622. Epub 2024 Mar 13.","Chatterjee A","J Nutr Biochem","2024","2024/03/15","","","10.1016/j.jnutbio.2024.109622"
"39191336","Metformin: From diabetes to cancer to prolongation of life","Sirtori CR, Castiglione S, Pavanello C.","Pharmacol Res. 2024 Oct;208:107367. doi: 10.1016/j.phrs.2024.107367. Epub 2024 Aug 25.","Sirtori CR","Pharmacol Res","2024","2024/08/27","","","10.1016/j.phrs.2024.107367"
"38939650","Modulatory Effects of Phytochemicals on Gut-Brain Axis: Therapeutic Implication","Jaberi KR, Alamdari-Palangi V, Savardashtaki A, Vatankhah P, Jamialahmadi T, Tajbakhsh A, Sahebkar A.","Curr Dev Nutr. 2024 May 22;8(6):103785. doi: 10.1016/j.cdnut.2024.103785. eCollection 2024 Jun.","Jaberi KR","Curr Dev Nutr","2024","2024/06/28","PMC11208951","","10.1016/j.cdnut.2024.103785"
"38008941","Intestinal Barrier Function and Neurodegenerative Disease","Wu S, Yang L, Fu Y, Liao Z, Cai D, Liu Z.","CNS Neurol Disord Drug Targets. 2024;23(9):1134-1142. doi: 10.2174/0118715273264097231116103948.","Wu S","CNS Neurol Disord Drug Targets","2024","2023/11/27","","","10.2174/0118715273264097231116103948"
"38261717","Gastrointestinal dysmotility in rodent models of Parkinson's disease","Pellegrini C, Travagli RA.","Am J Physiol Gastrointest Liver Physiol. 2024 Apr 1;326(4):G345-G359. doi: 10.1152/ajpgi.00225.2023. Epub 2024 Jan 23.","Pellegrini C","Am J Physiol Gastrointest Liver Physiol","2024","2024/01/23","PMC11212145","","10.1152/ajpgi.00225.2023"
"39175504","The aryl hydrocarbon receptor pathway: a linking bridge between the gut microbiome and neurodegenerative diseases","Coretti L, Buommino E, Lembo F.","Front Cell Neurosci. 2024 Aug 8;18:1433747. doi: 10.3389/fncel.2024.1433747. eCollection 2024.","Coretti L","Front Cell Neurosci","2024","2024/08/23","PMC11338779","","10.3389/fncel.2024.1433747"
"38227477","Integrated multi-omics profiling highlights the benefits of resveratrol hydroxypropyl-β-cyclodextrin inclusion complex for A53T transgenic mice through the microbiota-gut-brain axis","Sun X, Feng S, Qin B, Ye J, Xie L, Gui J, Sang M.","Food Funct. 2024 Feb 5;15(3):1489-1512. doi: 10.1039/d3fo03667g.","Sun X","Food Funct","2024","2024/01/16","","","10.1039/d3fo03667g"
"38610012","Peripheral extracellular vesicles in neurodegeneration: pathogenic influencers and therapeutic vehicles","Liu X, Shen L, Wan M, Xie H, Wang Z.","J Nanobiotechnology. 2024 Apr 12;22(1):170. doi: 10.1186/s12951-024-02428-1.","Liu X","J Nanobiotechnology","2024","2024/04/12","PMC11015679","","10.1186/s12951-024-02428-1"
"38786584","Optimization of the Preparation Process of Glucuronomannan Oligosaccharides and Their Effects on the Gut Microbiota in MPTP-Induced PD Model Mice","Wang B, Geng L, Wang J, Wei Y, Yan C, Wu N, Yue Y, Zhang Q.","Mar Drugs. 2024 Apr 25;22(5):193. doi: 10.3390/md22050193.","Wang B","Mar Drugs","2024","2024/05/24","PMC11123026","","10.3390/md22050193"
"38316462","Stability of gut microbiome after COVID-19 vaccination in healthy and immuno-compromised individuals","Boston RH, Guan R, Kalmar L, Beier S, Horner EC, Beristain-Covarrubias N, Yam-Puc JC, Pereyra Gerber P, Faria L, Kuroshchenkova A, Lindell AE, Blasche S, Correa-Noguera A, Elmer A, Saunders C, Bermperi A, Jose S, Kingston N; CITIID-NIHR COVID-19 BioResource Collaboration; Grigoriadou S, Staples E, Buckland MS, Lear S, Matheson NJ, Benes V, Parkinson C, Thaventhiran JE, Patil KR.","Life Sci Alliance. 2024 Feb 5;7(4):e202302529. doi: 10.26508/lsa.202302529. Print 2024 Apr.","Boston RH","Life Sci Alliance","2024","2024/02/05","PMC10844540","","10.26508/lsa.202302529"
"38008403","Calprotectin in Parkinsonian disease: Anticipation and dedication","Al-Kuraishy HM, Al-Gareeb AI, Zaidalkiani AT, Alexiou A, Papadakis M, Bahaa MM, Al-Faraga A, Batiha GE.","Ageing Res Rev. 2024 Jan;93:102143. doi: 10.1016/j.arr.2023.102143. Epub 2023 Nov 25.","Al-Kuraishy HM","Ageing Res Rev","2024","2023/11/26","","","10.1016/j.arr.2023.102143"
"38565567","Gamma-aminobutyric acid as a potential postbiotic mediator in the gut-brain axis","Braga JD, Thongngam M, Kumrungsee T.","NPJ Sci Food. 2024 Apr 2;8(1):16. doi: 10.1038/s41538-024-00253-2.","Braga JD","NPJ Sci Food","2024","2024/04/02","PMC10987602","","10.1038/s41538-024-00253-2"
"39189385","Supplementation with Bifidobacterium animalis subsp. lactis MH-022 for remission of motor impairments in a 6-OHDA-induced Parkinson's disease rat model by reducing inflammation, reshaping the gut microbiome, and fostering specific microbial taxa","Tsao SP, Yeh TH, Lin YT, Pan CH, Lee YK, Wu CH, Huang HY.","Food Funct. 2024 Sep 16;15(18):9368-9389. doi: 10.1039/d4fo02039a.","Tsao SP","Food Funct","2024","2024/08/27","","","10.1039/d4fo02039a"
"39273435","Psychobiotic Properties of Lactiplantibacillus plantarum in Neurodegenerative Diseases","Di Chiano M, Sallustio F, Fiocco D, Rocchetti MT, Spano G, Pontrelli P, Moschetta A, Gesualdo L, Gadaleta RM, Gallone A.","Int J Mol Sci. 2024 Aug 31;25(17):9489. doi: 10.3390/ijms25179489.","Di Chiano M","Int J Mol Sci","2024","2024/09/14","PMC11394828","","10.3390/ijms25179489"
"38569219","Artificial Intelligence-Guided Gut-Microenvironment-Triggered Imaging Sensor Reveals Potential Indicators of Parkinson's Disease","Li Y, Ren HX, Chi CY, Miao YB.","Adv Sci (Weinh). 2024 Jun;11(23):e2307819. doi: 10.1002/advs.202307819. Epub 2024 Apr 3.","Li Y","Adv Sci (Weinh)","2024","2024/04/03","PMC11187919","","10.1002/advs.202307819"
"39331469","Orally Administered Ginkgolide C Alleviates MPTP-Induced Neurodegeneration by Suppressing Neuroinflammation and Oxidative Stress through Microbiota-Gut-Brain Axis in Mice","Gao X, Fu S, Wen J, Yan A, Yang S, Zhang Y, Liu D, He D.","J Agric Food Chem. 2024 Oct 9;72(40):22115-22131. doi: 10.1021/acs.jafc.4c03783. Epub 2024 Sep 27.","Gao X","J Agric Food Chem","2024","2024/09/27","","","10.1021/acs.jafc.4c03783"
"39344226","Research Progress on the Relationship between Parkinson's Disease and REM Sleep Behavior Disorder","Zhou Y, Liu X, Xu B.","J Integr Neurosci. 2024 Sep 14;23(9):166. doi: 10.31083/j.jin2309166.","Zhou Y","J Integr Neurosci","2024","2024/09/30","","","10.31083/j.jin2309166"
"39201684","Implications of Butyrate Signaling Pathways on the Motor Symptomatology of Parkinson's Disease and Neuroprotective Effects-Therapeutic Approaches: A Systematic Review","Missiego-Beltrán J, Olalla-Álvarez EM, González-Brugera A, Beltrán-Velasco AI.","Int J Mol Sci. 2024 Aug 19;25(16):8998. doi: 10.3390/ijms25168998.","Missiego-Beltrán J","Int J Mol Sci","2024","2024/08/29","PMC11354563","","10.3390/ijms25168998"
"38267447","Unravelling the mechanisms of underweight in Parkinson's disease by investigating into the role of gut microbiome","Shih LC, Lin RJ, Chen YL, Fu SC.","NPJ Parkinsons Dis. 2024 Jan 24;10(1):28. doi: 10.1038/s41531-023-00587-w.","Shih LC","NPJ Parkinsons Dis","2024","2024/01/24","PMC10808448","","10.1038/s41531-023-00587-w"
"38891863","From Gut to Brain: Uncovering Potential Serum Biomarkers Connecting Inflammatory Bowel Diseases to Neurodegenerative Diseases","Sarb OF, Sarb AD, Iacobescu M, Vlad IM, Milaciu MV, Ciurmarnean L, Vacaras V, Tantau AI.","Int J Mol Sci. 2024 May 23;25(11):5676. doi: 10.3390/ijms25115676.","Sarb OF","Int J Mol Sci","2024","2024/06/19","PMC11171869","","10.3390/ijms25115676"
"38741945","Utility of zebrafish-based models in understanding molecular mechanisms of neurotoxicity mediated by the gut-brain axis","Adedara IA, Mohammed KA, Canzian J, Ajayi BO, Farombi EO, Emanuelli T, Rosemberg DB, Aschner M.","Adv Neurotoxicol. 2024 May;11:177-208. doi: 10.1016/bs.ant.2024.02.003. Epub 2024 Feb 17.","Adedara IA","Adv Neurotoxicol","2024","2024/05/14","PMC11090488","NIHMS1968500","10.1016/bs.ant.2024.02.003"
"39357649","Communicating across distances - Biological functions of extracellular vesicles","Kattner AA.","Biomed J. 2024 Sep 30;47(5):100792. doi: 10.1016/j.bj.2024.100792. Online ahead of print.","Kattner AA","Biomed J","2024","2024/10/02","PMC11489139","","10.1016/j.bj.2024.100792"
"39002442","Pharmacological mechanisms of puerarin in the treatment of Parkinson's disease: An overview","Zhang N, Guo P, Zhao Y, Qiu X, Shao S, Liu Z, Gao Z.","Biomed Pharmacother. 2024 Aug;177:117101. doi: 10.1016/j.biopha.2024.117101. Epub 2024 Jul 14.","Zhang N","Biomed Pharmacother","2024","2024/07/13","","","10.1016/j.biopha.2024.117101"
"38627687","Ambient long-term exposure to organophosphorus pesticides and the human gut microbiome: an observational study","Zhang K, Paul K, Jacobs JP, Cockburn MG, Bronstein JM, Del Rosario I, Ritz B.","Environ Health. 2024 Apr 16;23(1):41. doi: 10.1186/s12940-024-01078-y.","Zhang K","Environ Health","2024","2024/04/16","PMC11020204","","10.1186/s12940-024-01078-y"
"37855342","The Role of the Vagus Nerve in the Microbiome and Digestive System in Relation to Epilepsy","Rubio C, Ochoa E, Gatica F, Portilla A, Vázquez D, Rubio-Osornio M.","Curr Med Chem. 2024;31(37):6018-6031. doi: 10.2174/0109298673260479231010044020.","Rubio C","Curr Med Chem","2024","2023/10/19","","","10.2174/0109298673260479231010044020"
"38474254","Lactiplantibacillus (Lactobacillus) plantarum as a Complementary Treatment to Improve Symptomatology in Neurodegenerative Disease: A Systematic Review of Open Access Literature","Beltrán-Velasco AI, Reiriz M, Uceda S, Echeverry-Alzate V.","Int J Mol Sci. 2024 Mar 5;25(5):3010. doi: 10.3390/ijms25053010.","Beltrán-Velasco AI","Int J Mol Sci","2024","2024/03/13","PMC10931784","","10.3390/ijms25053010"
"39060267","Multiomics of parkinsonism cynomolgus monkeys highlights significance of metabolites in interaction between host and microbiota","Gao JM, Xia SY, Hide G, Li BH, Liu YY, Wei ZY, Zhuang XJ, Yan Q, Wang Y, Yang W, Chen JH, Rao JH.","NPJ Biofilms Microbiomes. 2024 Jul 26;10(1):61. doi: 10.1038/s41522-024-00535-3.","Gao JM","NPJ Biofilms Microbiomes","2024","2024/07/26","PMC11282307","","10.1038/s41522-024-00535-3"
"39064687","Postbiotics as Molecules Targeting Cellular Events of Aging Brain-The Role in Pathogenesis, Prophylaxis and Treatment of Neurodegenerative Diseases","Głowacka P, Oszajca K, Pudlarz A, Szemraj J, Witusik-Perkowska M.","Nutrients. 2024 Jul 12;16(14):2244. doi: 10.3390/nu16142244.","Głowacka P","Nutrients","2024","2024/07/27","PMC11279795","","10.3390/nu16142244"
"39145619","Oral aged garlic (Allium sativum) alleviates ulcerative colitis in mice by improving gut homeostasis","Han D, Guan X, Zhu F, Yang Q, Su D.","Food Funct. 2024 Aug 27;15(17):8935-8951. doi: 10.1039/d4fo03105a.","Han D","Food Funct","2024","2024/08/15","","","10.1039/d4fo03105a"
"38500273","Gastrointestinal Issues in Depression, Anxiety, and Neurodegenerative Diseases: A Systematic Review on Pathways and Clinical Targets Implications","Andriolo IRL, Longo B, de Melo DM, de Souza MM, Prediger RD, da Silva LM.","CNS Neurol Disord Drug Targets. 2024;23(11):1371-1391. doi: 10.2174/0118715273289138240306050532.","Andriolo IRL","CNS Neurol Disord Drug Targets","2024","2024/03/19","","","10.2174/0118715273289138240306050532"
"39021576","Potential value and research frontiers of virus in neuroinflammation: a bibliometric and visualized analysis","Li D, Wu M.","Front Immunol. 2024 Jul 3;15:1390149. doi: 10.3389/fimmu.2024.1390149. eCollection 2024.","Li D","Front Immunol","2024","2024/07/18","PMC11251911","","10.3389/fimmu.2024.1390149"
"39461950","Microbial biomarker discovery in Parkinson's disease through a network-based approach","Zhao Z, Chen J, Zhao D, Chen B, Wang Q, Li Y, Chen J, Bai C, Guo X, Hu N, Zhang B, Zhao R, Yuan J.","NPJ Parkinsons Dis. 2024 Oct 26;10(1):203. doi: 10.1038/s41531-024-00802-2.","Zhao Z","NPJ Parkinsons Dis","2024","2024/10/27","PMC11513973","","10.1038/s41531-024-00802-2"
"39309265","Effect of BF839 + earthworm protein supplement on motor and some non-motor symptoms of Parkinson's disease: a randomized clinical trial","Zeng T, Lin C, Deng Y, Zhu W.","Front Neurol. 2024 Sep 6;15:1371791. doi: 10.3389/fneur.2024.1371791. eCollection 2024.","Zeng T","Front Neurol","2024","2024/09/23","PMC11412884","","10.3389/fneur.2024.1371791"
"38366179","Commensal protist Tritrichomonas musculus exhibits a dynamic life cycle that induces extensive remodeling of the gut microbiota","Popovic A, Cao EY, Han J, Nursimulu N, Alves-Ferreira EVC, Burrows K, Kennard A, Alsmadi N, Grigg ME, Mortha A, Parkinson J.","ISME J. 2024 Jan 8;18(1):wrae023. doi: 10.1093/ismejo/wrae023.","Popovic A","ISME J","2024","2024/02/17","PMC10944700","","10.1093/ismejo/wrae023"
"39143178","Metagenome-assembled microbial genomes from Parkinson's disease fecal samples","Duru IC, Lecomte A, Shishido TK, Laine P, Suppula J, Paulin L, Scheperjans F, Pereira PAB, Auvinen P.","Sci Rep. 2024 Aug 14;14(1):18906. doi: 10.1038/s41598-024-69742-4.","Duru IC","Sci Rep","2024","2024/08/14","PMC11324757","","10.1038/s41598-024-69742-4"
"38375842","Molecular Targets of Valeric Acid: A Bioactive Natural Product for Endocrine, Metabolic, and Immunological Disorders","Kumari B, Kumari U, Singh DK, Husain GM, Patel DK, Shakya A, Singh RB, Modi GP, Singh GK.","Endocr Metab Immune Disord Drug Targets. 2024;24(13):1506-1517. doi: 10.2174/0118715303262653231120043819.","Kumari B","Endocr Metab Immune Disord Drug Targets","2024","2024/02/20","","","10.2174/0118715303262653231120043819"
"39406307","Lactiplantibacillus plantarum SG5 inhibits neuroinflammation in MPTP-induced PD mice through GLP-1/PGC-1α pathway","Qi Y, Dong Y, Chen J, Xie S, Ma X, Yu X, Yu Y, Wang Y.","Exp Neurol. 2024 Oct 13;383:115001. doi: 10.1016/j.expneurol.2024.115001. Online ahead of print.","Qi Y","Exp Neurol","2024","2024/10/15","","","10.1016/j.expneurol.2024.115001"
"38539626","Akkermansia muciniphila Is Beneficial to a Mouse Model of Parkinson's Disease, via Alleviated Neuroinflammation and Promoted Neurogenesis, with Involvement of SCFAs","Qiao CM, Huang WY, Zhou Y, Quan W, Niu GY, Li T, Zhang MX, Wu J, Zhao LP, Zhao WJ, Cui C, Shen YQ.","Brain Sci. 2024 Feb 29;14(3):238. doi: 10.3390/brainsci14030238.","Qiao CM","Brain Sci","2024","2024/03/28","PMC10968773","","10.3390/brainsci14030238"
"39367119","Synbiotic supplementation may globally improve non-motor symptoms in patients with stable Parkinson's disease: results from an open label single-arm study","Andreozzi V, Cuoco S, Balestrieri M, Fierro F, Ferrara N, Erro R, Di Filippo M, Barbella G, Memoli MC, Silvestri A, Squillante M, Guglielmetti S, Barone P, Iovino P, Pellecchia MT.","Sci Rep. 2024 Oct 4;14(1):23095. doi: 10.1038/s41598-024-74400-w.","Andreozzi V","Sci Rep","2024","2024/10/04","PMC11452401","","10.1038/s41598-024-74400-w"
"38796044","Rosmarinic acid mitigates intestinal inflammation and oxidative stress in bullfrogs (Lithobates catesbeiana) fed high soybean meal diets","Zhu B, Xu S, Zhang J, Xiang S, Hu Y.","Fish Shellfish Immunol. 2024 Jul;150:109655. doi: 10.1016/j.fsi.2024.109655. Epub 2024 May 24.","Zhu B","Fish Shellfish Immunol","2024","2024/05/25","","","10.1016/j.fsi.2024.109655"
"39302939","Water extract of ginseng alleviates parkinsonism in MPTP-induced Parkinson's disease mice","Xu N, Xing S, Li J, Pang B, Liu M, Fan M, Zhao Y.","PLoS One. 2024 Sep 20;19(9):e0296424. doi: 10.1371/journal.pone.0296424. eCollection 2024.","Xu N","PLoS One","2024","2024/09/20","PMC11414931","","10.1371/journal.pone.0296424"
"38997651","Identification of volatile metabolites produced from levodopa metabolism by different bacteria strains of the gut microbiome","Pennington T, Eshima J, Smith BS.","BMC Microbiol. 2024 Jul 13;24(1):260. doi: 10.1186/s12866-024-03373-7.","Pennington T","BMC Microbiol","2024","2024/07/12","PMC11245815","","10.1186/s12866-024-03373-7"
"39310761","Identification of proteotoxic and proteoprotective bacteria that non-specifically affect proteins associated with neurodegenerative diseases","Walker AC, Bhargava R, Bucher MJ, Argote YM, Brust AS, Czyż DM.","iScience. 2024 Aug 27;27(9):110828. doi: 10.1016/j.isci.2024.110828. eCollection 2024 Sep 20.","Walker AC","iScience","2024","2024/09/23","PMC11414702","","10.1016/j.isci.2024.110828"
