﻿PMID,Title,Authors,Citation,First Author,Journal/Book,Publication Year,Create Date,PMCID,NIHMS ID,DOI
"33693453","Diet and the Microbiota-Gut-Brain Axis: Sowing the Seeds of Good Mental Health","Berding K, Vlckova K, Marx W, Schellekens H, Stanton C, Clarke G, Jacka F, Dinan TG, Cryan JF.","Adv Nutr. 2021 Jul 30;12(4):1239-1285. doi: 10.1093/advances/nmaa181.","Berding K","Adv Nutr","2021","2021/03/11","PMC8321864","","10.1093/advances/nmaa181"
"33671569","Nutritional Components in Western Diet Versus Mediterranean Diet at the Gut Microbiota-Immune System Interplay. Implications for Health and Disease","García-Montero C, Fraile-Martínez O, Gómez-Lahoz AM, Pekarek L, Castellanos AJ, Noguerales-Fraguas F, Coca S, Guijarro LG, García-Honduvilla N, Asúnsolo A, Sanchez-Trujillo L, Lahera G, Bujan J, Monserrat J, Álvarez-Mon M, Álvarez-Mon MA, Ortega MA.","Nutrients. 2021 Feb 22;13(2):699. doi: 10.3390/nu13020699.","García-Montero C","Nutrients","2021","2021/03/06","PMC7927055","","10.3390/nu13020699"
"33271426","The gut microbiota in anxiety and depression - A systematic review","Simpson CA, Diaz-Arteche C, Eliby D, Schwartz OS, Simmons JG, Cowan CSM.","Clin Psychol Rev. 2021 Feb;83:101943. doi: 10.1016/j.cpr.2020.101943. Epub 2020 Oct 29.","Simpson CA","Clin Psychol Rev","2021","2020/12/03","","","10.1016/j.cpr.2020.101943"
"35181072","Psychobiotics, gut microbiota and fermented foods can help preserving mental health","Casertano M, Fogliano V, Ercolini D.","Food Res Int. 2022 Feb;152:110892. doi: 10.1016/j.foodres.2021.110892. Epub 2021 Dec 22.","Casertano M","Food Res Int","2022","2022/02/19","","","10.1016/j.foodres.2021.110892"
"33955443","Gut microbiota in mental health and depression: role of pre/pro/synbiotics in their modulation","Methiwala HN , Vaidya B , Addanki VK , Bishnoi M , Sharma SS , Kondepudi KK .","Food Funct. 2021 May 21;12(10):4284-4314. doi: 10.1039/d0fo02855j. Epub 2021 May 6.","Methiwala HN","Food Funct","2021","2021/05/06","","","10.1039/d0fo02855j"
"34444820","Effects of Probiotic NVP-1704 on Mental Health and Sleep in Healthy Adults: An 8-Week Randomized, Double-Blind, Placebo-Controlled Trial","Lee HJ, Hong JK, Kim JK, Kim DH, Jang SW, Han SW, Yoon IY.","Nutrients. 2021 Jul 30;13(8):2660. doi: 10.3390/nu13082660.","Lee HJ","Nutrients","2021","2021/08/27","PMC8398773","","10.3390/nu13082660"
"33963281","Gut microbiota modulates the inflammatory response and cognitive impairment induced by sleep deprivation","Wang Z, Chen WH, Li SX, He ZM, Zhu WL, Ji YB, Wang Z, Zhu XM, Yuan K, Bao YP, Shi L, Meng SQ, Xue YX, Xie W, Shi J, Yan W, Wei H, Lu L, Han Y.","Mol Psychiatry. 2021 Nov;26(11):6277-6292. doi: 10.1038/s41380-021-01113-1. Epub 2021 May 7.","Wang Z","Mol Psychiatry","2021","2021/05/08","","","10.1038/s41380-021-01113-1"
"32667590","The role of the microbiota-gut-brain axis in neuropsychiatric disorders","Generoso JS, Giridharan VV, Lee J, Macedo D, Barichello T.","Braz J Psychiatry. 2021 May-Jun;43(3):293-305. doi: 10.1590/1516-4446-2020-0987.","Generoso JS","Braz J Psychiatry","2021","2020/07/16","PMC8136391","","10.1590/1516-4446-2020-0987"
"33144709","Diet and depression: exploring the biological mechanisms of action","Marx W, Lane M, Hockey M, Aslam H, Berk M, Walder K, Borsini A, Firth J, Pariante CM, Berding K, Cryan JF, Clarke G, Craig JM, Su KP, Mischoulon D, Gomez-Pinilla F, Foster JA, Cani PD, Thuret S, Staudacher HM, Sánchez-Villegas A, Arshad H, Akbaraly T, O'Neil A, Segasby T, Jacka FN.","Mol Psychiatry. 2021 Jan;26(1):134-150. doi: 10.1038/s41380-020-00925-x. Epub 2020 Nov 3.","Marx W","Mol Psychiatry","2021","2020/11/04","","","10.1038/s41380-020-00925-x"
"34758889","A fiber-deprived diet causes cognitive impairment and hippocampal microglia-mediated synaptic loss through the gut microbiota and metabolites","Shi H, Ge X, Ma X, Zheng M, Cui X, Pan W, Zheng P, Yang X, Zhang P, Hu M, Hu T, Tang R, Zheng K, Huang XF, Yu Y.","Microbiome. 2021 Nov 11;9(1):223. doi: 10.1186/s40168-021-01172-0.","Shi H","Microbiome","2021","2021/11/11","PMC8582174","","10.1186/s40168-021-01172-0"
"33919680","Nutritional Psychiatry: How Diet Affects Brain through Gut Microbiota","Grosso G.","Nutrients. 2021 Apr 14;13(4):1282. doi: 10.3390/nu13041282.","Grosso G","Nutrients","2021","2021/04/30","PMC8070365","","10.3390/nu13041282"
"34520319","Sleep, circadian rhythm and gut microbiota: alterations in Alzheimer's disease and their potential links in the pathogenesis","Li Y, Shao L, Mou Y, Zhang Y, Ping Y.","Gut Microbes. 2021 Jan-Dec;13(1):1957407. doi: 10.1080/19490976.2021.1957407.","Li Y","Gut Microbes","2021","2021/09/14","PMC8463034","","10.1080/19490976.2021.1957407"
"34201752","Dietary Fibre Intervention for Gut Microbiota, Sleep, and Mental Health in Adults with Irritable Bowel Syndrome: A Scoping Review","Yan R, Andrew L, Marlow E, Kunaratnam K, Devine A, Dunican IC, Christophersen CT.","Nutrients. 2021 Jun 23;13(7):2159. doi: 10.3390/nu13072159.","Yan R","Nutrients","2021","2021/07/02","PMC8308461","","10.3390/nu13072159"
"34204057","Mediterranean Diet as an Antioxidant: The Impact on Metabolic Health and Overall Wellbeing","Gantenbein KV, Kanaka-Gantenbein C.","Nutrients. 2021 Jun 6;13(6):1951. doi: 10.3390/nu13061951.","Gantenbein KV","Nutrients","2021","2021/07/02","PMC8227318","","10.3390/nu13061951"
"33421542","Bipolar disorder: An evolutionary psychoneuroimmunological approach","Rantala MJ, Luoto S, Borráz-León JI, Krams I.","Neurosci Biobehav Rev. 2021 Mar;122:28-37. doi: 10.1016/j.neubiorev.2020.12.031. Epub 2021 Jan 6.","Rantala MJ","Neurosci Biobehav Rev","2021","2021/01/09","","","10.1016/j.neubiorev.2020.12.031"
"34617139","A next-generation probiotic: Akkermansia muciniphila ameliorates chronic stress-induced depressive-like behavior in mice by regulating gut microbiota and metabolites","Ding Y, Bu F, Chen T, Shi G, Yuan X, Feng Z, Duan Z, Wang R, Zhang S, Wang Q, Zhou J, Chen Y.","Appl Microbiol Biotechnol. 2021 Nov;105(21-22):8411-8426. doi: 10.1007/s00253-021-11622-2. Epub 2021 Oct 7.","Ding Y","Appl Microbiol Biotechnol","2021","2021/10/07","","","10.1007/s00253-021-11622-2"
"33511258","Probiotic consumption relieved human stress and anxiety symptoms possibly via modulating the neuroactive potential of the gut microbiota","Ma T, Jin H, Kwok LY, Sun Z, Liong MT, Zhang H.","Neurobiol Stress. 2021 Jan 12;14:100294. doi: 10.1016/j.ynstr.2021.100294. eCollection 2021 May.","Ma T","Neurobiol Stress","2021","2021/01/29","PMC7816019","","10.1016/j.ynstr.2021.100294"
"34692176","A Review of Inflammatory Bowel Disease: A Model of Microbial, Immune and Neuropsychological Integration","Tavakoli P, Vollmer-Conna U, Hadzi-Pavlovic D, Grimm MC.","Public Health Rev. 2021 May 5;42:1603990. doi: 10.3389/phrs.2021.1603990. eCollection 2021.","Tavakoli P","Public Health Rev","2021","2021/10/25","PMC8386758","","10.3389/phrs.2021.1603990"
"33428888","Gut microbiota-derived vitamins - underrated powers of a multipotent ally in psychiatric health and disease","Rudzki L, Stone TW, Maes M, Misiak B, Samochowiec J, Szulc A.","Prog Neuropsychopharmacol Biol Psychiatry. 2021 Apr 20;107:110240. doi: 10.1016/j.pnpbp.2020.110240. Epub 2021 Jan 9.","Rudzki L","Prog Neuropsychopharmacol Biol Psychiatry","2021","2021/01/11","","","10.1016/j.pnpbp.2020.110240"
"33301807","Spinal cord injury and gut microbiota: A review","Jing Y, Bai F, Yu Y.","Life Sci. 2021 Feb 1;266:118865. doi: 10.1016/j.lfs.2020.118865. Epub 2020 Dec 7.","Jing Y","Life Sci","2021","2020/12/10","","","10.1016/j.lfs.2020.118865"
"35153869","The Role of the Oral Microbiota Related to Periodontal Diseases in Anxiety, Mood and Trauma- and Stress-Related Disorders","Martínez M, Postolache TT, García-Bueno B, Leza JC, Figuero E, Lowry CA, Malan-Müller S.","Front Psychiatry. 2022 Jan 27;12:814177. doi: 10.3389/fpsyt.2021.814177. eCollection 2021.","Martínez M","Front Psychiatry","2022","2022/02/14","PMC8833739","","10.3389/fpsyt.2021.814177"
"33722869","Bugs and Brains, the Gut and Mental Health Study: a mixed-methods study investigating microbiota composition and function in anxiety, depression and irritable bowel syndrome","Simpson CA, Schwartz OS, Eliby D, Butler CA, Huang K, O'Brien-Simpson N, Callaghan BL, Dashper SG, Gooley PR, Whittle S, Haslam N, Simmons JG.","BMJ Open. 2021 Mar 15;11(3):e043221. doi: 10.1136/bmjopen-2020-043221.","Simpson CA","BMJ Open","2021","2021/03/16","PMC7970253","","10.1136/bmjopen-2020-043221"
"34172092","Depletion of acetate-producing bacteria from the gut microbiota facilitates cognitive impairment through the gut-brain neural mechanism in diabetic mice","Zheng H, Xu P, Jiang Q, Xu Q, Zheng Y, Yan J, Ji H, Ning J, Zhang X, Li C, Zhang L, Li Y, Li X, Song W, Gao H.","Microbiome. 2021 Jun 25;9(1):145. doi: 10.1186/s40168-021-01088-9.","Zheng H","Microbiome","2021","2021/06/26","PMC8235853","","10.1186/s40168-021-01088-9"
"33777957","Brain Neurotransmitter Modulation by Gut Microbiota in Anxiety and Depression","Huang F, Wu X.","Front Cell Dev Biol. 2021 Mar 11;9:649103. doi: 10.3389/fcell.2021.649103. eCollection 2021.","Huang F","Front Cell Dev Biol","2021","2021/03/29","PMC7991717","","10.3389/fcell.2021.649103"
"33918462","Gut Microbiota and Bipolar Disorder: An Overview on a Novel Biomarker for Diagnosis and Treatment","Lucidi L, Pettorruso M, Vellante F, Di Carlo F, Ceci F, Santovito MC, Di Muzio I, Fornaro M, Ventriglio A, Tomasetti C, Valchera A, Gentile A, Kim YK, Martinotti G, Fraticelli S, Di Giannantonio M, De Berardis D.","Int J Mol Sci. 2021 Apr 2;22(7):3723. doi: 10.3390/ijms22073723.","Lucidi L","Int J Mol Sci","2021","2021/04/30","PMC8038247","","10.3390/ijms22073723"
"33497754","Gut microbiota alteration and modulation in psychiatric disorders: Current evidence on fecal microbiota transplantation","Settanni CR, Ianiro G, Bibbò S, Cammarota G, Gasbarrini A.","Prog Neuropsychopharmacol Biol Psychiatry. 2021 Jul 13;109:110258. doi: 10.1016/j.pnpbp.2021.110258. Epub 2021 Jan 23.","Settanni CR","Prog Neuropsychopharmacol Biol Psychiatry","2021","2021/01/26","","","10.1016/j.pnpbp.2021.110258"
"34329424","Probiotics-targeting new milestones from gut health to mental health","Dey G, Mookherjee S.","FEMS Microbiol Lett. 2021 Aug 19;368(15):fnab096. doi: 10.1093/femsle/fnab096.","Dey G","FEMS Microbiol Lett","2021","2021/07/30","","","10.1093/femsle/fnab096"
"33271210","A systematic review of microbiome changes and impact of probiotic supplementation in children and adolescents with neuropsychiatric disorders","Ligezka AN, Sonmez AI, Corral-Frias MP, Golebiowski R, Lynch B, Croarkin PE, Romanowicz M.","Prog Neuropsychopharmacol Biol Psychiatry. 2021 Jun 8;108:110187. doi: 10.1016/j.pnpbp.2020.110187. Epub 2020 Dec 1.","Ligezka AN","Prog Neuropsychopharmacol Biol Psychiatry","2021","2020/12/03","PMC8138744","NIHMS1699971","10.1016/j.pnpbp.2020.110187"
"34050205","Abnormal﻿ composition of microbiota in the gut and skin of imiquimod-treated mice","Shinno-Hashimoto H, Hashimoto Y, Wei Y, Chang L, Fujita Y, Ishima T, Matsue H, Hashimoto K.","Sci Rep. 2021 May 28;11(1):11265. doi: 10.1038/s41598-021-90480-4.","Shinno-Hashimoto H","Sci Rep","2021","2021/05/29","PMC8163751","","10.1038/s41598-021-90480-4"
"35110993","Impending Mental Health Issues During Coronavirus Disease 2019 - Time for Personalized Nutrition Based on the Gut Microbiota to Tide Over the Crisis?","Dhar D.","Front Neurosci. 2022 Jan 17;15:831193. doi: 10.3389/fnins.2021.831193. eCollection 2021.","Dhar D","Front Neurosci","2022","2022/02/03","PMC8801909","","10.3389/fnins.2021.831193"
"34946184","Gut Bacteria and Neuropsychiatric Disorders","Dicks LMT, Hurn D, Hermanus D.","Microorganisms. 2021 Dec 14;9(12):2583. doi: 10.3390/microorganisms9122583.","Dicks LMT","Microorganisms","2021","2021/12/24","PMC8708963","","10.3390/microorganisms9122583"
"34988495","Characterization of the gut microbiota among Veterans with unique military-related exposures and high prevalence of chronic health conditions: A United States-Veteran Microbiome Project (US-VMP) study","Stanislawski MA, Stamper CE, Stearns-Yoder KA, Hoisington AJ, Brostow DP, Forster JE, Postolache TT, Lowry CA, Brenner LA.","Brain Behav Immun Health. 2021 Sep 14;18:100346. doi: 10.1016/j.bbih.2021.100346. eCollection 2021 Dec.","Stanislawski MA","Brain Behav Immun Health","2021","2022/01/06","PMC8710413","","10.1016/j.bbih.2021.100346"
"34393849","Association Between Abundance of Haemophilus in the Gut Microbiota and Negative Symptoms of Schizophrenia","Zhu C, Zheng M, Ali U, Xia Q, Wang Z, Chenlong, Yao L, Chen Y, Yan J, Wang K, Chen J, Zhang X.","Front Psychiatry. 2021 Jul 30;12:685910. doi: 10.3389/fpsyt.2021.685910. eCollection 2021.","Zhu C","Front Psychiatry","2021","2021/08/16","PMC8362742","","10.3389/fpsyt.2021.685910"
"33742731","Fecal microbiota transplantation ameliorates gut microbiota imbalance and intestinal barrier damage in rats with stress-induced depressive-like behavior","Rao J, Xie R, Lin L, Jiang J, Du L, Zeng X, Li G, Wang C, Qiao Y.","Eur J Neurosci. 2021 Jun;53(11):3598-3611. doi: 10.1111/ejn.15192. Epub 2021 May 10.","Rao J","Eur J Neurosci","2021","2021/03/20","","","10.1111/ejn.15192"
"34589731","Abnormalities of the composition of the gut microbiota and short-chain fatty acids in mice after splenectomy","Wei Y, Chang L, Ishima T, Wan X, Ma L, Wuyun G, Pu Y, Hashimoto K.","Brain Behav Immun Health. 2021 Jan 4;11:100198. doi: 10.1016/j.bbih.2021.100198. eCollection 2021 Feb.","Wei Y","Brain Behav Immun Health","2021","2021/09/30","PMC8474575","","10.1016/j.bbih.2021.100198"
"34870091","Compositional and functional alterations in the oral and gut microbiota in patients with psychosis or schizophrenia: A systematic review","Murray N, Al Khalaf S, Kaulmann D, Lonergan E, Cryan JF, Clarke G, Khashan A, O'Connor K.","HRB Open Res. 2021 Sep 29;4:108. doi: 10.12688/hrbopenres.13416.1. eCollection 2021.","Murray N","HRB Open Res","2021","2021/12/06","PMC8634050","","10.12688/hrbopenres.13416.1"
"34032650","Psychobiotics: Evolution of Novel Antidepressants","Dinan TG, Butler MI, Cryan JF.","Mod Trends Psychiatry. 2021;32:134-143. doi: 10.1159/000510424. Epub 2021 May 6.","Dinan TG","Mod Trends Psychiatry","2021","2021/05/25","","","10.1159/000510424"
"33407119","Alterations in the intestinal microbiome and mental health status of workers in an underground tunnel environment","Lu ZH, Liu YW, Ji ZH, Fu T, Yan M, Shao ZJ, Long Y.","BMC Microbiol. 2021 Jan 6;21(1):7. doi: 10.1186/s12866-020-02056-3.","Lu ZH","BMC Microbiol","2021","2021/01/07","PMC7788853","","10.1186/s12866-020-02056-3"
"34480631","Microglial depletion and abnormalities in gut microbiota composition and short-chain fatty acids in mice after repeated administration of colony stimulating factor 1 receptor inhibitor PLX5622","Yang Y, Ishima T, Wan X, Wei Y, Chang L, Zhang J, Qu Y, Hashimoto K.","Eur Arch Psychiatry Clin Neurosci. 2022 Apr;272(3):483-495. doi: 10.1007/s00406-021-01325-0. Epub 2021 Sep 4.","Yang Y","Eur Arch Psychiatry Clin Neurosci","2022","2021/09/04","","","10.1007/s00406-021-01325-0"
"34074025","MAIT Cells and Microbiota in Multiple Sclerosis and Other Autoimmune Diseases","Mechelli R, Romano S, Romano C, Morena E, Buscarinu MC, Bigi R, Bellucci G, Reniè R, Pellicciari G, Salvetti M, Ristori G.","Microorganisms. 2021 May 24;9(6):1132. doi: 10.3390/microorganisms9061132.","Mechelli R","Microorganisms","2021","2021/06/02","PMC8225125","","10.3390/microorganisms9061132"
"33713734","Affective disorders impact prevalence of Flavonifractor and abundance of Christensenellaceae in gut microbiota","Coello K, Hansen TH, Sørensen N, Ottesen NM, Miskowiak KW, Pedersen O, Kessing LV, Vinberg M.","Prog Neuropsychopharmacol Biol Psychiatry. 2021 Aug 30;110:110300. doi: 10.1016/j.pnpbp.2021.110300. Epub 2021 Mar 10.","Coello K","Prog Neuropsychopharmacol Biol Psychiatry","2021","2021/03/13","","","10.1016/j.pnpbp.2021.110300"
"33206326","Gut-Brain-Skin Axis in Psoriasis: A Review","Chen G, Chen ZM, Fan XY, Jin YL, Li X, Wu SR, Ge WW, Lv CH, Wang YK, Chen JG.","Dermatol Ther (Heidelb). 2021 Feb;11(1):25-38. doi: 10.1007/s13555-020-00466-9. Epub 2020 Nov 18.","Chen G","Dermatol Ther (Heidelb)","2021","2020/11/18","PMC7859123","","10.1007/s13555-020-00466-9"
"34357554","Immune-microbiome interplay and its implications in neurodegenerative disorders","Uniyal A, Tiwari V, Rani M, Tiwari V.","Metab Brain Dis. 2022 Jan;37(1):17-37. doi: 10.1007/s11011-021-00807-3. Epub 2021 Aug 6.","Uniyal A","Metab Brain Dis","2022","2021/08/06","","","10.1007/s11011-021-00807-3"
"33252574","Understanding the role of gut microbiota in the pathogenesis of schizophrenia","Ghorbani M, Rajandas H, Parimannan S, Stephen Joseph GB, Tew MM, Ramly SS, Muhamad Rasat MA, Lee SY.","Psychiatr Genet. 2021 Apr 1;31(2):39-49. doi: 10.1097/YPG.0000000000000270.","Ghorbani M","Psychiatr Genet","2021","2020/11/30","","","10.1097/YPG.0000000000000270"
"33454868","Gut microbiota homeostasis restoration may become a novel therapy for breast cancer","Feng ZP, Xin HY, Zhang ZW, Liu CG, Yang Z, You H, Xin HW.","Invest New Drugs. 2021 Jun;39(3):871-878. doi: 10.1007/s10637-021-01063-z. Epub 2021 Jan 17.","Feng ZP","Invest New Drugs","2021","2021/01/17","","","10.1007/s10637-021-01063-z"
"33487078","Nutrition-based interventions for mood disorders","Martins LB, Braga Tibães JR, Sanches M, Jacka F, Berk M, Teixeira AL.","Expert Rev Neurother. 2021 Mar;21(3):303-315. doi: 10.1080/14737175.2021.1881482. Epub 2021 Mar 3.","Martins LB","Expert Rev Neurother","2021","2021/01/25","","","10.1080/14737175.2021.1881482"
"34830610","Targeting the Gut Microbiome in Prader-Willi Syndrome","Ramon-Krauel M, Amat-Bou M, Serrano M, Martinez-Monseny AF, Lerin C.","J Clin Med. 2021 Nov 16;10(22):5328. doi: 10.3390/jcm10225328.","Ramon-Krauel M","J Clin Med","2021","2021/11/27","PMC8625997","","10.3390/jcm10225328"
"34338703","Co-supplementation of camelina oil and a prebiotic is more effective for in improving cardiometabolic risk factors and mental health in patients with NAFLD: a randomized clinical trial","Kavyani M, Saleh-Ghadimi S, Dehghan P, Abbasalizad Farhangi M, Khoshbaten M.","Food Funct. 2021 Sep 20;12(18):8594-8604. doi: 10.1039/d1fo00448d.","Kavyani M","Food Funct","2021","2021/08/02","","","10.1039/d1fo00448d"
"33490703","Obesity and gut microbiome: review of potential role of probiotics","Schütz F, Figueiredo-Braga M, Barata P, Cruz-Martins N.","Porto Biomed J. 2021 Jan 18;6(1):e111. doi: 10.1097/j.pbj.0000000000000111. eCollection 2021 Jan-Feb.","Schütz F","Porto Biomed J","2021","2021/01/25","PMC7817278","","10.1097/j.pbj.0000000000000111"
"31685046","Shotgun metagenomics reveals both taxonomic and tryptophan pathway differences of gut microbiota in major depressive disorder patients","Lai WT, Deng WF, Xu SX, Zhao J, Xu D, Liu YH, Guo YY, Wang MB, He FS, Ye SW, Yang QF, Liu TB, Zhang YL, Wang S, Li MZ, Yang YJ, Xie XH, Rong H.","Psychol Med. 2021 Jan;51(1):90-101. doi: 10.1017/S0033291719003027. Epub 2019 Nov 5.","Lai WT","Psychol Med","2021","2019/11/06","","","10.1017/S0033291719003027"
"33920695","Neurobiological Processes Induced by Aerobic Exercise through the Endocannabinoidome","Forteza F, Giorgini G, Raymond F.","Cells. 2021 Apr 17;10(4):938. doi: 10.3390/cells10040938.","Forteza F","Cells","2021","2021/04/30","PMC8072750","","10.3390/cells10040938"
"34691318","Microbial Therapeutics in Neurocognitive and Psychiatric Disorders","Alagiakrishnan K, Halverson T.","J Clin Med Res. 2021 Sep;13(9):439-459. doi: 10.14740/jocmr4575. Epub 2021 Sep 30.","Alagiakrishnan K","J Clin Med Res","2021","2021/10/25","PMC8510649","","10.14740/jocmr4575"
"32979562","Shotgun metagenomics reveals both taxonomic and tryptophan pathway differences of gut microbiota in bipolar disorder with current major depressive episode patients","Lai WT, Zhao J, Xu SX, Deng WF, Xu D, Wang MB, He FS, Liu YH, Guo YY, Ye SW, Yang QF, Zhang YL, Wang S, Li MZ, Yang YJ, Liu TB, Tan ZM, Xie XH, Rong H.","J Affect Disord. 2021 Jan 1;278:311-319. doi: 10.1016/j.jad.2020.09.010. Epub 2020 Sep 8.","Lai WT","J Affect Disord","2021","2020/09/26","","","10.1016/j.jad.2020.09.010"
"33967849","Effectiveness of Probiotic, Prebiotic, and Synbiotic Supplementation to Improve Perinatal Mental Health in Mothers: A Systematic Review and Meta-Analysis","Desai V, Kozyrskyj AL, Lau S, Sanni O, Dennett L, Walter J, Ospina MB.","Front Psychiatry. 2021 Apr 22;12:622181. doi: 10.3389/fpsyt.2021.622181. eCollection 2021.","Desai V","Front Psychiatry","2021","2021/05/10","PMC8100186","","10.3389/fpsyt.2021.622181"
"34603341","Consumption of Butylated Starch Alleviates the Chronic Restraint Stress-Induced Neurobehavioral and Gut Barrier Deficits Through Reshaping the Gut Microbiota","Tian P, Zhu H, Qian X, Chen Y, Wang Z, Zhao J, Zhang H, Wang G, Chen W.","Front Immunol. 2021 Sep 17;12:755481. doi: 10.3389/fimmu.2021.755481. eCollection 2021.","Tian P","Front Immunol","2021","2021/10/04","PMC8485752","","10.3389/fimmu.2021.755481"
"34970638","CUMS and dexamethasone induce depression-like phenotypes in mice by differentially altering gut microbiota and triggering macroglia activation","Wu J, Li J, Gaurav C, Muhammad U, Chen Y, Li X, Chen J, Wang Z.","Gen Psychiatr. 2021 Dec 13;34(6):e100529. doi: 10.1136/gpsych-2021-100529. eCollection 2021.","Wu J","Gen Psychiatr","2021","2021/12/31","PMC8671983","","10.1136/gpsych-2021-100529"
"34238926","Gut microbiota signature in treatment-naïve attention-deficit/hyperactivity disorder","Richarte V, Sánchez-Mora C, Corrales M, Fadeuilhe C, Vilar-Ribó L, Arribas L, Garcia E, Rosales-Ortiz SK, Arias-Vasquez A, Soler-Artigas M, Ribasés M, Ramos-Quiroga JA.","Transl Psychiatry. 2021 Jul 8;11(1):382. doi: 10.1038/s41398-021-01504-6.","Richarte V","Transl Psychiatry","2021","2021/07/09","PMC8266901","","10.1038/s41398-021-01504-6"
"33521857","Gut microbiota in antiviral strategy from bats to humans: a missing link in COVID-19","Luo J, Liang S, Jin F.","Sci China Life Sci. 2021 Jun;64(6):942-956. doi: 10.1007/s11427-020-1847-7. Epub 2021 Jan 27.","Luo J","Sci China Life Sci","2021","2021/02/01","PMC7847806","","10.1007/s11427-020-1847-7"
"34092293","Studies on blood enrichment and anti-tumor effects of combined Danggui Buxue Decoction, Fe and rhEPO based on colon cancer-related anemia model and gut microbiota modulation","Shi XQ, Zhu ZH, Yue SJ, Tang YP, Chen YY, Pu ZJ, Tao HJ, Zhou GS, Duan JA.","Chin J Nat Med. 2021 Jun;19(6):422-431. doi: 10.1016/S1875-5364(21)60041-9.","Shi XQ","Chin J Nat Med","2021","2021/06/07","","","10.1016/S1875-5364(21)60041-9"
"34280457","Stress gets into the belly: Early life stress and the gut microbiome","Hantsoo L, Zemel BS.","Behav Brain Res. 2021 Sep 24;414:113474. doi: 10.1016/j.bbr.2021.113474. Epub 2021 Jul 16.","Hantsoo L","Behav Brain Res","2021","2021/07/19","PMC8380711","NIHMS1727771","10.1016/j.bbr.2021.113474"
"34042025","COVID-19: The Significance of Platelets, Mitochondria, Vitamin D, Serotonin and the Gut Microbiota","Bókkon I, Kapócs G, Vucskits A, Erdöfi-Szabó A, Vagedes J, Scholkmann F, Szöke H.","Curr Med Chem. 2021;28(37):7634-7657. doi: 10.2174/0929867328666210526100147.","Bókkon I","Curr Med Chem","2021","2021/05/27","","","10.2174/0929867328666210526100147"
"34690981","The Microbiome-Gut-Brain Axis, a Potential Therapeutic Target for Substance-Related Disorders","Fu X, Chen T, Cai J, Liu B, Zeng Y, Zhang X.","Front Microbiol. 2021 Oct 6;12:738401. doi: 10.3389/fmicb.2021.738401. eCollection 2021.","Fu X","Front Microbiol","2021","2021/10/25","PMC8526971","","10.3389/fmicb.2021.738401"
"34174901","Beyond the lesion site: minocycline augments inflammation and anxiety-like behavior following SCI in rats through action on the gut microbiota","Schmidt EKA, Raposo PJF, Torres-Espin A, Fenrich KK, Fouad K.","J Neuroinflammation. 2021 Jun 26;18(1):144. doi: 10.1186/s12974-021-02123-0.","Schmidt EKA","J Neuroinflammation","2021","2021/06/27","PMC8234629","","10.1186/s12974-021-02123-0"
"34277527","Towards Tailored Gut Microbiome-Based and Dietary Interventions for Promoting the Development and Maintenance of a Healthy Brain","Larroya A, Pantoja J, Codoñer-Franch P, Cenit MC.","Front Pediatr. 2021 Jul 1;9:705859. doi: 10.3389/fped.2021.705859. eCollection 2021.","Larroya A","Front Pediatr","2021","2021/07/19","PMC8280474","","10.3389/fped.2021.705859"
"31859119","Infections, antibiotic treatment and the Microbiome in relation to schizophrenia","Klein-Petersen AW, Köhler-Forsberg O, Benros ME.","Schizophr Res. 2021 Aug;234:71-77. doi: 10.1016/j.schres.2019.11.033. Epub 2019 Dec 16.","Klein-Petersen AW","Schizophr Res","2021","2019/12/21","","","10.1016/j.schres.2019.11.033"
"34650506","The Relationship Between the Gut Microbiome-Immune System-Brain Axis and Major Depressive Disorder","Foster JA, Baker GB, Dursun SM.","Front Neurol. 2021 Sep 28;12:721126. doi: 10.3389/fneur.2021.721126. eCollection 2021.","Foster JA","Front Neurol","2021","2021/10/15","PMC8508781","","10.3389/fneur.2021.721126"
"35185631","The Gut-Brain-Immune Axis in Autism Spectrum Disorders: A State-of-Art Report","Puricelli C, Rolla R, Gigliotti L, Boggio E, Beltrami E, Dianzani U, Keller R.","Front Psychiatry. 2022 Feb 3;12:755171. doi: 10.3389/fpsyt.2021.755171. eCollection 2021.","Puricelli C","Front Psychiatry","2022","2022/02/21","PMC8850385","","10.3389/fpsyt.2021.755171"
"34835436","The Potential Utility of Prebiotics to Modulate Alzheimer's Disease: A Review of the Evidence","Kang JW, Zivkovic AM.","Microorganisms. 2021 Nov 6;9(11):2310. doi: 10.3390/microorganisms9112310.","Kang JW","Microorganisms","2021","2021/11/27","PMC8625457","","10.3390/microorganisms9112310"
"34014031","Impaired blood-brain barrier in the microbiota-gut-brain axis: Potential role of bipolar susceptibility gene TRANK1","Lai J, Jiang J, Zhang P, Xi C, Wu L, Gao X, Fu Y, Zhang D, Chen Y, Huang H, Zhu Y, Hu S.","J Cell Mol Med. 2021 Jul;25(14):6463-6469. doi: 10.1111/jcmm.16611. Epub 2021 May 20.","Lai J","J Cell Mol Med","2021","2021/05/20","PMC8278099","","10.1111/jcmm.16611"
"33467657","Mechanisms Underlying the Cognitive and Behavioural Effects of Maternal Obesity","Hasebe K, Kendig MD, Morris MJ.","Nutrients. 2021 Jan 15;13(1):240. doi: 10.3390/nu13010240.","Hasebe K","Nutrients","2021","2021/01/20","PMC7829712","","10.3390/nu13010240"
"34098340","Maternal prenatal gut microbiota composition predicts child behaviour","Dawson SL, O'Hely M, Jacka FN, Ponsonby AL, Symeonides C, Loughman A, Collier F, Moreno-Betancur M, Sly P, Burgner D, Tang MLK, Saffery R, Ranganathan S, Conlon MA, Harrison LC, Brix S, Kristiansen K, Vuillermin P; BIS Investigator Group.","EBioMedicine. 2021 Jun;68:103400. doi: 10.1016/j.ebiom.2021.103400. Epub 2021 Jun 5.","Dawson SL","EBioMedicine","2021","2021/06/07","PMC8190443","","10.1016/j.ebiom.2021.103400"
"34290352","The change of gut microbiota in MDD patients under SSRIs treatment","Shen Y, Yang X, Li G, Gao J, Liang Y.","Sci Rep. 2021 Jul 21;11(1):14918. doi: 10.1038/s41598-021-94481-1.","Shen Y","Sci Rep","2021","2021/07/22","PMC8295378","","10.1038/s41598-021-94481-1"
"34448737","Depression: A Gut ""Microbiome"" Feeling!","Naguy A, Pridmore S, Abuzeid MY, Thiguti SH, Alamiri B.","J Nerv Ment Dis. 2021 Sep 1;209(9):691-692. doi: 10.1097/NMD.0000000000001365.","Naguy A","J Nerv Ment Dis","2021","2021/08/27","","","10.1097/NMD.0000000000001365"
"33045322","Targeting the microbiome-gut-brain axis for improving cognition in schizophrenia and major mood disorders: A narrative review","Bioque M, González-Rodríguez A, Garcia-Rizo C, Cobo J, Monreal JA, Usall J, Soria V; PNECAT Group; Labad J.","Prog Neuropsychopharmacol Biol Psychiatry. 2021 Mar 8;105:110130. doi: 10.1016/j.pnpbp.2020.110130. Epub 2020 Oct 9.","Bioque M","Prog Neuropsychopharmacol Biol Psychiatry","2021","2020/10/12","","","10.1016/j.pnpbp.2020.110130"
"34348619","Metabolomic Connections between Schizophrenia, Antipsychotic Drugs and Metabolic Syndrome: A Variety of Players","Molina JD, Avila S, Rubio G, López-Muñoz F.","Curr Pharm Des. 2021;27(39):4049-4061. doi: 10.2174/1381612827666210804110139.","Molina JD","Curr Pharm Des","2021","2021/08/05","","","10.2174/1381612827666210804110139"
"33651324","Gut microbiota dysbiosis is associated with worse emotional states in HIV infection","Pérez-Santiago J, Marquine MJ, Cookson D, Giraud-Colón R, Heaton RK, Grant I, Ellis RJ, Letendre SL, Peterson SN.","J Neurovirol. 2021 Apr;27(2):228-238. doi: 10.1007/s13365-020-00933-1. Epub 2021 Mar 2.","Pérez-Santiago J","J Neurovirol","2021","2021/03/02","PMC8781727","NIHMS1763023","10.1007/s13365-020-00933-1"
"34485176","Altered Fecal Microbiota Composition in Older Adults With Frailty","Xu Y, Wang Y, Li H, Dai Y, Chen D, Wang M, Jiang X, Huang Z, Yu H, Huang J, Xiong Z.","Front Cell Infect Microbiol. 2021 Aug 17;11:696186. doi: 10.3389/fcimb.2021.696186. eCollection 2021.","Xu Y","Front Cell Infect Microbiol","2021","2021/09/06","PMC8415883","","10.3389/fcimb.2021.696186"
"31952911","Gut microbial changes of patients with psychotic and affective disorders: A systematic review","Vindegaard N, Speyer H, Nordentoft M, Rasmussen S, Benros ME.","Schizophr Res. 2021 Aug;234:1-10. doi: 10.1016/j.schres.2019.12.014. Epub 2020 Jan 14.","Vindegaard N","Schizophr Res","2021","2020/01/19","","","10.1016/j.schres.2019.12.014"
"33307114","Possible use of fermented foods in rehabilitation of anorexia nervosa: the gut microbiota as a modulator","Rocks T, West M, Hockey M, Aslam H, Lane M, Loughman A, Jacka FN, Ruusunen A.","Prog Neuropsychopharmacol Biol Psychiatry. 2021 Apr 20;107:110201. doi: 10.1016/j.pnpbp.2020.110201. Epub 2020 Dec 9.","Rocks T","Prog Neuropsychopharmacol Biol Psychiatry","2021","2020/12/11","","","10.1016/j.pnpbp.2020.110201"
"35024387","Altered stress responses in adults born by Caesarean section","Dinan TG, Kennedy PJ, Morais LH, Murphy A, Long-Smith CM, Moloney GM, Bastiaanssen TFS, Allen AP, Collery A, Mullins D, Cusack AM, Berding K, O'Toole PW, Clarke G, Stanton C, Cryan JF.","Neurobiol Stress. 2021 Dec 28;16:100425. doi: 10.1016/j.ynstr.2021.100425. eCollection 2022 Jan.","Dinan TG","Neurobiol Stress","2021","2022/01/13","PMC8733342","","10.1016/j.ynstr.2021.100425"
"32279681","Infant microbiota in colic: predictive associations with problem crying and subsequent child behavior","Loughman A, Quinn T, Nation ML, Reichelt A, Moore RJ, Van TTH, Sung V, Tang MLK.","J Dev Orig Health Dis. 2021 Apr;12(2):260-270. doi: 10.1017/S2040174420000227. Epub 2020 Apr 13.","Loughman A","J Dev Orig Health Dis","2021","2020/04/14","","","10.1017/S2040174420000227"
"34518605","Altered fecal microbiota composition in individuals who abuse methamphetamine","Yang Y, Yu X, Liu X, Liu G, Zeng K, Wang G.","Sci Rep. 2021 Sep 13;11(1):18178. doi: 10.1038/s41598-021-97548-1.","Yang Y","Sci Rep","2021","2021/09/14","PMC8437956","","10.1038/s41598-021-97548-1"
"34004259","Abnormalities in the composition of the gut microbiota in mice after repeated administration of DREADD ligands","Guo W, Wan X, Ma L, Zhang J, Hashimoto K.","Brain Res Bull. 2021 Aug;173:66-73. doi: 10.1016/j.brainresbull.2021.05.012. Epub 2021 May 15.","Guo W","Brain Res Bull","2021","2021/05/18","","","10.1016/j.brainresbull.2021.05.012"
"33094505","Gut dysbiosis associated with the rats' responses in methamphetamine-induced conditioned place preference","Yang C, Fu X, Hao W, Xiang X, Liu T, Yang BZ, Zhang X.","Addict Biol. 2021 Jul;26(4):e12975. doi: 10.1111/adb.12975. Epub 2020 Oct 22.","Yang C","Addict Biol","2021","2020/10/23","","","10.1111/adb.12975"
"33963284","Molecular mechanisms underlying the antidepressant actions of arketamine: beyond the NMDA receptor","Wei Y, Chang L, Hashimoto K.","Mol Psychiatry. 2022 Jan;27(1):559-573. doi: 10.1038/s41380-021-01121-1. Epub 2021 May 7.","Wei Y","Mol Psychiatry","2022","2021/05/08","PMC8960399","","10.1038/s41380-021-01121-1"
"34588398","Metformin acts on the gut-brain axis to ameliorate antipsychotic-induced metabolic dysfunction","Wang X, Huang H, Zhu Y, Li S, Zhang P, Jiang J, Xi C, Wu L, Gao X, Fu Y, Zhang D, Chen Y, Hu S, Lai J.","Biosci Trends. 2021 Nov 21;15(5):321-329. doi: 10.5582/bst.2021.01317. Epub 2021 Sep 30.","Wang X","Biosci Trends","2021","2021/09/30","","","10.5582/bst.2021.01317"
"33249563","Microbiota-immune alterations in adolescents following early life adversity: A proof of concept study","Reid BM, Horne R, Donzella B, Szamosi JC, Coe CL, Foster JA, Gunnar MR.","Dev Psychobiol. 2021 Jul;63(5):851-863. doi: 10.1002/dev.22061. Epub 2020 Nov 29.","Reid BM","Dev Psychobiol","2021","2020/11/29","","","10.1002/dev.22061"
"33895287","Manipulations of the gut microbiome alter chemotherapy-induced inflammation and behavioral side effects in female mice","Grant CV, Loman BR, Bailey MT, Pyter LM.","Brain Behav Immun. 2021 Jul;95:401-412. doi: 10.1016/j.bbi.2021.04.014. Epub 2021 Apr 22.","Grant CV","Brain Behav Immun","2021","2021/04/25","PMC8461613","NIHMS1696808","10.1016/j.bbi.2021.04.014"
"33921293","Non-Celiac Gluten/Wheat Sensitivity: Clinical Characteristics and Microbiota and Mycobiota Composition by Response to the Gluten Challenge Test","Ponzo V, Ferrocino I, Goitre I, Pellegrini M, Bruno M, Astegiano M, Cadario G, Castellana E, Bioletto F, Corvaglia MR, Malfa P, Cocolin L, Ghigo E, Bo S.","Nutrients. 2021 Apr 12;13(4):1260. doi: 10.3390/nu13041260.","Ponzo V","Nutrients","2021","2021/04/30","PMC8070191","","10.3390/nu13041260"
"34869080","Altered Fecal Microbiota Correlated With Systemic Inflammation in Male Subjects With Methamphetamine Use Disorder","Deng D, Su H, Song Y, Chen T, Sun Q, Jiang H, Zhao M.","Front Cell Infect Microbiol. 2021 Nov 18;11:783917. doi: 10.3389/fcimb.2021.783917. eCollection 2021.","Deng D","Front Cell Infect Microbiol","2021","2021/12/06","PMC8637621","","10.3389/fcimb.2021.783917"
"34399524","Dietary advanced glycation endproducts (AGEs) increase their concentration in plasma and tissues, result in inflammation and modulate gut microbial composition in mice; evidence for reversibility","van Dongen KCW, Linkens AMA, Wetzels SMW, Wouters K, Vanmierlo T, van de Waarenburg MPH, Scheijen JLJM, de Vos WM, Belzer C, Schalkwijk CG.","Food Res Int. 2021 Sep;147:110547. doi: 10.1016/j.foodres.2021.110547. Epub 2021 Jun 18.","van Dongen KCW","Food Res Int","2021","2021/08/17","","","10.1016/j.foodres.2021.110547"
"34413106","Protocol for the National Nurse Health Study (NNHS): a web-based ambispective cohort study","Zhuo L, Zhang H, Geng R, Wang P, Zeng L, Che Y, Wang P, Li P, Huang T, Li B, Zhan S.","BMJ Open. 2021 Aug 19;11(8):e049958. doi: 10.1136/bmjopen-2021-049958.","Zhuo L","BMJ Open","2021","2021/08/20","PMC8378396","","10.1136/bmjopen-2021-049958"
"34776854","Changes in the Gut Microbiome and Predicted Functional Metabolic Effects in an Australian Parkinson's Disease Cohort","Kenna JE, Chua EG, Bakeberg M, Tay A, McGregor S, Gorecki A, Horne M, Marshall B, Mastaglia FL, Anderton RS.","Front Neurosci. 2021 Oct 29;15:756951. doi: 10.3389/fnins.2021.756951. eCollection 2021.","Kenna JE","Front Neurosci","2021","2021/11/15","PMC8588830","","10.3389/fnins.2021.756951"
"34002020","Endocannabinoid system mediates the association between gut-microbial diversity and anhedonia/amotivation in a general population cohort","Minichino A, Jackson MA, Francesconi M, Steves CJ, Menni C, Burnet PWJ, Lennox BR.","Mol Psychiatry. 2021 Nov;26(11):6269-6276. doi: 10.1038/s41380-021-01147-5. Epub 2021 May 17.","Minichino A","Mol Psychiatry","2021","2021/05/18","PMC8760063","","10.1038/s41380-021-01147-5"
"33807447","Changes in Gut Microbiota after a Four-Week Intervention with Vegan vs. Meat-Rich Diets in Healthy Participants: A Randomized Controlled Trial","Kohnert E, Kreutz C, Binder N, Hannibal L, Gorkiewicz G, Müller A, Storz MA, Huber R, Lederer AK.","Microorganisms. 2021 Mar 31;9(4):727. doi: 10.3390/microorganisms9040727.","Kohnert E","Microorganisms","2021","2021/04/03","PMC8066554","","10.3390/microorganisms9040727"
"34589003","Gut Microbiome: A Potential Indicator for Differential Diagnosis of Major Depressive Disorder and General Anxiety Disorder","Dong Z, Shen X, Hao Y, Li J, Li H, Xu H, Yin L, Kuang W.","Front Psychiatry. 2021 Sep 13;12:651536. doi: 10.3389/fpsyt.2021.651536. eCollection 2021.","Dong Z","Front Psychiatry","2021","2021/09/30","PMC8473618","","10.3389/fpsyt.2021.651536"
"34589800","Beyond the neuro-immune interplay in depression: Could gut microbes be the missing link?","Audet MC.","Brain Behav Immun Health. 2021 Aug 4;16:100308. doi: 10.1016/j.bbih.2021.100308. eCollection 2021 Oct.","Audet MC","Brain Behav Immun Health","2021","2021/09/30","PMC8474680","","10.1016/j.bbih.2021.100308"
"34440563","Targeting Metabolic Dysfunction for the Treatment of Mood Disorders: Review of the Evidence","Jones BDM, Farooqui S, Kloiber S, Husain MO, Mulsant BH, Husain MI.","Life (Basel). 2021 Aug 11;11(8):819. doi: 10.3390/life11080819.","Jones BDM","Life (Basel)","2021","2021/08/27","PMC8401631","","10.3390/life11080819"
"34560239","Regulation of neurotoxicity in the striatum and colon of MPTP-induced Parkinson's disease mice by gut microbiome","Shan J, Qu Y, Wang S, Wei Y, Chang L, Ma L, Hashimoto K.","Brain Res Bull. 2021 Dec;177:103-110. doi: 10.1016/j.brainresbull.2021.09.009. Epub 2021 Sep 22.","Shan J","Brain Res Bull","2021","2021/09/24","","","10.1016/j.brainresbull.2021.09.009"
"34576833","Specific Changes in the Mammalian Gut Microbiome as a Biomarker for Oxytocin-Induced Behavioral Changes","Dangoor I, Stanić D, Reshef L, Pešić V, Gophna U.","Microorganisms. 2021 Sep 12;9(9):1938. doi: 10.3390/microorganisms9091938.","Dangoor I","Microorganisms","2021","2021/09/28","PMC8465812","","10.3390/microorganisms9091938"
"33664475","Sialylated human milk oligosaccharides program cognitive development through a non-genomic transmission mode","Hauser J, Pisa E, Arias Vásquez A, Tomasi F, Traversa A, Chiodi V, Martin FP, Sprenger N, Lukjancenko O, Zollinger A, Metairon S, Schneider N, Steiner P, Martire A, Caputo V, Macrì S.","Mol Psychiatry. 2021 Jul;26(7):2854-2871. doi: 10.1038/s41380-021-01054-9. Epub 2021 Mar 4.","Hauser J","Mol Psychiatry","2021","2021/03/05","PMC8505264","","10.1038/s41380-021-01054-9"
"33067643","Profiling the differences of gut microbial structure between schizophrenia patients with and without violent behaviors based on 16S rRNA gene sequencing","Chen X, Xu J, Wang H, Luo J, Wang Z, Chen G, Jiang D, Cao R, Huang H, Luo D, Xiao X, Hu J.","Int J Legal Med. 2021 Jan;135(1):131-141. doi: 10.1007/s00414-020-02439-1. Epub 2020 Oct 16.","Chen X","Int J Legal Med","2021","2020/10/17","","","10.1007/s00414-020-02439-1"
"33677218","Fecal microbiota transplantation ameliorates stress-induced depression-like behaviors associated with the inhibition of glial and NLRP3 inflammasome in rat brain","Rao J, Qiao Y, Xie R, Lin L, Jiang J, Wang C, Li G.","J Psychiatr Res. 2021 May;137:147-157. doi: 10.1016/j.jpsychires.2021.02.057. Epub 2021 Mar 1.","Rao J","J Psychiatr Res","2021","2021/03/07","","","10.1016/j.jpsychires.2021.02.057"
"33508544","Transcriptional markers of excitation-inhibition balance in germ-free mice show region-specific dysregulation and rescue after bacterial colonization","Philip V, Newton DF, Oh H, Collins SM, Bercik P, Sibille E.","J Psychiatr Res. 2021 Mar;135:248-255. doi: 10.1016/j.jpsychires.2021.01.021. Epub 2021 Jan 19.","Philip V","J Psychiatr Res","2021","2021/01/28","PMC7914199","NIHMS1668741","10.1016/j.jpsychires.2021.01.021"
"34311029","Fatty acids and beyond: Age and Alzheimer's disease related changes in lipids reveal the neuro-nutraceutical potential of lipids in cognition","Ooi KM, Vacy K, Boon WC.","Neurochem Int. 2021 Oct;149:105143. doi: 10.1016/j.neuint.2021.105143. Epub 2021 Jul 23.","Ooi KM","Neurochem Int","2021","2021/07/26","","","10.1016/j.neuint.2021.105143"
"34895297","The Moo'D Study: protocol for a randomised controlled trial of A2 beta-casein only versus conventional dairy products in women with low mood","Hockey M, Aslam H, Berk M, Pasco JA, Ruusunen A, Mohebbi M, Macpherson H, Chatterton ML, Marx W, O'Neil A, Rocks T, McGuinness AJ, Young LM, Jacka FN.","Trials. 2021 Dec 11;22(1):899. doi: 10.1186/s13063-021-05812-6.","Hockey M","Trials","2021","2021/12/13","PMC8665310","","10.1186/s13063-021-05812-6"
"34147969","Ingestion of Faecalibaculum rodentium causes depression-like phenotypes in resilient Ephx2 knock-out mice: A role of brain-gut-microbiota axis via the subdiaphragmatic vagus nerve","Wang S, Ishima T, Qu Y, Shan J, Chang L, Wei Y, Zhang J, Pu Y, Fujita Y, Tan Y, Wang X, Ma L, Wan X, Hammock BD, Hashimoto K.","J Affect Disord. 2021 Sep 1;292:565-573. doi: 10.1016/j.jad.2021.06.006. Epub 2021 Jun 11.","Wang S","J Affect Disord","2021","2021/06/20","PMC8282729","NIHMS1713980","10.1016/j.jad.2021.06.006"
"34474339","Lycium barbarum polysaccharide attenuates emotional injury of offspring elicited by prenatal chronic stress in rats via regulation of gut microbiota","Zhao F, Guan S, Fu Y, Wang K, Liu Z, Ng TB.","Biomed Pharmacother. 2021 Nov;143:112087. doi: 10.1016/j.biopha.2021.112087. Epub 2021 Aug 31.","Zhao F","Biomed Pharmacother","2021","2021/09/02","","","10.1016/j.biopha.2021.112087"
"33935741","Jianpi Jieyu Decoction, An Empirical Herbal Formula, Exerts Psychotropic Effects in Association With Modulation of Gut Microbial Diversity and GABA Activity","Liu L, Zou Z, Yang J, Li X, Zhu B, Zhang H, Sun Y, Zhang Y, Zhang ZJ, Wang W.","Front Pharmacol. 2021 Apr 14;12:645638. doi: 10.3389/fphar.2021.645638. eCollection 2021.","Liu L","Front Pharmacol","2021","2021/05/03","PMC8079981","","10.3389/fphar.2021.645638"
"33936013","GABA Production by Human Intestinal Bacteroides spp.: Prevalence, Regulation, and Role in Acid Stress Tolerance","Otaru N, Ye K, Mujezinovic D, Berchtold L, Constancias F, Cornejo FA, Krzystek A, de Wouters T, Braegger C, Lacroix C, Pugin B.","Front Microbiol. 2021 Apr 15;12:656895. doi: 10.3389/fmicb.2021.656895. eCollection 2021.","Otaru N","Front Microbiol","2021","2021/05/03","PMC8082179","","10.3389/fmicb.2021.656895"
"34488774","Transcriptomics reveal different metabolic strategies for acid resistance and gamma-aminobutyric acid (GABA) production in select Levilactobacillus brevis strains","Banerjee S, Poore M, Gerdes S, Nedveck D, Lauridsen L, Kristensen HT, Jensen HM, Byrd PM, Ouwehand AC, Patterson E, Morovic W.","Microb Cell Fact. 2021 Sep 6;20(1):173. doi: 10.1186/s12934-021-01658-4.","Banerjee S","Microb Cell Fact","2021","2021/09/07","PMC8419935","","10.1186/s12934-021-01658-4"
"34357134","Study Protocol: The Evaluation Study for Social Cognition Measures in Japan (ESCoM)","Kubota R, Okubo R, Akiyama H, Okano H, Ikezawa S, Miyazaki A, Toyomaki A, Sasaki Y, Yamada Y, Uchino T, Nemoto T, Sumiyoshi T, Yoshimura N, Hashimoto N.","J Pers Med. 2021 Jul 16;11(7):667. doi: 10.3390/jpm11070667.","Kubota R","J Pers Med","2021","2021/08/06","PMC8305726","","10.3390/jpm11070667"
"33938181","Human glucose-dependent insulinotropic polypeptide (GIP) is an antimicrobial adjuvant re-sensitising multidrug-resistant Gram-negative bacteria","Jaradat DMM, Al-Karablieh N, Zaarer BHM, Li W, Saleh KKY, Rasras AJ, Abu-Romman S, O'Brien-Simpson NM, Wade JD.","Biol Chem. 2021 Jan 11;402(4):513-524. doi: 10.1515/hsz-2020-0351. Print 2021 Mar 26.","Jaradat DMM","Biol Chem","2021","2021/05/03","","","10.1515/hsz-2020-0351"
"34830242","Assessment of the Effects of Dietary Vitamin D Levels on Olanzapine-Induced Metabolic Side Effects: Focus on the Endocannabinoidome-Gut Microbiome Axis","Abolghasemi A, Manca C, Iannotti FA, Shen M, Leblanc N, Lacroix S, Martin C, Flamand N, Di Marzo V, Silvestri C.","Int J Mol Sci. 2021 Nov 16;22(22):12361. doi: 10.3390/ijms222212361.","Abolghasemi A","Int J Mol Sci","2021","2021/11/27","PMC8620071","","10.3390/ijms222212361"
"34961418","Effects of Berberine on Gut Microbiota in Patients with Mild Metabolic Disorders Induced by Olanzapine","Pu Z, Sun Y, Jiang H, Hou Q, Yan H, Wen H, Li G.","Am J Chin Med. 2021;49(8):1949-1963. doi: 10.1142/S0192415X21500920.","Pu Z","Am J Chin Med","2021","2021/12/28","","","10.1142/S0192415X21500920"
"34550085","The Safety and Efficacy of Microbial Ecosystem Therapeutic-2 in People With Major Depression: Protocol for a Phase 2, Double-Blind, Placebo-Controlled Study","Chinna Meyyappan A, Sgarbossa C, Vazquez G, Bond DJ, Müller DJ, Milev R.","JMIR Res Protoc. 2021 Sep 22;10(9):e31439. doi: 10.2196/31439.","Chinna Meyyappan A","JMIR Res Protoc","2021","2021/09/22","PMC8495575","","10.2196/31439"
"34489756","The LIFEwithIBD Intervention: Study Protocol for a Randomized Controlled Trial of a Face-to-Face Acceptance and Commitment Therapy and Compassion-Based Intervention Tailored to People With Inflammatory Bowel Disease","Trindade IA, Pereira J, Galhardo A, Ferreira NB, Lucena-Santos P, Carvalho SA, Oliveira S, Skvarc D, Rocha BS, Portela F, Ferreira C.","Front Psychiatry. 2021 Aug 19;12:699367. doi: 10.3389/fpsyt.2021.699367. eCollection 2021.","Trindade IA","Front Psychiatry","2021","2021/09/07","PMC8417328","","10.3389/fpsyt.2021.699367"
"34437440","Association of Polygenic Risk Score and Bacterial Toxins at Screening Colonoscopy with Colorectal Cancer Progression: A Multicenter Case-Control Study","Piciocchi A, Germinario EAP, Garcia Etxebarria K, Rossi S, Sanchez-Mete L, Porowska B, Stigliano V, Trentino P, Oddi A, Accarpio F, Grazi GL, Bruno G, Bonucci M, Giambenedetti M, Spigaglia P, Barbanti F, Owczarek S, Luzzi I, Delibato E, Maroccia Z, Nisticò L, Fiorentini C, D'Amato M, De Angelis R, Fabbri A.","Toxins (Basel). 2021 Aug 16;13(8):569. doi: 10.3390/toxins13080569.","Piciocchi A","Toxins (Basel)","2021","2021/08/26","PMC8402601","","10.3390/toxins13080569"
"33422641","A role of the subdiaphragmatic vagus nerve in depression-like phenotypes in mice after fecal microbiota transplantation from Chrna7 knock-out mice with depression-like phenotypes","Pu Y, Tan Y, Qu Y, Chang L, Wang S, Wei Y, Wang X, Hashimoto K.","Brain Behav Immun. 2021 May;94:318-326. doi: 10.1016/j.bbi.2020.12.032. Epub 2021 Jan 8.","Pu Y","Brain Behav Immun","2021","2021/01/10","","","10.1016/j.bbi.2020.12.032"
