﻿PMID,Title,Authors,Citation,First Author,Journal/Book,Publication Year,Create Date,PMCID,NIHMS ID,DOI
"35151796","Brain-gut-microbiota axis in depression: A historical overview and future directions","Chang L, Wei Y, Hashimoto K.","Brain Res Bull. 2022 May;182:44-56. doi: 10.1016/j.brainresbull.2022.02.004. Epub 2022 Feb 11.","Chang L","Brain Res Bull","2022","2022/02/13","","","10.1016/j.brainresbull.2022.02.004"
"35181072","Psychobiotics, gut microbiota and fermented foods can help preserving mental health","Casertano M, Fogliano V, Ercolini D.","Food Res Int. 2022 Feb;152:110892. doi: 10.1016/j.foodres.2021.110892. Epub 2021 Dec 22.","Casertano M","Food Res Int","2022","2022/02/19","","","10.1016/j.foodres.2021.110892"
"35044528","The microbiota-gut-brain axis: pathways to better brain health. Perspectives on what we know, what we need to investigate and how to put knowledge into practice","Chakrabarti A, Geurts L, Hoyles L, Iozzo P, Kraneveld AD, La Fata G, Miani M, Patterson E, Pot B, Shortt C, Vauzour D.","Cell Mol Life Sci. 2022 Jan 19;79(2):80. doi: 10.1007/s00018-021-04060-w.","Chakrabarti A","Cell Mol Life Sci","2022","2022/01/19","PMC8770392","","10.1007/s00018-021-04060-w"
"36099873","The microbiota-gut-brain axis in sleep disorders","Wang Z, Wang Z, Lu T, Chen W, Yan W, Yuan K, Shi L, Liu X, Zhou X, Shi J, Vitiello MV, Han Y, Lu L.","Sleep Med Rev. 2022 Oct;65:101691. doi: 10.1016/j.smrv.2022.101691. Epub 2022 Aug 31.","Wang Z","Sleep Med Rev","2022","2022/09/13","","","10.1016/j.smrv.2022.101691"
"35194166","A systematic review of gut microbiota composition in observational studies of major depressive disorder, bipolar disorder and schizophrenia","McGuinness AJ, Davis JA, Dawson SL, Loughman A, Collier F, O'Hely M, Simpson CA, Green J, Marx W, Hair C, Guest G, Mohebbi M, Berk M, Stupart D, Watters D, Jacka FN.","Mol Psychiatry. 2022 Apr;27(4):1920-1935. doi: 10.1038/s41380-022-01456-3. Epub 2022 Feb 22.","McGuinness AJ","Mol Psychiatry","2022","2022/02/23","PMC9126816","","10.1038/s41380-022-01456-3"
"36093196","Gut microbiota: Linking nutrition and perinatal depression","Song J, Zhou B, Kan J, Liu G, Zhang S, Si L, Zhang X, Yang X, Ma J, Cheng J, Yang Y, Liu X.","Front Cell Infect Microbiol. 2022 Aug 26;12:932309. doi: 10.3389/fcimb.2022.932309. eCollection 2022.","Song J","Front Cell Infect Microbiol","2022","2022/09/12","PMC9459161","","10.3389/fcimb.2022.932309"
"35631252","Medicinal Plants and Their Impact on the Gut Microbiome in Mental Health: A Systematic Review","Pferschy-Wenzig EM, Pausan MR, Ardjomand-Woelkart K, Röck S, Ammar RM, Kelber O, Moissl-Eichinger C, Bauer R.","Nutrients. 2022 May 18;14(10):2111. doi: 10.3390/nu14102111.","Pferschy-Wenzig EM","Nutrients","2022","2022/05/28","PMC9144835","","10.3390/nu14102111"
"35444255","Multi-omics analyses of serum metabolome, gut microbiome and brain function reveal dysregulated microbiota-gut-brain axis in bipolar depression","Li Z, Lai J, Zhang P, Ding J, Jiang J, Liu C, Huang H, Zhen H, Xi C, Sun Y, Wu L, Wang L, Gao X, Li Y, Fu Y, Jie Z, Li S, Zhang D, Chen Y, Zhu Y, Lu S, Lu J, Wang D, Zhou H, Yuan X, Li X, Pang L, Huang M, Yang H, Zhang W, Brix S, Kristiansen K, Song X, Nie C, Hu S.","Mol Psychiatry. 2022 Oct;27(10):4123-4135. doi: 10.1038/s41380-022-01569-9. Epub 2022 Apr 20.","Li Z","Mol Psychiatry","2022","2022/04/21","","","10.1038/s41380-022-01569-9"
"35819136","Antibiotics and mental health: The good, the bad and the ugly","Dinan K, Dinan T.","J Intern Med. 2022 Dec;292(6):858-869. doi: 10.1111/joim.13543. Epub 2022 Jul 12.","Dinan K","J Intern Med","2022","2022/07/12","PMC9796968","","10.1111/joim.13543"
"36145184","The Burden of Carbohydrates in Health and Disease","Clemente-Suárez VJ, Mielgo-Ayuso J, Martín-Rodríguez A, Ramos-Campo DJ, Redondo-Flórez L, Tornero-Aguilera JF.","Nutrients. 2022 Sep 15;14(18):3809. doi: 10.3390/nu14183809.","Clemente-Suárez VJ","Nutrients","2022","2022/09/23","PMC9505863","","10.3390/nu14183809"
"35562885","The Gut Microbiome in Depression and Potential Benefit of Prebiotics, Probiotics and Synbiotics: A Systematic Review of Clinical Trials and Observational Studies","Alli SR, Gorbovskaya I, Liu JCW, Kolla NJ, Brown L, Müller DJ.","Int J Mol Sci. 2022 Apr 19;23(9):4494. doi: 10.3390/ijms23094494.","Alli SR","Int J Mol Sci","2022","2022/05/14","PMC9101152","","10.3390/ijms23094494"
"35743087","Drugs, Guts, Brains, but Not Rock and Roll: The Need to Consider the Role of Gut Microbiota in Contemporary Mental Health and Wellness of Emerging Adults","Lee JE, Walton D, O'Connor CP, Wammes M, Burton JP, Osuch EA.","Int J Mol Sci. 2022 Jun 14;23(12):6643. doi: 10.3390/ijms23126643.","Lee JE","Int J Mol Sci","2022","2022/06/24","PMC9223871","","10.3390/ijms23126643"
"35831877","The gut-liver axis in sepsis: interaction mechanisms and therapeutic potential","Zhang X, Liu H, Hashimoto K, Yuan S, Zhang J.","Crit Care. 2022 Jul 13;26(1):213. doi: 10.1186/s13054-022-04090-1.","Zhang X","Crit Care","2022","2022/07/13","PMC9277879","","10.1186/s13054-022-04090-1"
"36458229","Gut-Brain Axis, Neurodegeneration and Mental Health: A Personalized Medicine Perspective","Chunduri A, Reddy SDM, Jahanavi M, Reddy CN.","Indian J Microbiol. 2022 Dec;62(4):505-515. doi: 10.1007/s12088-022-01033-w. Epub 2022 Aug 10.","Chunduri A","Indian J Microbiol","2022","2022/12/02","PMC9705676","","10.1007/s12088-022-01033-w"
"35508109","Microbiota alterations in proline metabolism impact depression","Mayneris-Perxachs J, Castells-Nobau A, Arnoriaga-Rodríguez M, Martin M, de la Vega-Correa L, Zapata C, Burokas A, Blasco G, Coll C, Escrichs A, Biarnés C, Moreno-Navarrete JM, Puig J, Garre-Olmo J, Ramos R, Pedraza S, Brugada R, Vilanova JC, Serena J, Gich J, Ramió-Torrentà L, Pérez-Brocal V, Moya A, Pamplona R, Sol J, Jové M, Ricart W, Portero-Otin M, Deco G, Maldonado R, Fernández-Real JM.","Cell Metab. 2022 May 3;34(5):681-701.e10. doi: 10.1016/j.cmet.2022.04.001.","Mayneris-Perxachs J","Cell Metab","2022","2022/05/04","","","10.1016/j.cmet.2022.04.001"
"35157987","Brain-spleen axis in health and diseases: A review and future perspective","Wei Y, Wang T, Liao L, Fan X, Chang L, Hashimoto K.","Brain Res Bull. 2022 May;182:130-140. doi: 10.1016/j.brainresbull.2022.02.008. Epub 2022 Feb 12.","Wei Y","Brain Res Bull","2022","2022/02/14","","","10.1016/j.brainresbull.2022.02.008"
"36479494","Dietary supplements in neurological diseases and brain aging","Naureen Z, Dhuli K, Medori MC, Caruso P, Manganotti P, Chiurazzi P, Bertelli M.","J Prev Med Hyg. 2022 Oct 17;63(2 Suppl 3):E174-E188. doi: 10.15167/2421-4248/jpmh2022.63.2S3.2759. eCollection 2022 Jun.","Naureen Z","J Prev Med Hyg","2022","2022/12/08","PMC9710403","","10.15167/2421-4248/jpmh2022.63.2S3.2759"
"36228569","The gut microbiome, mild cognitive impairment, and probiotics: A randomized clinical trial in middle-aged and older adults","Aljumaah MR, Bhatia U, Roach J, Gunstad J, Azcarate Peril MA.","Clin Nutr. 2022 Nov;41(11):2565-2576. doi: 10.1016/j.clnu.2022.09.012. Epub 2022 Sep 28.","Aljumaah MR","Clin Nutr","2022","2022/10/13","","","10.1016/j.clnu.2022.09.012"
"35565888","The Role of the Microbiome-Brain-Gut Axis in the Pathogenesis of Depressive Disorder","Młynarska E, Gadzinowska J, Tokarek J, Forycka J, Szuman A, Franczyk B, Rysz J.","Nutrients. 2022 May 4;14(9):1921. doi: 10.3390/nu14091921.","Młynarska E","Nutrients","2022","2022/05/14","PMC9105444","","10.3390/nu14091921"
"34750307","Microbiota-targeted interventions for mental health","Berding K, Cryan JF.","Curr Opin Psychiatry. 2022 Jan 1;35(1):3-9. doi: 10.1097/YCO.0000000000000758.","Berding K","Curr Opin Psychiatry","2022","2021/11/09","PMC8654258","","10.1097/YCO.0000000000000758"
"36039924","The anti-inflammatory effects of a Mediterranean diet: a review","Itsiopoulos C, Mayr HL, Thomas CJ.","Curr Opin Clin Nutr Metab Care. 2022 Nov 1;25(6):415-422. doi: 10.1097/MCO.0000000000000872. Epub 2022 Aug 30.","Itsiopoulos C","Curr Opin Clin Nutr Metab Care","2022","2022/08/30","","","10.1097/MCO.0000000000000872"
"38827186","Gut microbiota and psychiatric disorders","Jaiswal S, Bag A, Bhandari SS.","Open J Psychiatry Allied Sci. 2022 Jul-Dec;13(2):90-93. doi: 10.5958/2394-2061.2022.00016.7. Epub 2024 Feb 28.","Jaiswal S","Open J Psychiatry Allied Sci","2022","2024/06/03","PMC11142532","NIHMS1941040","10.5958/2394-2061.2022.00016.7"
"35713539","The effect of COVID-19 lockdown on mental health, gut microbiota composition and serum cortisol levels","Šik Novak K, Bogataj Jontez N, Kenig S, Hladnik M, Baruca Arbeiter A, Bandelj D, Černelič Bizjak M, Petelin A, Mohorko N, Jenko Pražnikar Z.","Stress. 2022 Jan;25(1):246-257. doi: 10.1080/10253890.2022.2082280.","Šik Novak K","Stress","2022","2022/06/17","","","10.1080/10253890.2022.2082280"
"36048886","Meals, Microbiota and Mental Health in Children and Adolescents (MMM-Study): A protocol for an observational longitudinal case-control study","Asbjornsdottir B, Lauth B, Fasano A, Thorsdottir I, Karlsdottir I, Gudmundsson LS, Gottfredsson M, Smarason O, Sigurdardottir S, Halldorsson TI, Marteinsson VT, Gudmundsdottir V, Birgisdottir BE.","PLoS One. 2022 Sep 1;17(9):e0273855. doi: 10.1371/journal.pone.0273855. eCollection 2022.","Asbjornsdottir B","PLoS One","2022","2022/09/01","PMC9436124","","10.1371/journal.pone.0273855"
"35276981","Effect of Probiotics on Psychiatric Symptoms and Central Nervous System Functions in Human Health and Disease: A Systematic Review and Meta-Analysis","Le Morvan de Sequeira C, Hengstberger C, Enck P, Mack I.","Nutrients. 2022 Jan 30;14(3):621. doi: 10.3390/nu14030621.","Le Morvan de Sequeira C","Nutrients","2022","2022/03/12","PMC8839125","","10.3390/nu14030621"
"36466655","Gut microbiota, pathogenic proteins and neurodegenerative diseases","Wei W, Wang S, Xu C, Zhou X, Lian X, He L, Li K.","Front Microbiol. 2022 Nov 18;13:959856. doi: 10.3389/fmicb.2022.959856. eCollection 2022.","Wei W","Front Microbiol","2022","2022/12/05","PMC9715766","","10.3389/fmicb.2022.959856"
"35889175","Impact of Environmental Pollutants on Gut Microbiome and Mental Health via the Gut-Brain Axis","Singh S, Sharma P, Pal N, Kumawat M, Shubham S, Sarma DK, Tiwari RR, Kumar M, Nagpal R.","Microorganisms. 2022 Jul 19;10(7):1457. doi: 10.3390/microorganisms10071457.","Singh S","Microorganisms","2022","2022/07/27","PMC9317668","","10.3390/microorganisms10071457"
"36432461","The Effects of Walnuts and Academic Stress on Mental Health, General Well-Being and the Gut Microbiota in a Sample of University Students: A Randomised Clinical Trial","Herselman MF, Bailey S, Deo P, Zhou XF, Gunn KM, Bobrovskaya L.","Nutrients. 2022 Nov 11;14(22):4776. doi: 10.3390/nu14224776.","Herselman MF","Nutrients","2022","2022/11/26","PMC9697272","","10.3390/nu14224776"
"35849305","Psychobiotics: the Influence of Gut Microbiota on the Gut-Brain Axis in Neurological Disorders","Oroojzadeh P, Bostanabad SY, Lotfi H.","J Mol Neurosci. 2022 Sep;72(9):1952-1964. doi: 10.1007/s12031-022-02053-3. Epub 2022 Jul 18.","Oroojzadeh P","J Mol Neurosci","2022","2022/07/18","PMC9289355","","10.1007/s12031-022-02053-3"
"36542917","Gut microbiota and its roles in the pathogenesis and therapy of endocrine system diseases","Wu Z, Tian E, Chen Y, Dong Z, Peng Q.","Microbiol Res. 2023 Mar;268:127291. doi: 10.1016/j.micres.2022.127291. Epub 2022 Dec 18.","Wu Z","Microbiol Res","2023","2022/12/21","","","10.1016/j.micres.2022.127291"
"36244525","Combined oral contraceptives and mental health: Are adolescence and the gut-brain axis the missing links?","Kheloui S, Smith A, Ismail N.","Front Neuroendocrinol. 2023 Jan;68:101041. doi: 10.1016/j.yfrne.2022.101041. Epub 2022 Oct 14.","Kheloui S","Front Neuroendocrinol","2023","2022/10/16","","","10.1016/j.yfrne.2022.101041"
"35892042","Marked shifts in gut microbial structure and neurotransmitter metabolism in fresh inmates revealed a close link between gut microbiota and mental health: A case-controlled study","Duan Y, Wu X, Yang Y, Gu L, Liu L, Yang Y, Zhou J, Wu C, Jin F.","Int J Clin Health Psychol. 2022 Sep-Dec;22(3):100323. doi: 10.1016/j.ijchp.2022.100323. Epub 2022 Jul 13.","Duan Y","Int J Clin Health Psychol","2022","2022/07/27","PMC9289638","","10.1016/j.ijchp.2022.100323"
"35153869","The Role of the Oral Microbiota Related to Periodontal Diseases in Anxiety, Mood and Trauma- and Stress-Related Disorders","Martínez M, Postolache TT, García-Bueno B, Leza JC, Figuero E, Lowry CA, Malan-Müller S.","Front Psychiatry. 2022 Jan 27;12:814177. doi: 10.3389/fpsyt.2021.814177. eCollection 2021.","Martínez M","Front Psychiatry","2022","2022/02/14","PMC8833739","","10.3389/fpsyt.2021.814177"
"35345829","Curcumin Alleviates DSS-Induced Anxiety-Like Behaviors via the Microbial-Brain-Gut Axis","Zhang F, Zhou Y, Chen H, Jiang H, Zhou F, Lv B, Xu M.","Oxid Med Cell Longev. 2022 Mar 18;2022:6244757. doi: 10.1155/2022/6244757. eCollection 2022.","Zhang F","Oxid Med Cell Longev","2022","2022/03/29","PMC8957039","","10.1155/2022/6244757"
"35582476","Convergent pathways of the gut microbiota-brain axis and neurodegenerative disorders","Gubert C, Gasparotto J, H Morais L.","Gastroenterol Rep (Oxf). 2022 May 16;10:goac017. doi: 10.1093/gastro/goac017. eCollection 2022.","Gubert C","Gastroenterol Rep (Oxf)","2022","2022/05/18","PMC9109005","","10.1093/gastro/goac017"
"36231182","Biodiversity Effects on Human Mental Health via Microbiota Alterations","Wong YS, Osborne NJ.","Int J Environ Res Public Health. 2022 Sep 20;19(19):11882. doi: 10.3390/ijerph191911882.","Wong YS","Int J Environ Res Public Health","2022","2022/10/14","PMC9565733","","10.3390/ijerph191911882"
"35745252","The Untapped Potential of Ginsenosides and American Ginseng Berry in Promoting Mental Health via the Gut-Brain Axis","St-Laurent T, Hammami R.","Nutrients. 2022 Jun 17;14(12):2523. doi: 10.3390/nu14122523.","St-Laurent T","Nutrients","2022","2022/06/24","PMC9227060","","10.3390/nu14122523"
"35966709","Gut microbiota dysbiosis: The potential mechanisms by which alcohol disrupts gut and brain functions","Chen G, Shi F, Yin W, Guo Y, Liu A, Shuai J, Sun J.","Front Microbiol. 2022 Jul 29;13:916765. doi: 10.3389/fmicb.2022.916765. eCollection 2022.","Chen G","Front Microbiol","2022","2022/08/15","PMC9372561","","10.3389/fmicb.2022.916765"
"34654024","Associations Between the Gut Microbiota and Internalizing Behaviors in Preschool Children","van de Wouw M, Wang Y, Workentine ML, Vaghef-Mehrabani E, Dewey D, Reimer RA, Tomfohr-Madsen L, Giesbrecht GF.","Psychosom Med. 2022 Feb-Mar 01;84(2):159-169. doi: 10.1097/PSY.0000000000001026.","van de Wouw M","Psychosom Med","2022","2021/10/15","","","10.1097/PSY.0000000000001026"
"36211431","Maternal gut microbiota during pregnancy and the composition of immune cells in infancy","Gao Y, O'Hely M, Quinn TP, Ponsonby AL, Harrison LC, Frøkiær H, Tang MLK, Brix S, Kristiansen K, Burgner D, Saffery R, Ranganathan S, Collier F, Vuillermin P.","Front Immunol. 2022 Sep 21;13:986340. doi: 10.3389/fimmu.2022.986340. eCollection 2022.","Gao Y","Front Immunol","2022","2022/10/10","PMC9535361","","10.3389/fimmu.2022.986340"
"35456813","The Gut Microbiome May Help Address Mental Health Disparities in Hispanics: A Narrative Review","Vera-Urbina F, Dos Santos-Torres MF, Godoy-Vitorino F, Torres-Hernández BA.","Microorganisms. 2022 Mar 31;10(4):763. doi: 10.3390/microorganisms10040763.","Vera-Urbina F","Microorganisms","2022","2022/04/23","PMC9029366","","10.3390/microorganisms10040763"
"36139496","Multi-Strain Probiotic Mixture Affects Brain Morphology and Resting State Brain Function in Healthy Subjects: An RCT","Rode J, Edebol Carlman HMT, König J, Hutchinson AN, Thunberg P, Persson J, Brummer RJ.","Cells. 2022 Sep 19;11(18):2922. doi: 10.3390/cells11182922.","Rode J","Cells","2022","2022/09/23","PMC9496704","","10.3390/cells11182922"
"35050172","Gut Microbiota Metabolites in Major Depressive Disorder-Deep Insights into Their Pathophysiological Role and Potential Translational Applications","Ortega MA, Alvarez-Mon MA, García-Montero C, Fraile-Martinez O, Guijarro LG, Lahera G, Monserrat J, Valls P, Mora F, Rodríguez-Jiménez R, Quintero J, Álvarez-Mon M.","Metabolites. 2022 Jan 8;12(1):50. doi: 10.3390/metabo12010050.","Ortega MA","Metabolites","2022","2022/01/20","PMC8778125","","10.3390/metabo12010050"
"35110993","Impending Mental Health Issues During Coronavirus Disease 2019 - Time for Personalized Nutrition Based on the Gut Microbiota to Tide Over the Crisis?","Dhar D.","Front Neurosci. 2022 Jan 17;15:831193. doi: 10.3389/fnins.2021.831193. eCollection 2021.","Dhar D","Front Neurosci","2022","2022/02/03","PMC8801909","","10.3389/fnins.2021.831193"
"36570854","Reviewing the role of gut microbiota in the pathogenesis of depression and exploring new therapeutic options","Han W, Wang N, Han M, Ban M, Sun T, Xu J.","Front Neurosci. 2022 Dec 8;16:1029495. doi: 10.3389/fnins.2022.1029495. eCollection 2022.","Han W","Front Neurosci","2022","2022/12/26","PMC9772619","","10.3389/fnins.2022.1029495"
"37118092","Intermittent fasting protects against Alzheimer's disease in mice by altering metabolism through remodeling of the gut microbiota","Pan RY, Zhang J, Wang J, Wang Y, Li Z, Liao Y, Liao Y, Zhang C, Liu Z, Song L, Yu J, Yuan Z.","Nat Aging. 2022 Nov;2(11):1024-1039. doi: 10.1038/s43587-022-00311-y. Epub 2022 Nov 17.","Pan RY","Nat Aging","2022","2023/04/28","","","10.1038/s43587-022-00311-y"
"36439221","Corrigendum: Gut microbiota: Linking nutrition and perinatal depression","Song J, Zhou B, Kan J, Liu G, Zhang S, Si L, Zhang X, Yang X, Ma J, Cheng J, Liu X, Yang Y.","Front Cell Infect Microbiol. 2022 Nov 11;12:1053553. doi: 10.3389/fcimb.2022.1053553. eCollection 2022.","Song J","Front Cell Infect Microbiol","2022","2022/11/28","PMC9695397","","10.3389/fcimb.2022.1053553"
"35299696","The Role of MicroRNA and Microbiota in Depression and Anxiety","Rosa JM, Formolo DA, Yu J, Lee TH, Yau SY.","Front Behav Neurosci. 2022 Mar 1;16:828258. doi: 10.3389/fnbeh.2022.828258. eCollection 2022.","Rosa JM","Front Behav Neurosci","2022","2022/03/18","PMC8921933","","10.3389/fnbeh.2022.828258"
"36440396","A genetic association study reveals the relationship between the oral microbiome and anxiety and depression symptoms","Li C, Chen Y, Wen Y, Jia Y, Cheng S, Liu L, Zhang H, Pan C, Zhang J, Zhang Z, Yang X, Meng P, Yao Y, Zhang F.","Front Psychiatry. 2022 Nov 10;13:960756. doi: 10.3389/fpsyt.2022.960756. eCollection 2022.","Li C","Front Psychiatry","2022","2022/11/28","PMC9685528","","10.3389/fpsyt.2022.960756"
"35445772","Abnormal gut microbiota and bile acids in patients with first-episode major depressive disorder and correlation analysis","Sun N, Zhang J, Wang J, Liu Z, Wang X, Kang P, Yang C, Liu P, Zhang K.","Psychiatry Clin Neurosci. 2022 Jul;76(7):321-328. doi: 10.1111/pcn.13368. Epub 2022 May 23.","Sun N","Psychiatry Clin Neurosci","2022","2022/04/21","","","10.1111/pcn.13368"
"36014798","The Effects of Physical Activity on the Gut Microbiota and the Gut-Brain Axis in Preclinical and Human Models: A Narrative Review","Cataldi S, Poli L, Şahin FN, Patti A, Santacroce L, Bianco A, Greco G, Ghinassi B, Di Baldassarre A, Fischetti F.","Nutrients. 2022 Aug 11;14(16):3293. doi: 10.3390/nu14163293.","Cataldi S","Nutrients","2022","2022/08/26","PMC9413457","","10.3390/nu14163293"
"35370947","Composition of the Gut Microbiota in Attention Deficit Hyperactivity Disorder: A Systematic Review and Meta-Analysis","Wang N, Gao X, Zhang Z, Yang L.","Front Endocrinol (Lausanne). 2022 Mar 18;13:838941. doi: 10.3389/fendo.2022.838941. eCollection 2022.","Wang N","Front Endocrinol (Lausanne)","2022","2022/04/04","PMC8972063","","10.3389/fendo.2022.838941"
"35115853","Alterations of the Gut Microbiota in Response to Total Sleep Deprivation and Recovery Sleep in Rats","Wang Z, Yuan K, Ji YB, Li SX, Shi L, Wang Z, Zhou XY, Bao YP, Xie W, Han Y, Shi J, Lu L, Yan W, Chen WH.","Nat Sci Sleep. 2022 Jan 25;14:121-133. doi: 10.2147/NSS.S334985. eCollection 2022.","Wang Z","Nat Sci Sleep","2022","2022/02/04","PMC8800865","","10.2147/NSS.S334985"
"35433746","Guts Imbalance Imbalances the Brain: A Review of Gut Microbiota Association With Neurological and Psychiatric Disorders","Mitrea L, Nemeş SA, Szabo K, Teleky BE, Vodnar DC.","Front Med (Lausanne). 2022 Mar 31;9:813204. doi: 10.3389/fmed.2022.813204. eCollection 2022.","Mitrea L","Front Med (Lausanne)","2022","2022/04/18","PMC9009523","","10.3389/fmed.2022.813204"
"35041424","Ancestral Food Sources Rich in Polyphenols, Their Metabolism, and the Potential Influence of Gut Microbiota in the Management of Depression and Anxiety","Álvarez SA, Rocha-Guzmán NE, González-Laredo RF, Gallegos-Infante JA, Moreno-Jiménez MR, Bravo-Muñoz M.","J Agric Food Chem. 2022 Feb 2;70(4):944-956. doi: 10.1021/acs.jafc.1c06151. Epub 2022 Jan 18.","Álvarez SA","J Agric Food Chem","2022","2022/01/18","","","10.1021/acs.jafc.1c06151"
"34480631","Microglial depletion and abnormalities in gut microbiota composition and short-chain fatty acids in mice after repeated administration of colony stimulating factor 1 receptor inhibitor PLX5622","Yang Y, Ishima T, Wan X, Wei Y, Chang L, Zhang J, Qu Y, Hashimoto K.","Eur Arch Psychiatry Clin Neurosci. 2022 Apr;272(3):483-495. doi: 10.1007/s00406-021-01325-0. Epub 2021 Sep 4.","Yang Y","Eur Arch Psychiatry Clin Neurosci","2022","2021/09/04","","","10.1007/s00406-021-01325-0"
"35634468","The Microbiome and Gut Endocannabinoid System in the Regulation of Stress Responses and Metabolism","Srivastava RK, Lutz B, Ruiz de Azua I.","Front Cell Neurosci. 2022 May 11;16:867267. doi: 10.3389/fncel.2022.867267. eCollection 2022.","Srivastava RK","Front Cell Neurosci","2022","2022/05/31","PMC9130962","","10.3389/fncel.2022.867267"
"36160716","A Minireview Exploring the Interplay of the Muscle-Gut-Brain (MGB) Axis to Improve Knowledge on Mental Disorders: Implications for Clinical Neuroscience Research and Therapeutics","Cammisuli DM, Fusi J, Scarfò G, Daniele S, Castelnuovo G, Franzoni F.","Oxid Med Cell Longev. 2022 Sep 15;2022:8806009. doi: 10.1155/2022/8806009. eCollection 2022.","Cammisuli DM","Oxid Med Cell Longev","2022","2022/09/26","PMC9499796","","10.1155/2022/8806009"
"35157946","Stressful events induce long-term gut microbiota dysbiosis and associated post-traumatic stress symptoms in healthcare workers fighting against COVID-19","Gao F, Guo R, Ma Q, Li Y, Wang W, Fan Y, Ju Y, Zhao B, Gao Y, Qian L, Yang Z, He X, Jin X, Liu Y, Peng Y, Chen C, Chen Y, Gao C, Zhu F, Ma X.","J Affect Disord. 2022 Apr 15;303:187-195. doi: 10.1016/j.jad.2022.02.024. Epub 2022 Feb 12.","Gao F","J Affect Disord","2022","2022/02/14","PMC8837476","","10.1016/j.jad.2022.02.024"
"35276927","One Giant Leap from Mouse to Man: The Microbiota-Gut-Brain Axis in Mood Disorders and Translational Challenges Moving towards Human Clinical Trials","Forssten SD, Ouwehand AC, Griffin SM, Patterson E.","Nutrients. 2022 Jan 27;14(3):568. doi: 10.3390/nu14030568.","Forssten SD","Nutrients","2022","2022/03/12","PMC8840472","","10.3390/nu14030568"
"35303781","Anorexia nervosa and gut microbiome: implications for weight change and novel treatments","Wei Y, Peng S, Lian C, Kang Q, Chen J.","Expert Rev Gastroenterol Hepatol. 2022 Apr;16(4):321-332. doi: 10.1080/17474124.2022.2056017. Epub 2022 Mar 22.","Wei Y","Expert Rev Gastroenterol Hepatol","2022","2022/03/19","","","10.1080/17474124.2022.2056017"
"35085752","(R)-ketamine ameliorates demyelination and facilitates remyelination in cuprizone-treated mice: A role of gut-microbiota-brain axis","Wang X, Chang L, Wan X, Tan Y, Qu Y, Shan J, Yang Y, Ma L, Hashimoto K.","Neurobiol Dis. 2022 Apr;165:105635. doi: 10.1016/j.nbd.2022.105635. Epub 2022 Jan 25.","Wang X","Neurobiol Dis","2022","2022/01/27","","","10.1016/j.nbd.2022.105635"
"35279596","Targeting NLRP3 inflammasome modulates gut microbiota, attenuates corticospinal tract injury and ameliorates neurobehavioral deficits after intracerebral hemorrhage in mice","Xiao L, Zheng H, Li J, Zeng M, He D, Liang J, Sun K, Luo Y, Li F, Ping B, Yuan W, Zhou H, Wang Q, Sun H.","Biomed Pharmacother. 2022 May;149:112797. doi: 10.1016/j.biopha.2022.112797. Epub 2022 Mar 10.","Xiao L","Biomed Pharmacother","2022","2022/03/13","","","10.1016/j.biopha.2022.112797"
"36140263","Alterations of the Composition and Neurometabolic Profile of Human Gut Microbiota in Major Depressive Disorder","Kovtun AS, Averina OV, Angelova IY, Yunes RA, Zorkina YA, Morozova AY, Pavlichenko AV, Syunyakov TS, Karpenko OA, Kostyuk GP, Danilenko VN.","Biomedicines. 2022 Sep 2;10(9):2162. doi: 10.3390/biomedicines10092162.","Kovtun AS","Biomedicines","2022","2022/09/23","PMC9496097","","10.3390/biomedicines10092162"
"34357554","Immune-microbiome interplay and its implications in neurodegenerative disorders","Uniyal A, Tiwari V, Rani M, Tiwari V.","Metab Brain Dis. 2022 Jan;37(1):17-37. doi: 10.1007/s11011-021-00807-3. Epub 2021 Aug 6.","Uniyal A","Metab Brain Dis","2022","2021/08/06","","","10.1007/s11011-021-00807-3"
"36334762","Are neuromodulation interventions associated with changes in the gut microbiota? A systematic review","Korenblik V, Brouwer ME, Korosi A, Denys D, Bockting CLH, Brul S, Lok A.","Neuropharmacology. 2023 Feb 1;223:109318. doi: 10.1016/j.neuropharm.2022.109318. Epub 2022 Nov 9.","Korenblik V","Neuropharmacology","2023","2022/11/05","","","10.1016/j.neuropharm.2022.109318"
"36056574","A Pilot Study of the Gut Microbiota Associated With Depressive Symptoms and Sleep Disturbance Among Chinese and Korean Immigrants in the United States","Hope C, Shen N, Zhang W, Noh HI, Hertzberg VS, Kim S, Bai J.","Biol Res Nurs. 2023 Jan;25(1):150-160. doi: 10.1177/10998004221124273. Epub 2022 Sep 2.","Hope C","Biol Res Nurs","2023","2022/09/03","PMC10068504","","10.1177/10998004221124273"
"35631301","Anthocyanins in Chronic Diseases: The Power of Purple","Panchal SK, John OD, Mathai ML, Brown L.","Nutrients. 2022 May 23;14(10):2161. doi: 10.3390/nu14102161.","Panchal SK","Nutrients","2022","2022/05/28","PMC9142943","","10.3390/nu14102161"
"35654260","Special issue on ""Brain-body communication in health and diseases""","Hashimoto K, Yang C.","Brain Res Bull. 2022 Aug;186:47-49. doi: 10.1016/j.brainresbull.2022.05.014. Epub 2022 May 30.","Hashimoto K","Brain Res Bull","2022","2022/06/02","","","10.1016/j.brainresbull.2022.05.014"
"36648872","Obesity and Its Multiple Clinical Implications between Inflammatory States and Gut Microbiotic Alterations","Milano W, Carizzone F, Foia M, Marchese M, Milano M, Saetta B, Capasso A.","Diseases. 2022 Dec 29;11(1):7. doi: 10.3390/diseases11010007.","Milano W","Diseases","2022","2023/01/17","PMC9844347","","10.3390/diseases11010007"
"36271691","Unveiling of dietary and gut-microbiota derived B vitamins: Metabolism patterns and their synergistic functions in gut-brain homeostasis","Zhan Q, Wang R, Thakur K, Feng JY, Zhu YY, Zhang JG, Wei ZJ.","Crit Rev Food Sci Nutr. 2024;64(13):4046-4058. doi: 10.1080/10408398.2022.2138263. Epub 2022 Oct 22.","Zhan Q","Crit Rev Food Sci Nutr","2024","2022/10/22","","","10.1080/10408398.2022.2138263"
"35600753","Gut microbiome in schizophrenia and antipsychotic-induced metabolic alterations: a scoping review","Singh R, Stogios N, Smith E, Lee J, Maksyutynsk K, Au E, Wright DC, De Palma G, Graff-Guerrero A, Gerretsen P, Müller DJ, Remington G, Hahn M, Agarwal SM.","Ther Adv Psychopharmacol. 2022 May 15;12:20451253221096525. doi: 10.1177/20451253221096525. eCollection 2022.","Singh R","Ther Adv Psychopharmacol","2022","2022/05/23","PMC9118432","","10.1177/20451253221096525"
"35526743","The gut microbiome and adult hippocampal neurogenesis: A new focal point for epilepsy?","Dohm-Hansen S, Donoso F, Lucassen PJ, Clarke G, Nolan YM.","Neurobiol Dis. 2022 Aug;170:105746. doi: 10.1016/j.nbd.2022.105746. Epub 2022 May 5.","Dohm-Hansen S","Neurobiol Dis","2022","2022/05/08","","","10.1016/j.nbd.2022.105746"
"35207483","Novel Pharmacological Approaches to the Treatment of Depression","Elias E, Zhang AY, Manners MT.","Life (Basel). 2022 Jan 28;12(2):196. doi: 10.3390/life12020196.","Elias E","Life (Basel)","2022","2022/02/25","PMC8879976","","10.3390/life12020196"
"35453597","Gut Microbiota-Brain Axis as a Potential Modulator of Psychological Stress after Spinal Cord Injury","Musleh-Vega S, Ojeda J, Vidal PM.","Biomedicines. 2022 Apr 4;10(4):847. doi: 10.3390/biomedicines10040847.","Musleh-Vega S","Biomedicines","2022","2022/04/23","PMC9024710","","10.3390/biomedicines10040847"
"35135531","Enhanced intestinal protein fermentation in schizophrenia","Liang Y, Shi X, Shen Y, Huang Z, Wang J, Shao C, Chu Y, Chen J, Yu J, Kang Y.","BMC Med. 2022 Feb 9;20(1):67. doi: 10.1186/s12916-022-02261-z.","Liang Y","BMC Med","2022","2022/02/09","PMC8827269","","10.1186/s12916-022-02261-z"
"36363733","Psycho-Microbiology, a New Frontier for Probiotics: An Exploratory Overview","Accettulli A, Corbo MR, Sinigaglia M, Speranza B, Campaniello D, Racioppo A, Altieri C, Bevilacqua A.","Microorganisms. 2022 Oct 29;10(11):2141. doi: 10.3390/microorganisms10112141.","Accettulli A","Microorganisms","2022","2022/11/11","PMC9696884","","10.3390/microorganisms10112141"
"34907601","Intergenerational effects of a paternal Western diet during adolescence on offspring gut microbiota, stress reactivity, and social behavior","Bodden C, Pang TY, Feng Y, Mridha F, Kong G, Li S, Watt MJ, Reichelt AC, Hannan AJ.","FASEB J. 2022 Jan;36(1):e21981. doi: 10.1096/fj.202100920RR.","Bodden C","FASEB J","2022","2021/12/15","","","10.1096/fj.202100920RR"
"36815026","Effects of a high-prebiotic diet versus probiotic supplements versus synbiotics on adult mental health: The ""Gut Feelings"" randomised controlled trial","Freijy TM, Cribb L, Oliver G, Metri NJ, Opie RS, Jacka FN, Hawrelak JA, Rucklidge JJ, Ng CH, Sarris J.","Front Neurosci. 2023 Feb 6;16:1097278. doi: 10.3389/fnins.2022.1097278. eCollection 2022.","Freijy TM","Front Neurosci","2023","2023/02/23","PMC9940791","","10.3389/fnins.2022.1097278"
"36478577","Meals and movies: making our microbiota merry","Yousef O, De Souza S.","Med J Aust. 2022 Dec 12;217(11):597-600. doi: 10.5694/mja2.51782.","Yousef O","Med J Aust","2022","2022/12/08","","","10.5694/mja2.51782"
"36037991","Effects of spleen nerve denervation on depression-like phenotype, systemic inflammation, and abnormal composition of gut microbiota in mice after administration of lipopolysaccharide: A role of brain-spleen axis","Ma L, Zhang J, Fujita Y, Shinno-Hashimoto H, Shan J, Wan X, Qu Y, Chang L, Wang X, Hashimoto K.","J Affect Disord. 2022 Nov 15;317:156-165. doi: 10.1016/j.jad.2022.08.087. Epub 2022 Aug 26.","Ma L","J Affect Disord","2022","2022/08/29","","","10.1016/j.jad.2022.08.087"
"35715396","Experiencing social exclusion changes gut microbiota composition","Kim CS, Shin GE, Cheong Y, Shin JH, Shin DM, Chun WY.","Transl Psychiatry. 2022 Jun 17;12(1):254. doi: 10.1038/s41398-022-02023-8.","Kim CS","Transl Psychiatry","2022","2022/06/17","PMC9205890","","10.1038/s41398-022-02023-8"
"36421473","New Insights into the Gut Microbiota in Neurodegenerative Diseases from the Perspective of Redox Homeostasis","Wang Y, Zhang Z, Li B, He B, Li L, Nice EC, Zhang W, Xu J.","Antioxidants (Basel). 2022 Nov 18;11(11):2287. doi: 10.3390/antiox11112287.","Wang Y","Antioxidants (Basel)","2022","2022/11/24","PMC9687622","","10.3390/antiox11112287"
"36437014","Assessment and Treatment of Eating Disorders","Yoshiuchi K, Yamada H, Takakura S, Isobe M, Maruyama K, Nagata T.","J Nutr Sci Vitaminol (Tokyo). 2022;68(Supplement):S46-S48. doi: 10.3177/jnsv.68.S46.","Yoshiuchi K","J Nutr Sci Vitaminol (Tokyo)","2022","2022/11/27","","","10.3177/jnsv.68.S46"
"35432038","The Oral-Microbiome-Brain Axis and Neuropsychiatric Disorders: An Anthropological Perspective","Bowland GB, Weyrich LS.","Front Psychiatry. 2022 Mar 30;13:810008. doi: 10.3389/fpsyt.2022.810008. eCollection 2022.","Bowland GB","Front Psychiatry","2022","2022/04/18","PMC9005879","","10.3389/fpsyt.2022.810008"
"36120376","Neferine alleviates chronic stress-induced depression by regulating monoamine neurotransmitter secretion and gut microbiota structure","Dong Z, Xie Q, Xu F, Shen X, Hao Y, Li J, Xu H, Peng Q, Kuang W.","Front Pharmacol. 2022 Sep 2;13:974949. doi: 10.3389/fphar.2022.974949. eCollection 2022.","Dong Z","Front Pharmacol","2022","2022/09/19","PMC9479079","","10.3389/fphar.2022.974949"
"35286767","Potential of Probiotics as an Adjunct for Patients with Major Depressive Disorder","Cang W, Wu J, Ding R, Wang W, Li N, Shi H, Shi L, Lee Y, Wu R.","Mol Nutr Food Res. 2022 May;66(10):e2101057. doi: 10.1002/mnfr.202101057. Epub 2022 Mar 28.","Cang W","Mol Nutr Food Res","2022","2022/03/14","","","10.1002/mnfr.202101057"
"36583066","Impact of broad-spectrum antibiotics on the gut-microbiota-spleen-brain axis","Wan X, Eguchi A, Sakamoto A, Fujita Y, Yang Y, Qu Y, Hatano M, Mori C, Hashimoto K.","Brain Behav Immun Health. 2022 Dec 17;27:100573. doi: 10.1016/j.bbih.2022.100573. eCollection 2023 Feb.","Wan X","Brain Behav Immun Health","2022","2022/12/30","PMC9793168","","10.1016/j.bbih.2022.100573"
"36400152","Brain-gut microbiota multimodal predictive model in patients with bipolar depression","Xi C, Li A, Lai J, Huang X, Zhang P, Yan S, Jiao M, Huang H, Hu S.","J Affect Disord. 2023 Feb 15;323:140-152. doi: 10.1016/j.jad.2022.11.026. Epub 2022 Nov 15.","Xi C","J Affect Disord","2023","2022/11/18","","","10.1016/j.jad.2022.11.026"
"36502554","Antibiotic use and the development of depression: A systematic review","Pouranayatihosseinabad M, Bezabih Y, Hawrelak J, Peterson GM, Veal F, Mirkazemi C.","J Psychosom Res. 2023 Jan;164:111113. doi: 10.1016/j.jpsychores.2022.111113. Epub 2022 Dec 5.","Pouranayatihosseinabad M","J Psychosom Res","2023","2022/12/11","","","10.1016/j.jpsychores.2022.111113"
"35185631","The Gut-Brain-Immune Axis in Autism Spectrum Disorders: A State-of-Art Report","Puricelli C, Rolla R, Gigliotti L, Boggio E, Beltrami E, Dianzani U, Keller R.","Front Psychiatry. 2022 Feb 3;12:755171. doi: 10.3389/fpsyt.2021.755171. eCollection 2021.","Puricelli C","Front Psychiatry","2022","2022/02/21","PMC8850385","","10.3389/fpsyt.2021.755171"
"36078738","The Role of Psychobiotics to Ensure Mental Health during the COVID-19 Pandemic-A Current State of Knowledge","Zielińska D, Karbowiak M, Brzezicka A.","Int J Environ Res Public Health. 2022 Sep 3;19(17):11022. doi: 10.3390/ijerph191711022.","Zielińska D","Int J Environ Res Public Health","2022","2022/09/09","PMC9518511","","10.3390/ijerph191711022"
"35840611","The effects of probiotics on risk and time preferences","Dantas AM, Sack AT, Bruggen E, Jiao P, Schuhmann T.","Sci Rep. 2022 Jul 15;12(1):12152. doi: 10.1038/s41598-022-16251-x.","Dantas AM","Sci Rep","2022","2022/07/15","PMC9287413","","10.1038/s41598-022-16251-x"
"36329546","A critical analysis of eating disorders and the gut microbiome","Terry SM, Barnett JA, Gibson DL.","J Eat Disord. 2022 Nov 3;10(1):154. doi: 10.1186/s40337-022-00681-z.","Terry SM","J Eat Disord","2022","2022/11/04","PMC9635068","","10.1186/s40337-022-00681-z"
"36959989","Emerging Role and Place of Probiotics in the Management of Pediatric Neurodevelopmental Disorders","Khanna HN, Roy S, Shaikh A, Bandi V.","Euroasian J Hepatogastroenterol. 2022 Jul-Dec;12(2):102-108. doi: 10.5005/jp-journals-10018-1384.","Khanna HN","Euroasian J Hepatogastroenterol","2022","2023/03/24","PMC10028704","","10.5005/jp-journals-10018-1384"
"35731901","The clinical and mechanistic roles of bile acids in depression, Alzheimer's disease, and stroke","Lirong W, Mingliang Z, Mengci L, Qihao G, Zhenxing R, Xiaojiao Z, Tianlu C.","Proteomics. 2022 Aug;22(15-16):e2100324. doi: 10.1002/pmic.202100324. Epub 2022 Jul 13.","Lirong W","Proteomics","2022","2022/06/22","","","10.1002/pmic.202100324"
"35779628","(R)-ketamine as prophylactic and therapeutic drug for neurological disorders: Beyond depression","Wang X, Yang J, Hashimoto K.","Neurosci Biobehav Rev. 2022 Aug;139:104762. doi: 10.1016/j.neubiorev.2022.104762. Epub 2022 Jun 30.","Wang X","Neurosci Biobehav Rev","2022","2022/07/02","","","10.1016/j.neubiorev.2022.104762"
"36104346","Maternal immune activation induces autism-like changes in behavior, neuroinflammatory profile and gut microbiota in mouse offspring of both sexes","Tartaglione AM, Villani A, Ajmone-Cat MA, Minghetti L, Ricceri L, Pazienza V, De Simone R, Calamandrei G.","Transl Psychiatry. 2022 Sep 14;12(1):384. doi: 10.1038/s41398-022-02149-9.","Tartaglione AM","Transl Psychiatry","2022","2022/09/14","PMC9474453","","10.1038/s41398-022-02149-9"
"36550591","Antidepression of Xingpijieyu formula targets gut microbiota derived from depressive disorder","Li Y, Yang L, Li J, Gao W, Zhao Z, Dong K, Duan W, Dai B, Guo R.","CNS Neurosci Ther. 2023 Feb;29(2):669-681. doi: 10.1111/cns.14049. Epub 2022 Dec 22.","Li Y","CNS Neurosci Ther","2023","2022/12/22","PMC9873506","","10.1111/cns.14049"
"36191590","Features of gut microbiota in patients with anorexia nervosa","Yuan R, Yang L, Yao G, Geng S, Ge Q, Bo S, Li X.","Chin Med J (Engl). 2022 Aug 20;135(16):1993-2002. doi: 10.1097/CM9.0000000000002362.","Yuan R","Chin Med J (Engl)","2022","2022/10/03","PMC9746762","","10.1097/CM9.0000000000002362"
"36549572","The effect of microbiome composition on impulsive and violent behavior: A systematic review","Langmajerová M, Roubalová R, Šebela A, Vevera J.","Behav Brain Res. 2023 Feb 25;440:114266. doi: 10.1016/j.bbr.2022.114266. Epub 2022 Dec 20.","Langmajerová M","Behav Brain Res","2023","2022/12/22","","","10.1016/j.bbr.2022.114266"
"35711580","Schizophrenia Patients With Prevotella-Enterotype Have a Higher Risk of Obesity","Liang Y, Shen Y, Li G, Yuan Y, Zhang M, Gao J.","Front Psychiatry. 2022 May 30;13:864951. doi: 10.3389/fpsyt.2022.864951. eCollection 2022.","Liang Y","Front Psychiatry","2022","2022/06/17","PMC9195727","","10.3389/fpsyt.2022.864951"
"35956395","Positive Effects of α-Lactalbumin in the Management of Symptoms of Polycystic Ovary Syndrome","Cardinale V, Lepore E, Basciani S, Artale S, Nordio M, Bizzarri M, Unfer V.","Nutrients. 2022 Aug 6;14(15):3220. doi: 10.3390/nu14153220.","Cardinale V","Nutrients","2022","2022/08/12","PMC9370664","","10.3390/nu14153220"
"36571897","Repeated use of 3,4-methylenedioxymethamphetamine is associated with the resilience in mice after chronic social defeat stress: A role of gut-microbiota-brain axis","Qu Y, Eguchi A, Wan X, Ma L, Chang L, Shan J, Yang Y, Mori C, Hashimoto K.","Psychiatry Res. 2023 Feb;320:115020. doi: 10.1016/j.psychres.2022.115020. Epub 2022 Dec 21.","Qu Y","Psychiatry Res","2023","2022/12/26","","","10.1016/j.psychres.2022.115020"
"36209779","An exploratory study of the gut microbiota in major depression with anxious distress","Ritchie G, Strodl E, Parham S, Bambling M, Cramb S, Vitetta L.","J Affect Disord. 2023 Jan 1;320:595-604. doi: 10.1016/j.jad.2022.10.001. Epub 2022 Oct 7.","Ritchie G","J Affect Disord","2023","2022/10/09","","","10.1016/j.jad.2022.10.001"
"36558556","The Effect of Breast Milk Microbiota on the Composition of Infant Gut Microbiota: A Cohort Study","Li Y, Ren L, Wang Y, Li J, Zhou Q, Peng C, Li Y, Cheng R, He F, Shen X.","Nutrients. 2022 Dec 19;14(24):5397. doi: 10.3390/nu14245397.","Li Y","Nutrients","2022","2022/12/23","PMC9781472","","10.3390/nu14245397"
"35312049","Can gut microbiota throughout the first 10 years of life predict executive functioning in childhood?","Eckermann HA, Ou Y, Lahti L, de Weerth C.","Dev Psychobiol. 2022 Mar;64(3):e22226. doi: 10.1002/dev.22226.","Eckermann HA","Dev Psychobiol","2022","2022/03/21","","","10.1002/dev.22226"
"35666299","Gut-microbiota-brain axis in the vulnerability to psychosis in adulthood after repeated cannabis exposure during adolescence","Wan X, Eguchi A, Qu Y, Yang Y, Chang L, Shan J, Mori C, Hashimoto K.","Eur Arch Psychiatry Clin Neurosci. 2022 Oct;272(7):1297-1309. doi: 10.1007/s00406-022-01437-1. Epub 2022 Jun 6.","Wan X","Eur Arch Psychiatry Clin Neurosci","2022","2022/06/06","","","10.1007/s00406-022-01437-1"
"35799798","Association Between Non-Suicidal Self-Injury and Gut Microbial Characteristics in Chinese Adolescent","Cai LF, Wang SB, Hou CL, Li ZB, Liao YJ, Jia FJ.","Neuropsychiatr Dis Treat. 2022 Jul 1;18:1315-1328. doi: 10.2147/NDT.S360588. eCollection 2022.","Cai LF","Neuropsychiatr Dis Treat","2022","2022/07/08","PMC9255420","","10.2147/NDT.S360588"
"35024387","Altered stress responses in adults born by Caesarean section","Dinan TG, Kennedy PJ, Morais LH, Murphy A, Long-Smith CM, Moloney GM, Bastiaanssen TFS, Allen AP, Collery A, Mullins D, Cusack AM, Berding K, O'Toole PW, Clarke G, Stanton C, Cryan JF.","Neurobiol Stress. 2021 Dec 28;16:100425. doi: 10.1016/j.ynstr.2021.100425. eCollection 2022 Jan.","Dinan TG","Neurobiol Stress","2021","2022/01/13","PMC8733342","","10.1016/j.ynstr.2021.100425"
"36370535","Gut mycobiota dysbiosis in drug-naïve, first-episode schizophrenia","Yuan X, Li X, Kang Y, Pang L, Hei G, Zhang X, Wang S, Zhao X, Zhang S, Tao Q, Zhang L, Zhu Q, Lv L, Fan X, Hu S, Song X.","Schizophr Res. 2022 Dec;250:76-86. doi: 10.1016/j.schres.2022.10.011. Epub 2022 Nov 9.","Yuan X","Schizophr Res","2022","2022/11/12","","","10.1016/j.schres.2022.10.011"
"35889348","Potential Role of Quercetin in Polycystic Ovary Syndrome and Its Complications: A Review","Chen T, Jia F, Yu Y, Zhang W, Wang C, Zhu S, Zhang N, Liu X.","Molecules. 2022 Jul 13;27(14):4476. doi: 10.3390/molecules27144476.","Chen T","Molecules","2022","2022/07/27","PMC9325244","","10.3390/molecules27144476"
"36699448","The host genetics affects gut microbiome diversity in Chinese depressed patients","Han K, Ji L, Wang C, Shao Y, Chen C, Liu L, Feng M, Yang F, Wu X, Li X, Xie Q, He L, Shi Y, He G, Dong Z, Yu T.","Front Genet. 2023 Jan 9;13:976814. doi: 10.3389/fgene.2022.976814. eCollection 2022.","Han K","Front Genet","2023","2023/01/26","PMC9868868","","10.3389/fgene.2022.976814"
"35399732","Gut-Thyroid axis: How gut microbial dysbiosis associated with euthyroid thyroid cancer","Ishaq HM, Mohammad IS, Hussain R, Parveen R, Shirazi JH, Fan Y, Shahzad M, Hayat K, Li H, Ihsan A, Muhammad KS, Usman M, Zhang S, Yuan L, Ullah S, Paiva-Santos AC, Xu J.","J Cancer. 2022 Mar 28;13(6):2014-2028. doi: 10.7150/jca.66816. eCollection 2022.","Ishaq HM","J Cancer","2022","2022/04/11","PMC8990431","","10.7150/jca.66816"
"36191806","A role of gut-microbiota-brain axis via subdiaphragmatic vagus nerve in depression-like phenotypes in Chrna7 knock-out mice","Yang Y, Eguchi A, Wan X, Chang L, Wang X, Qu Y, Mori C, Hashimoto K.","Prog Neuropsychopharmacol Biol Psychiatry. 2023 Jan 10;120:110652. doi: 10.1016/j.pnpbp.2022.110652. Epub 2022 Sep 30.","Yang Y","Prog Neuropsychopharmacol Biol Psychiatry","2023","2022/10/03","","","10.1016/j.pnpbp.2022.110652"
"35967810","The Potential of Honey as a Prebiotic Food to Re-engineer the Gut Microbiome Toward a Healthy State","Schell KR, Fernandes KE, Shanahan E, Wilson I, Blair SE, Carter DA, Cokcetin NN.","Front Nutr. 2022 Jul 28;9:957932. doi: 10.3389/fnut.2022.957932. eCollection 2022.","Schell KR","Front Nutr","2022","2022/08/15","PMC9367972","","10.3389/fnut.2022.957932"
"36058421","Altered gut microbiota correlates with behavioral problems but not gastrointestinal symptoms in individuals with autism","Chen YC, Lin HY, Chien Y, Tung YH, Ni YH, Gau SS.","Brain Behav Immun. 2022 Nov;106:161-178. doi: 10.1016/j.bbi.2022.08.015. Epub 2022 Sep 2.","Chen YC","Brain Behav Immun","2022","2022/09/04","","","10.1016/j.bbi.2022.08.015"
"35981685","Depression-like behaviors in mouse model of Sjögren's syndrome: A role of gut-microbiota-brain axis","Pu Y, He Y, Zhao X, Zhang Q, Wen J, Hashimoto K, Liu Y.","Pharmacol Biochem Behav. 2022 Sep;219:173448. doi: 10.1016/j.pbb.2022.173448. Epub 2022 Aug 15.","Pu Y","Pharmacol Biochem Behav","2022","2022/08/18","","","10.1016/j.pbb.2022.173448"
"36550632","Oxymatrine ameliorates white matter injury by modulating gut microbiota after intracerebral hemorrhage in mice","Li J, Liang J, Zeng M, Sun K, Luo Y, Zheng H, Li F, Yuan W, Zhou H, Liu J, Sun H.","CNS Neurosci Ther. 2023 Jun;29 Suppl 1(Suppl 1):18-30. doi: 10.1111/cns.14066. Epub 2022 Dec 22.","Li J","CNS Neurosci Ther","2023","2022/12/23","PMC10314101","","10.1111/cns.14066"
"35309241","Consensus on potential biomarkers developed for use in clinical tests for schizophrenia","Lin P, Sun J, Lou X, Li D, Shi Y, Li Z, Ma P, Li P, Chen S, Jin W, Liu S, Chen Q, Gao Q, Zhu L, Xu J, Zhu M, Wang M, Liang K, Zhao L, Xu H, Dong K, Li Q, Cheng X, Chen J, Guo X.","Gen Psychiatr. 2022 Feb 23;35(1):e100685. doi: 10.1136/gpsych-2021-100685. eCollection 2022.","Lin P","Gen Psychiatr","2022","2022/03/21","PMC8867318","","10.1136/gpsych-2021-100685"
"33963284","Molecular mechanisms underlying the antidepressant actions of arketamine: beyond the NMDA receptor","Wei Y, Chang L, Hashimoto K.","Mol Psychiatry. 2022 Jan;27(1):559-573. doi: 10.1038/s41380-021-01121-1. Epub 2021 May 7.","Wei Y","Mol Psychiatry","2022","2021/05/08","PMC8960399","","10.1038/s41380-021-01121-1"
"36365032","The Role of the Microbiome in the Metabolic Health of People with Schizophrenia and Related Psychoses: Cross-Sectional and Pre-Post Lifestyle Intervention Analyses","O'Donnell M, Teasdale SB, Chua XY, Hardman J, Wu N, Curtis J, Samaras K, Bolton P, Morris MJ, Shannon Weickert C, Purves-Tyson T, El-Assaad F, Jiang XT, Hold GL, El-Omar E.","Pathogens. 2022 Nov 1;11(11):1279. doi: 10.3390/pathogens11111279.","O'Donnell M","Pathogens","2022","2022/11/11","PMC9695516","","10.3390/pathogens11111279"
"36698474","The different trends in the burden of neurological and mental disorders following dietary transition in China, the USA, and the world: An extension analysis for the Global Burden of Disease Study 2019","Liang S, Wang L, Wu X, Hu X, Wang T, Jin F.","Front Nutr. 2023 Jan 9;9:957688. doi: 10.3389/fnut.2022.957688. eCollection 2022.","Liang S","Front Nutr","2023","2023/01/26","PMC9869872","","10.3389/fnut.2022.957688"
"35937875","Gut microbiome: A potential indicator for predicting treatment outcomes in major depressive disorder","Dong Z, Shen X, Hao Y, Li J, Xu H, Yin L, Kuang W.","Front Neurosci. 2022 Jul 22;16:813075. doi: 10.3389/fnins.2022.813075. eCollection 2022.","Dong Z","Front Neurosci","2022","2022/08/08","PMC9354493","","10.3389/fnins.2022.813075"
"36088985","A role of microRNA-149 in the prefrontal cortex for prophylactic actions of (R)-ketamine in inflammation model","Ma L, Wang L, Chang L, Shan J, Qu Y, Wang X, Fujita Y, Hashimoto K.","Neuropharmacology. 2022 Nov 15;219:109250. doi: 10.1016/j.neuropharm.2022.109250. Epub 2022 Sep 9.","Ma L","Neuropharmacology","2022","2022/09/11","","","10.1016/j.neuropharm.2022.109250"
"36358286","The Effect of Long-Term Moderate Static Magnetic Field Exposure on Adult Female Mice","Yang X, Yu B, Song C, Feng C, Zhang J, Wang X, Cheng G, Yang R, Wang W, Zhu Y.","Biology (Basel). 2022 Oct 28;11(11):1585. doi: 10.3390/biology11111585.","Yang X","Biology (Basel)","2022","2022/11/11","PMC9687991","","10.3390/biology11111585"
"35352107","Psychobiotics in diet: significance and applications of neuroactive and psychoactive microbial metabolites","Giri R, Sharma RK.","Nutr Rev. 2022 Aug 8;80(9):2002-2016. doi: 10.1093/nutrit/nuac019.","Giri R","Nutr Rev","2022","2022/03/30","","","10.1093/nutrit/nuac019"
"36158270","Associations of gut microbiota with dyslipidemia based on sex differences in subjects from Northwestern China","Guo L, Wang YY, Wang JH, Zhao HP, Yu Y, Wang GD, Dai K, Yan YZ, Yang YJ, Lv J.","World J Gastroenterol. 2022 Jul 21;28(27):3455-3475. doi: 10.3748/wjg.v28.i27.3455.","Guo L","World J Gastroenterol","2022","2022/09/26","PMC9346449","","10.3748/wjg.v28.i27.3455"
"36216056","Effects of urban particulate matter on gut microbiome and partial schizophrenia-like symptoms in mice: Evidence from shotgun metagenomic and metabolomic profiling","Yi W, Ji Y, Gao H, Luo S, Pan R, Song J, He Y, Li Y, Wu Y, Yan S, Liang Y, Sun X, Jin X, Mei L, Cheng J, Su H.","Sci Total Environ. 2023 Jan 20;857(Pt 1):159305. doi: 10.1016/j.scitotenv.2022.159305. Epub 2022 Oct 8.","Yi W","Sci Total Environ","2023","2022/10/10","","","10.1016/j.scitotenv.2022.159305"
"36244970","Depression and fatigue in active IBD from a microbiome perspective-a Bayesian approach to faecal metagenomics","Thomann AK, Wüstenberg T, Wirbel J, Knoedler LL, Thomann PA, Zeller G, Ebert MP, Lis S, Reindl W.","BMC Med. 2022 Oct 17;20(1):366. doi: 10.1186/s12916-022-02550-7.","Thomann AK","BMC Med","2022","2022/10/16","PMC9575298","","10.1186/s12916-022-02550-7"
"36493975","Key role of the gut-microbiota-brain axis via the subdiaphragmatic vagus nerve in demyelination of the cuprizone-treated mouse brain","Wang X, Eguchi A, Yang Y, Chang L, Wan X, Shan J, Qu Y, Ma L, Mori C, Yang J, Hashimoto K.","Neurobiol Dis. 2023 Jan;176:105951. doi: 10.1016/j.nbd.2022.105951. Epub 2022 Dec 6.","Wang X","Neurobiol Dis","2023","2022/12/09","","","10.1016/j.nbd.2022.105951"
"35788394","Long-lasting beneficial effects of maternal intake of sulforaphane glucosinolate on gut microbiota in adult offspring","Wei Y, Chang L, Liu G, Wang X, Yang Y, Hashimoto K.","J Nutr Biochem. 2022 Nov;109:109098. doi: 10.1016/j.jnutbio.2022.109098. Epub 2022 Jul 2.","Wei Y","J Nutr Biochem","2022","2022/07/05","","","10.1016/j.jnutbio.2022.109098"
"36558405","Plasma Concentrations of Short-Chain Fatty Acids in Active and Recovered Anorexia Nervosa","Xu J, Landberg R, Lavebratt C, Bulik CM, Landén M, Nilsson IAK.","Nutrients. 2022 Dec 9;14(24):5247. doi: 10.3390/nu14245247.","Xu J","Nutrients","2022","2022/12/23","PMC9781195","","10.3390/nu14245247"
"35650202","Fecal microbiota transplantation from patients with rheumatoid arthritis causes depression-like behaviors in mice through abnormal T cells activation","Pu Y, Zhang Q, Tang Z, Lu C, Wu L, Zhong Y, Chen Y, Hashimoto K, Luo Y, Liu Y.","Transl Psychiatry. 2022 Jun 1;12(1):223. doi: 10.1038/s41398-022-01993-z.","Pu Y","Transl Psychiatry","2022","2022/06/01","PMC9160267","","10.1038/s41398-022-01993-z"
"35981631","Antibiotic-induced microbiome depletion improves LPS-induced acute lung injury via gut-lung axis","Hashimoto Y, Eguchi A, Wei Y, Shinno-Hashimoto H, Fujita Y, Ishima T, Chang L, Mori C, Suzuki T, Hashimoto K.","Life Sci. 2022 Oct 15;307:120885. doi: 10.1016/j.lfs.2022.120885. Epub 2022 Aug 16.","Hashimoto Y","Life Sci","2022","2022/08/18","","","10.1016/j.lfs.2022.120885"
"35956326","Inflammatory Signatures of Maternal Obesity as Risk Factors for Neurodevelopmental Disorders: Role of Maternal Microbiota and Nutritional Intervention Strategies","Cirulli F, De Simone R, Musillo C, Ajmone-Cat MA, Berry A.","Nutrients. 2022 Jul 30;14(15):3150. doi: 10.3390/nu14153150.","Cirulli F","Nutrients","2022","2022/08/12","PMC9370669","","10.3390/nu14153150"
"36183483","Possible metabolic interplay between quality of life and fecal microbiota in a presenior population: Preliminary results","de Cuevillas B, Riezu-Boj JI, Abete I, Zulet MA, Galarregui C, Gonzalez-Navarro CJ, Milagro FI, Martínez JA, Navas-Carretero S.","Nutrition. 2022 Nov-Dec;103-104:111841. doi: 10.1016/j.nut.2022.111841. Epub 2022 Sep 5.","de Cuevillas B","Nutrition","2022","2022/10/02","","","10.1016/j.nut.2022.111841"
"36191374","Comparison of the chronic unpredictable mild stress and the maternal separation in mice postpartum depression modeling","Zhang Y, Zhang L, Shi B, Huang F, Gao Y, Miao Z, Ma K, Zhan Z, Zou W, Liu M.","Biochem Biophys Res Commun. 2022 Dec 3;632:24-31. doi: 10.1016/j.bbrc.2022.09.063. Epub 2022 Sep 24.","Zhang Y","Biochem Biophys Res Commun","2022","2022/10/03","","","10.1016/j.bbrc.2022.09.063"
"35594949","Effects of (R)-ketamine on reduced bone mineral density in ovariectomized mice: A role of gut microbiota","Wan X, Eguchi A, Fujita Y, Ma L, Wang X, Yang Y, Qu Y, Chang L, Zhang J, Mori C, Hashimoto K.","Neuropharmacology. 2022 Aug 1;213:109139. doi: 10.1016/j.neuropharm.2022.109139. Epub 2022 May 17.","Wan X","Neuropharmacology","2022","2022/05/20","","","10.1016/j.neuropharm.2022.109139"
"36579574","The Potential Impact of Age on Gut Microbiota in Patients with Major Depressive Disorder: A Secondary Analysis of the Prospective Observational Study","Miyaho K, Sanada K, Kurokawa S, Tanaka A, Tachibana T, Ishii C, Noda Y, Nakajima S, Fukuda S, Mimura M, Kishimoto T, Iwanami A.","J Pers Med. 2022 Nov 3;12(11):1827. doi: 10.3390/jpm12111827.","Miyaho K","J Pers Med","2022","2022/12/29","PMC9697470","","10.3390/jpm12111827"
"37124355","Alteration of Gut Microbiome in Patients With Schizophrenia Indicates Links Between Bacterial Tyrosine Biosynthesis and Cognitive Dysfunction","Thirion F, Speyer H, Hansen TH, Nielsen T, Fan Y, Le Chatelier E, Fromentin S, Berland M, Plaza Oñate F, Pons N, Galleron N, Levenez F, Markó L, Birkner T, Jørgensen T, Forslund SK, Vestergaard H, Hansen T, Nordentoft M, Mors O, Benros ME, Pedersen O, Ehrlich SD.","Biol Psychiatry Glob Open Sci. 2022 Feb 10;3(2):283-291. doi: 10.1016/j.bpsgos.2022.01.009. eCollection 2023 Apr.","Thirion F","Biol Psychiatry Glob Open Sci","2022","2023/05/01","PMC10140391","","10.1016/j.bpsgos.2022.01.009"
"36079050","Intestinal Permeability and Depression in Patients with Inflammatory Bowel Disease","Iordache MM, Tocia C, Aschie M, Dumitru A, Manea M, Cozaru GC, Petcu L, Vlad SE, Dumitru E, Chisoi A.","J Clin Med. 2022 Aug 30;11(17):5121. doi: 10.3390/jcm11175121.","Iordache MM","J Clin Med","2022","2022/09/09","PMC9457405","","10.3390/jcm11175121"
"35308288","Three Different Types of β-Glucans Enhance Cognition: The Role of the Gut-Brain Axis","Hu M, Zhang P, Wang R, Zhou M, Pang N, Cui X, Ge X, Liu X, Huang XF, Yu Y.","Front Nutr. 2022 Mar 3;9:848930. doi: 10.3389/fnut.2022.848930. eCollection 2022.","Hu M","Front Nutr","2022","2022/03/21","PMC8927932","","10.3389/fnut.2022.848930"
"35013099","A pilot exploration of multi-omics research of gut microbiome in major depressive disorders","Zhao H, Jin K, Jiang C, Pan F, Wu J, Luan H, Zhao Z, Chen J, Mou T, Wang Z, Lu J, Lu S, Hu S, Xu Y, Huang M.","Transl Psychiatry. 2022 Jan 10;12(1):8. doi: 10.1038/s41398-021-01769-x.","Zhao H","Transl Psychiatry","2022","2022/01/11","PMC8748871","","10.1038/s41398-021-01769-x"
"36056826","Microbiome-Based Therapies in Parkinson's Disease: Can Tuning the Microbiota Become a Viable Therapeutic Strategy?","Onaolapo AY, Ojo FO, Olofinnade AT, Falade J, Lawal IA, Onaolapo OJ.","CNS Neurol Disord Drug Targets. 2022 Sep 3. doi: 10.2174/1871527321666220903114559. Online ahead of print.","Onaolapo AY","CNS Neurol Disord Drug Targets","2022","2022/09/03","","","10.2174/1871527321666220903114559"
"35466109","Effects of Subdiaphragmatic Vagotomy in the MPTP-induced Neurotoxicity in the Striatum and Colon of Mice","Shan J, Qu Y, Zhang J, Ma L, Hashimoto K.","Clin Psychopharmacol Neurosci. 2022 May 31;20(2):389-393. doi: 10.9758/cpn.2022.20.2.389.","Shan J","Clin Psychopharmacol Neurosci","2022","2022/04/25","PMC9047999","","10.9758/cpn.2022.20.2.389"
"36356994","Application of probiotics, prebiotics and synbiotics in patients with breast cancer: a systematic review and meta-analysis protocol for randomised controlled trials","Duan D, Chen M, Cui W, Liu W, Chen X.","BMJ Open. 2022 Nov 10;12(11):e064417. doi: 10.1136/bmjopen-2022-064417.","Duan D","BMJ Open","2022","2022/11/10","PMC9660692","","10.1136/bmjopen-2022-064417"
"35432048","The Correlation Between Probiotics and Anxiety and Depression Levels in Cancer Patients: A Retrospective Cohort Study","Ye Z, Zhang Y, Du M, Lu S, Zhao Q, Yang S.","Front Psychiatry. 2022 Apr 1;13:830081. doi: 10.3389/fpsyt.2022.830081. eCollection 2022.","Ye Z","Front Psychiatry","2022","2022/04/18","PMC9010612","","10.3389/fpsyt.2022.830081"
"36437993","Effect of human probiotics on memory, psychological and biological measures in elderly: A study protocol of bi-center, double-blind, randomized, placebo-controlled clinical trial (CleverAge Biota)","Bartos A, Weinerova J, Diondet S, Vales K.","Front Aging Neurosci. 2022 Nov 10;14:996234. doi: 10.3389/fnagi.2022.996234. eCollection 2022.","Bartos A","Front Aging Neurosci","2022","2022/11/28","PMC9686296","","10.3389/fnagi.2022.996234"
"36283312","Ginsenoside Rh4 remodels the periphery microenvironment by targeting the brain-gut axis to alleviate depression-like behaviors","Shao J, Ma X, Qu L, Ma P, Huang R, Fan D.","Food Chem. 2023 Mar 15;404(Pt B):134639. doi: 10.1016/j.foodchem.2022.134639. Epub 2022 Oct 18.","Shao J","Food Chem","2023","2022/10/25","","","10.1016/j.foodchem.2022.134639"
"35302147","Lactobacillus rhamnosus zz-1 exerts preventive effects on chronic unpredictable mild stress-induced depression in mice via regulating the intestinal microenvironment","Xu J, Tang M, Wu X, Kong X, Liu Y, Xu X.","Food Funct. 2022 Apr 20;13(8):4331-4343. doi: 10.1039/d1fo03804d.","Xu J","Food Funct","2022","2022/03/18","","","10.1039/d1fo03804d"
"36235606","Circulating Levels of Short-Chain Fatty Acids during Pregnancy and Infant Neurodevelopment","Hernández-Martínez C, Canals J, Voltas N, Martín-Luján F, Arija V.","Nutrients. 2022 Sep 23;14(19):3946. doi: 10.3390/nu14193946.","Hernández-Martínez C","Nutrients","2022","2022/10/14","PMC9573109","","10.3390/nu14193946"
"35918353","Investigation of memory-enhancing effects of Streptococcus thermophilus EG007 in mice and elucidating molecular and metagenomic characteristics using nanopore sequencing","Kim H, Jeon S, Kim J, Seol D, Jo J, Cho S, Kim H.","Sci Rep. 2022 Aug 2;12(1):13274. doi: 10.1038/s41598-022-14837-z.","Kim H","Sci Rep","2022","2022/08/02","PMC9346115","","10.1038/s41598-022-14837-z"
"35790976","The effects of polyunsaturated fatty acid (PUFA) administration on the microbiome-gut-brain axis in adolescents with anorexia nervosa (the MiGBAN study): study protocol for a longitudinal, double-blind, randomized, placebo-controlled trial","Keller L, Dempfle A, Dahmen B, Schreiber S, Adan RAH, Andreani NA, Danner UN, Eisert A, Fetissov S, Fischmeister FPS, Karwautz A, Konrad K, Kooij KL, Trinh S, van der Vijgh B, van Elburg AA, Zeiler M, Baines J, Seitz J, Herpertz-Dahlmann B.","Trials. 2022 Jul 5;23(1):545. doi: 10.1186/s13063-022-06413-7.","Keller L","Trials","2022","2022/07/05","PMC9254435","","10.1186/s13063-022-06413-7"
"35996352","Probiotics supplementation and brain-derived neurotrophic factor (BDNF): a systematic review and meta-analysis of randomized controlled trials","Dehghani F, Abdollahi S, Shidfar F, Clark CCT, Soltani S.","Nutr Neurosci. 2023 Oct;26(10):942-952. doi: 10.1080/1028415X.2022.2110664. Epub 2022 Aug 22.","Dehghani F","Nutr Neurosci","2023","2022/08/23","","","10.1080/1028415X.2022.2110664"
"36364950","Exploration of the Gut-Brain Axis through Metabolomics Identifies Serum Propionic Acid Associated with Higher Cognitive Decline in Older Persons","Neuffer J, González-Domínguez R, Lefèvre-Arbogast S, Low DY, Driollet B, Helmer C, Du Preez A, de Lucia C, Ruigrok SR, Altendorfer B, Aigner L, Lucassen PJ, Korosi A, Thuret S, Manach C, Pallàs M, Urpi-Sardà M, Sánchez-Pla A, Andres-Lacueva C, Samieri C.","Nutrients. 2022 Nov 5;14(21):4688. doi: 10.3390/nu14214688.","Neuffer J","Nutrients","2022","2022/11/11","PMC9655149","","10.3390/nu14214688"
"35704960","Efficacy and safety of a food supplement with standardized menthol, limonene, and gingerol content in patients with irritable bowel syndrome: A double-blind, randomized, placebo-controlled trial","Ivashkin VT, Kudryavtseva AV, Krasnov GS, Poluektov YM, Morozova MA, Shifrin OS, Beniashvili AG, Mamieva ZA, Kovaleva AL, Ulyanin AI, Trush EA, Erlykin AG, Poluektova EA.","PLoS One. 2022 Jun 15;17(6):e0263880. doi: 10.1371/journal.pone.0263880. eCollection 2022.","Ivashkin VT","PLoS One","2022","2022/06/15","PMC9200470","","10.1371/journal.pone.0263880"
"35308282","Association Between Consumption of Fermented Food and Food-Derived Prebiotics With Cognitive Performance, Depressive, and Anxiety Symptoms in Psychiatrically Healthy Medical Students Under Psychological Stress: A Prospective Cohort Study","Karbownik MS, Mokros Ł, Dobielska M, Kowalczyk M, Kowalczyk E.","Front Nutr. 2022 Mar 3;9:850249. doi: 10.3389/fnut.2022.850249. eCollection 2022.","Karbownik MS","Front Nutr","2022","2022/03/21","PMC8929173","","10.3389/fnut.2022.850249"
