﻿PMID,Title,Authors,Citation,First Author,Journal/Book,Publication Year,Create Date,PMCID,NIHMS ID,DOI
"37513676","The Role of Gut Microbiota in Anxiety, Depression, and Other Mental Disorders as Well as the Protective Effects of Dietary Components","Xiong RG, Li J, Cheng J, Zhou DD, Wu SX, Huang SY, Saimaiti A, Yang ZJ, Gan RY, Li HB.","Nutrients. 2023 Jul 23;15(14):3258. doi: 10.3390/nu15143258.","Xiong RG","Nutrients","2023","2023/07/29","PMC10384867","","10.3390/nu15143258"
"36794003","High-fiber diet ameliorates gut microbiota, serum metabolism and emotional mood in type 2 diabetes patients","Chen L, Liu B, Ren L, Du H, Fei C, Qian C, Li B, Zhang R, Liu H, Li Z, Ma Z.","Front Cell Infect Microbiol. 2023 Jan 30;13:1069954. doi: 10.3389/fcimb.2023.1069954. eCollection 2023.","Chen L","Front Cell Infect Microbiol","2023","2023/02/16","PMC9922700","","10.3389/fcimb.2023.1069954"
"37069399","The gut microbiota contributes to the pathogenesis of anorexia nervosa in humans and mice","Fan Y, Støving RK, Berreira Ibraim S, Hyötyläinen T, Thirion F, Arora T, Lyu L, Stankevic E, Hansen TH, Déchelotte P, Sinioja T, Ragnarsdottir O, Pons N, Galleron N, Quinquis B, Levenez F, Roume H, Falony G, Vieira-Silva S, Raes J, Clausen L, Telléus GK, Bäckhed F, Oresic M, Ehrlich SD, Pedersen O.","Nat Microbiol. 2023 May;8(5):787-802. doi: 10.1038/s41564-023-01355-5. Epub 2023 Apr 17.","Fan Y","Nat Microbiol","2023","2023/04/17","PMC10159860","","10.1038/s41564-023-01355-5"
"38203207","Our Mental Health Is Determined by an Intrinsic Interplay between the Central Nervous System, Enteric Nerves, and Gut Microbiota","Dicks LMT.","Int J Mol Sci. 2023 Dec 19;25(1):38. doi: 10.3390/ijms25010038.","Dicks LMT","Int J Mol Sci","2023","2024/01/11","PMC10778721","","10.3390/ijms25010038"
"37849234","Microbiota from Alzheimer's patients induce deficits in cognition and hippocampal neurogenesis","Grabrucker S, Marizzoni M, Silajdžić E, Lopizzo N, Mombelli E, Nicolas S, Dohm-Hansen S, Scassellati C, Moretti DV, Rosa M, Hoffmann K, Cryan JF, O'Leary OF, English JA, Lavelle A, O'Neill C, Thuret S, Cattaneo A, Nolan YM.","Brain. 2023 Dec 1;146(12):4916-4934. doi: 10.1093/brain/awad303.","Grabrucker S","Brain","2023","2023/10/18","PMC10689930","","10.1093/brain/awad303"
"37960197","Causality Investigation between Gut Microbiota, Derived Metabolites, and Obstructive Sleep Apnea: A Bidirectional Mendelian Randomization Study","Yan W, Jiang M, Hu W, Zhan X, Liu Y, Zhou J, Ji J, Wang S, Tai J.","Nutrients. 2023 Oct 26;15(21):4544. doi: 10.3390/nu15214544.","Yan W","Nutrients","2023","2023/11/14","PMC10648878","","10.3390/nu15214544"
"36986226","The Microbiota-Gut-Brain Axis: Psychoneuroimmunological Insights","Marano G, Mazza M, Lisci FM, Ciliberto M, Traversi G, Kotzalidis GD, De Berardis D, Laterza L, Sani G, Gasbarrini A, Gaetani E.","Nutrients. 2023 Mar 20;15(6):1496. doi: 10.3390/nu15061496.","Marano G","Nutrients","2023","2023/03/29","PMC10059722","","10.3390/nu15061496"
"38089822","The relationship between gut microbiota and insomnia: a bi-directional two-sample Mendelian randomization research","Li Y, Deng Q, Liu Z.","Front Cell Infect Microbiol. 2023 Nov 28;13:1296417. doi: 10.3389/fcimb.2023.1296417. eCollection 2023.","Li Y","Front Cell Infect Microbiol","2023","2023/12/13","PMC10714008","","10.3389/fcimb.2023.1296417"
"37619773","The role of the indoles in microbiota-gut-brain axis and potential therapeutic targets: A focus on human neurological and neuropsychiatric diseases","Zhou Y, Chen Y, He H, Peng M, Zeng M, Sun H.","Neuropharmacology. 2023 Nov 15;239:109690. doi: 10.1016/j.neuropharm.2023.109690. Epub 2023 Aug 22.","Zhou Y","Neuropharmacology","2023","2023/08/24","","","10.1016/j.neuropharm.2023.109690"
"38353184","Stressed to the Core: Inflammation and Intestinal Permeability Link Stress-Related Gut Microbiota Shifts to Mental Health Outcomes","Madison AA, Bailey MT.","Biol Psychiatry. 2024 Feb 15;95(4):339-347. doi: 10.1016/j.biopsych.2023.10.014. Epub 2023 Oct 29.","Madison AA","Biol Psychiatry","2024","2024/02/14","PMC10867428","NIHMS1953650","10.1016/j.biopsych.2023.10.014"
"37375654","Global Impacts of Western Diet and Its Effects on Metabolism and Health: A Narrative Review","Clemente-Suárez VJ, Beltrán-Velasco AI, Redondo-Flórez L, Martín-Rodríguez A, Tornero-Aguilera JF.","Nutrients. 2023 Jun 14;15(12):2749. doi: 10.3390/nu15122749.","Clemente-Suárez VJ","Nutrients","2023","2023/06/28","PMC10302286","","10.3390/nu15122749"
"38045052","Gut microbiota-derived short-chain fatty acids ameliorate methamphetamine-induced depression- and anxiety-like behaviors in a Sigmar-1 receptor-dependent manner","Zhang K, Chen L, Yang J, Liu J, Li J, Liu Y, Li X, Chen L, Hsu C, Zeng J, Xie X, Wang Q.","Acta Pharm Sin B. 2023 Dec;13(12):4801-4822. doi: 10.1016/j.apsb.2023.09.010. Epub 2023 Sep 21.","Zhang K","Acta Pharm Sin B","2023","2023/12/04","PMC10692394","","10.1016/j.apsb.2023.09.010"
"36017855","Gut-Brain Axis and Neurological Disorders-How Microbiomes Affect our Mental Health","Bhatia NY, Jalgaonkar MP, Hargude AB, Sherje AP, Oza MJ, Doshi GM.","CNS Neurol Disord Drug Targets. 2023;22(7):1008-1030. doi: 10.2174/1871527321666220822172039.","Bhatia NY","CNS Neurol Disord Drug Targets","2023","2022/08/26","","","10.2174/1871527321666220822172039"
"36650572","Risk factors for eating disorders: findings from a rapid review","Barakat S, McLean SA, Bryant E, Le A, Marks P; National Eating Disorder Research Consortium; Touyz S, Maguire S.","J Eat Disord. 2023 Jan 17;11(1):8. doi: 10.1186/s40337-022-00717-4.","Barakat S","J Eat Disord","2023","2023/01/17","PMC9847054","","10.1186/s40337-022-00717-4"
"37914097","Priming of microglia with dysfunctional gut microbiota impairs hippocampal neurogenesis and fosters stress vulnerability of mice","He H, He H, Mo L, You Z, Zhang J.","Brain Behav Immun. 2024 Jan;115:280-294. doi: 10.1016/j.bbi.2023.10.031. Epub 2023 Oct 31.","He H","Brain Behav Immun","2024","2023/11/01","","","10.1016/j.bbi.2023.10.031"
"38260914","Rosacea, microbiome and probiotics: the gut-skin axis","Sánchez-Pellicer P, Eguren-Michelena C, García-Gavín J, Llamas-Velasco M, Navarro-Moratalla L, Núñez-Delegido E, Agüera-Santos J, Navarro-López V.","Front Microbiol. 2024 Jan 8;14:1323644. doi: 10.3389/fmicb.2023.1323644. eCollection 2023.","Sánchez-Pellicer P","Front Microbiol","2024","2024/01/23","PMC10800857","","10.3389/fmicb.2023.1323644"
"37892465","The Gut-Brain Axis in Schizophrenia: The Implications of the Gut Microbiome and SCFA Production","Ju S, Shin Y, Han S, Kwon J, Choi TG, Kang I, Kim SS.","Nutrients. 2023 Oct 16;15(20):4391. doi: 10.3390/nu15204391.","Ju S","Nutrients","2023","2023/10/28","PMC10610543","","10.3390/nu15204391"
"36738999","High-cholesterol diet promotes depression- and anxiety-like behaviors in mice by impact gut microbe and neuroinflammation","Zou L, Tian Y, Wang Y, Chen D, Lu X, Zeng Z, Chen Z, Lin C, Liang Y.","J Affect Disord. 2023 Apr 14;327:425-438. doi: 10.1016/j.jad.2023.01.122. Epub 2023 Feb 3.","Zou L","J Affect Disord","2023","2023/02/04","","","10.1016/j.jad.2023.01.122"
"37925207","Food4healthKG: Knowledge graphs for food recommendations based on gut microbiota and mental health","Fu C, Huang Z, van Harmelen F, He T, Jiang X.","Artif Intell Med. 2023 Nov;145:102677. doi: 10.1016/j.artmed.2023.102677. Epub 2023 Oct 5.","Fu C","Artif Intell Med","2023","2023/11/04","","","10.1016/j.artmed.2023.102677"
"38123016","The many faces of microbiota-gut-brain axis in autism spectrum disorder","Gonçalves CL, Doifode T, Rezende VL, Costa MA, Rhoads JM, Soutullo CA.","Life Sci. 2024 Jan 15;337:122357. doi: 10.1016/j.lfs.2023.122357. Epub 2023 Dec 19.","Gonçalves CL","Life Sci","2024","2023/12/20","","","10.1016/j.lfs.2023.122357"
"38432867","Gut microbiota and thyroid-associated ophthalmopathy","Zhao J, Wang P, Jiang M, Yan S.","Zhong Nan Da Xue Xue Bao Yi Xue Ban. 2023 Nov 28;48(11):1753-1759. doi: 10.11817/j.issn.1672-7347.2023.230187.","Zhao J","Zhong Nan Da Xue Xue Bao Yi Xue Ban","2023","2024/03/03","PMC10929947","","10.11817/j.issn.1672-7347.2023.230187"
"37989444","Gut microbiota-mediated ursodeoxycholic acids regulate the inflammation of microglia through TGR5 signaling after MCAO","Zhang F, Deng Y, Wang H, Fu J, Wu G, Duan Z, Zhang X, Cai Y, Zhou H, Yin J, He Y.","Brain Behav Immun. 2024 Jan;115:667-679. doi: 10.1016/j.bbi.2023.11.021. Epub 2023 Nov 19.","Zhang F","Brain Behav Immun","2024","2023/11/21","","","10.1016/j.bbi.2023.11.021"
"37759312","The role of gut microbiota in the pathogenesis and treatment of postpartum depression","Zhang S, Lu B, Wang G.","Ann Gen Psychiatry. 2023 Sep 27;22(1):36. doi: 10.1186/s12991-023-00469-8.","Zhang S","Ann Gen Psychiatry","2023","2023/09/27","PMC10523734","","10.1186/s12991-023-00469-8"
"37121952","Connecting the Gut Microbiota and Neurodegenerative Diseases: the Role of Bile Acids","Wang S, Xu C, Liu H, Wei W, Zhou X, Qian H, Zhou L, Zhang H, Wu L, Zhu C, Yang Y, He L, Li K.","Mol Neurobiol. 2023 Aug;60(8):4618-4640. doi: 10.1007/s12035-023-03340-9. Epub 2023 May 1.","Wang S","Mol Neurobiol","2023","2023/04/30","","","10.1007/s12035-023-03340-9"
"37557965","The interactions between host genome and gut microbiome increase the risk of psychiatric disorders: Mendelian randomization and biological annotation","Xiao L, Liu S, Wu Y, Huang Y, Tao S, Liu Y, Tang Y, Xie M, Ma Q, Yin Y, Dai M, Zhang M, Llamocca E, Gui H, Wang Q.","Brain Behav Immun. 2023 Oct;113:389-400. doi: 10.1016/j.bbi.2023.08.003. Epub 2023 Aug 8.","Xiao L","Brain Behav Immun","2023","2023/08/09","PMC11258998","NIHMS2006496","10.1016/j.bbi.2023.08.003"
"37692658","The Benefits of Prebiotics and Probiotics on Mental Health","Bistas KG, Tabet JP.","Cureus. 2023 Aug 9;15(8):e43217. doi: 10.7759/cureus.43217. eCollection 2023 Aug.","Bistas KG","Cureus","2023","2023/09/11","PMC10490379","","10.7759/cureus.43217"
"36542917","Gut microbiota and its roles in the pathogenesis and therapy of endocrine system diseases","Wu Z, Tian E, Chen Y, Dong Z, Peng Q.","Microbiol Res. 2023 Mar;268:127291. doi: 10.1016/j.micres.2022.127291. Epub 2022 Dec 18.","Wu Z","Microbiol Res","2023","2022/12/21","","","10.1016/j.micres.2022.127291"
"38868440","Schizophrenia and obesity: May the gut microbiota serve as a link for the pathogenesis?","Wu H, Liu Y, Wang J, Chen S, Xie L, Wu X.","Imeta. 2023 Apr 4;2(2):e99. doi: 10.1002/imt2.99. eCollection 2023 May.","Wu H","Imeta","2023","2024/06/13","PMC10989809","","10.1002/imt2.99"
"36244525","Combined oral contraceptives and mental health: Are adolescence and the gut-brain axis the missing links?","Kheloui S, Smith A, Ismail N.","Front Neuroendocrinol. 2023 Jan;68:101041. doi: 10.1016/j.yfrne.2022.101041. Epub 2022 Oct 14.","Kheloui S","Front Neuroendocrinol","2023","2022/10/16","","","10.1016/j.yfrne.2022.101041"
"37004759","Gut-derived bacterial LPS attenuates incubation of methamphetamine craving via modulating microglia","Yu Z, Chen W, Zhang L, Chen Y, Chen W, Meng S, Lu L, Han Y, Shi J.","Brain Behav Immun. 2023 Jul;111:101-115. doi: 10.1016/j.bbi.2023.03.027. Epub 2023 Mar 31.","Yu Z","Brain Behav Immun","2023","2023/04/02","","","10.1016/j.bbi.2023.03.027"
"37845499","Emerging role of the host microbiome in neuropsychiatric disorders: overview and future directions","Hashimoto K.","Mol Psychiatry. 2023 Sep;28(9):3625-3637. doi: 10.1038/s41380-023-02287-6. Epub 2023 Oct 16.","Hashimoto K","Mol Psychiatry","2023","2023/10/16","PMC10730413","","10.1038/s41380-023-02287-6"
"37867494","Exploring the gut microbiota: lifestyle choices, disease associations, and personal genomics","Pedroza Matute S, Iyavoo S.","Front Nutr. 2023 Oct 5;10:1225120. doi: 10.3389/fnut.2023.1225120. eCollection 2023.","Pedroza Matute S","Front Nutr","2023","2023/10/23","PMC10585655","","10.3389/fnut.2023.1225120"
"37174495","Gut Microbiota and Behavioural Issues in Production, Performance, and Companion Animals: A Systematic Review","Homer B, Judd J, Mohammadi Dehcheshmeh M, Ebrahimie E, Trott DJ.","Animals (Basel). 2023 Apr 25;13(9):1458. doi: 10.3390/ani13091458.","Homer B","Animals (Basel)","2023","2023/05/13","PMC10177538","","10.3390/ani13091458"
"37108739","Circadian Disruption and Mental Health: The Chronotherapeutic Potential of Microbiome-Based and Dietary Strategies","Codoñer-Franch P, Gombert M, Martínez-Raga J, Cenit MC.","Int J Mol Sci. 2023 Apr 20;24(8):7579. doi: 10.3390/ijms24087579.","Codoñer-Franch P","Int J Mol Sci","2023","2023/04/28","PMC10146651","","10.3390/ijms24087579"
"38117827","The relationship between sleep, gut microbiota, and metabolome in patients with depression and anxiety: A secondary analysis of the observational study","Tanaka A, Sanada K, Miyaho K, Tachibana T, Kurokawa S, Ishii C, Noda Y, Nakajima S, Fukuda S, Mimura M, Kishimoto T, Iwanami A.","PLoS One. 2023 Dec 20;18(12):e0296047. doi: 10.1371/journal.pone.0296047. eCollection 2023.","Tanaka A","PLoS One","2023","2023/12/20","PMC10732403","","10.1371/journal.pone.0296047"
"38011787","Cryptotanshinone regulates gut microbiota and PI3K-AKT pathway in rats to alleviate CUMS induced depressive symptoms","Bian LH, Wang SQ, Li WJ, Li J, Yin Y, Ye FF, Guo JY.","Biomed Pharmacother. 2023 Dec 31;169:115921. doi: 10.1016/j.biopha.2023.115921. Epub 2023 Nov 26.","Bian LH","Biomed Pharmacother","2023","2023/11/27","","","10.1016/j.biopha.2023.115921"
"37468912","Altered gut microbiota-host bile acid metabolism in IBS-D patients with liver depression and spleen deficiency pattern","Du L, Zhang Z, Zhai L, Xu S, Yang W, Huang C, Lin C, Zhong LLD, Bian Z, Zhao L.","Chin Med. 2023 Jul 19;18(1):87. doi: 10.1186/s13020-023-00795-9.","Du L","Chin Med","2023","2023/07/19","PMC10357783","","10.1186/s13020-023-00795-9"
"37548294","Challenges and priorities for researching the gut microbiota in individuals living with anorexia nervosa","West ML, Hart S, Loughman A, Jacka FN, Staudacher HM, Abbaspour A, Phillipou A, Ruusunen A, Rocks T.","Int J Eat Disord. 2023 Nov;56(11):2001-2011. doi: 10.1002/eat.24033. Epub 2023 Aug 7.","West ML","Int J Eat Disord","2023","2023/08/07","","","10.1002/eat.24033"
"38010793","Multi-omics analyses demonstrate the modulating role of gut microbiota on the associations of unbalanced dietary intake with gastrointestinal symptoms in children with autism spectrum disorder","Li H, Liu C, Huang S, Wang X, Cao M, Gu T, Ou X, Pan S, Lin Z, Wang X, Zhu Y, Jing J.","Gut Microbes. 2023 Dec;15(2):2281350. doi: 10.1080/19490976.2023.2281350. Epub 2023 Nov 27.","Li H","Gut Microbes","2023","2023/11/27","PMC10730204","","10.1080/19490976.2023.2281350"
"37943628","Gut microbiota and child behavior in early puberty: does child sex play a role?","Ou Y, Rots E, Belzer C, Smidt H, de Weerth C.","Gut Microbes. 2023 Dec;15(2):2278222. doi: 10.1080/19490976.2023.2278222. Epub 2023 Nov 9.","Ou Y","Gut Microbes","2023","2023/11/09","PMC10731618","","10.1080/19490976.2023.2278222"
"38139446","A Pilot Interaction Analysis of Gut Microbiota and Peripheral Markers of Aging in Severe Psychiatric Disorders: A Role for Lachnoclostridium?","Manchia M, Paribello P, Pisanu C, Congiu D, Antoniades A, Vogazianos P, Tozzi F, Pinna F, Aristodimou A, Caria P, Dettori T, Frau DV, Cocco C, Noli B, Panebianco C, Pazienza V, Carpiniello B, Squassina A.","Int J Mol Sci. 2023 Dec 18;24(24):17618. doi: 10.3390/ijms242417618.","Manchia M","Int J Mol Sci","2023","2023/12/23","PMC10744008","","10.3390/ijms242417618"
"37604976","Transmission of Alzheimer's disease-associated microbiota dysbiosis and its impact on cognitive function: evidence from mice and patients","Zhang Y, Shen Y, Liufu N, Liu L, Li W, Shi Z, Zheng H, Mei X, Chen CY, Jiang Z, Abtahi S, Dong Y, Liang F, Shi Y, Cheng LL, Yang G, Kang JX, Wilkinson JE, Xie Z.","Mol Psychiatry. 2023 Oct;28(10):4421-4437. doi: 10.1038/s41380-023-02216-7. Epub 2023 Aug 21.","Zhang Y","Mol Psychiatry","2023","2023/08/21","","","10.1038/s41380-023-02216-7"
"37007475","Influence of mental health medication on microbiota in the elderly population in the Valencian region","Pesantes N, Barberá A, Pérez-Rocher B, Artacho A, Vargas SL, Moya A, Ruiz-Ruiz S.","Front Microbiol. 2023 Mar 16;14:1094071. doi: 10.3389/fmicb.2023.1094071. eCollection 2023.","Pesantes N","Front Microbiol","2023","2023/04/03","PMC10062206","","10.3389/fmicb.2023.1094071"
"36757367","Targeting the gut-microbiota-brain axis in irritable bowel disease to improve cognitive function - recent knowledge and emerging therapeutic opportunities","Tang H, Chen X, Huang S, Yin G, Wang X, Shen G.","Rev Neurosci. 2023 Feb 10;34(7):763-773. doi: 10.1515/revneuro-2022-0155. Print 2023 Oct 26.","Tang H","Rev Neurosci","2023","2023/02/09","","","10.1515/revneuro-2022-0155"
"37852343","Major depressive disorder as a neuro-immune disorder: Origin, mechanisms, and therapeutic opportunities","Réus GZ, Manosso LM, Quevedo J, Carvalho AF.","Neurosci Biobehav Rev. 2023 Dec;155:105425. doi: 10.1016/j.neubiorev.2023.105425. Epub 2023 Oct 16.","Réus GZ","Neurosci Biobehav Rev","2023","2023/10/18","","","10.1016/j.neubiorev.2023.105425"
"37577447","The association between oral and gut microbiota in male patients with alcohol dependence","Hu L, Ni Z, Zhao K, Li X, Gao X, Kang Y, Yu Z, Qin Y, Zhao J, Peng W, Lu L, Sun H.","Front Microbiol. 2023 Jul 28;14:1203678. doi: 10.3389/fmicb.2023.1203678. eCollection 2023.","Hu L","Front Microbiol","2023","2023/08/14","PMC10422022","","10.3389/fmicb.2023.1203678"
"37659269","Disordered gut microbiota and changes in short-chain fatty acids and inflammatory processes in stress-vulnerable mice","Han W, Zheng Y, Wang L, An C.","J Neuroimmunol. 2023 Oct 15;383:578172. doi: 10.1016/j.jneuroim.2023.578172. Epub 2023 Aug 5.","Han W","J Neuroimmunol","2023","2023/09/02","","","10.1016/j.jneuroim.2023.578172"
"36945049","Maternal weight, gut microbiota, and the association with early childhood behavior: the PREOBE follow-up study","Nieto-Ruiz A, Cerdó T, Jordano B, Torres-Espínola FJ, Escudero-Marín M, García-Ricobaraza M, Bermúdez MG, García-Santos JA, Suárez A, Campoy C.","Child Adolesc Psychiatry Ment Health. 2023 Mar 21;17(1):41. doi: 10.1186/s13034-023-00589-9.","Nieto-Ruiz A","Child Adolesc Psychiatry Ment Health","2023","2023/03/22","PMC10031971","","10.1186/s13034-023-00589-9"
"36593394","Discovery of drug-omics associations in type 2 diabetes with generative deep-learning models","Allesøe RL, Lundgaard AT, Hernández Medina R, Aguayo-Orozco A, Johansen J, Nissen JN, Brorsson C, Mazzoni G, Niu L, Biel JH, Leal Rodríguez C, Brasas V, Webel H, Benros ME, Pedersen AG, Chmura PJ, Jacobsen UP, Mari A, Koivula R, Mahajan A, Vinuela A, Tajes JF, Sharma S, Haid M, Hong MG, Musholt PB, De Masi F, Vogt J, Pedersen HK, Gudmundsdottir V, Jones A, Kennedy G, Bell J, Thomas EL, Frost G, Thomsen H, Hansen E, Hansen TH, Vestergaard H, Muilwijk M, Blom MT, 't Hart LM, Pattou F, Raverdy V, Brage S, Kokkola T, Heggie A, McEvoy D, Mourby M, Kaye J, Hattersley A, McDonald T, Ridderstråle M, Walker M, Forgie I, Giordano GN, Pavo I, Ruetten H, Pedersen O, Hansen T, Dermitzakis E, Franks PW, Schwenk JM, Adamski J, McCarthy MI, Pearson E, Banasik K, Rasmussen S, Brunak S; IMI DIRECT Consortium.","Nat Biotechnol. 2023 Mar;41(3):399-408. doi: 10.1038/s41587-022-01520-x. Epub 2023 Jan 2.","Allesøe RL","Nat Biotechnol","2023","2023/01/02","PMC10017515","","10.1038/s41587-022-01520-x"
"37744899","Impact of clozapine monotherapy on gut microbiota and metabolism in people with schizophrenia","Yin F, Shi Z, Ma X, Ding K, Zhang Y, Ma S.","Front Microbiol. 2023 Sep 6;14:1253156. doi: 10.3389/fmicb.2023.1253156. eCollection 2023.","Yin F","Front Microbiol","2023","2023/09/25","PMC10512059","","10.3389/fmicb.2023.1253156"
"36707651","Microbiota-gut-brain axis mechanisms in the complex network of bipolar disorders: potential clinical implications and translational opportunities","Ortega MA, Álvarez-Mon MA, García-Montero C, Fraile-Martínez Ó, Monserrat J, Martinez-Rozas L, Rodríguez-Jiménez R, Álvarez-Mon M, Lahera G.","Mol Psychiatry. 2023 Jul;28(7):2645-2673. doi: 10.1038/s41380-023-01964-w. Epub 2023 Jan 27.","Ortega MA","Mol Psychiatry","2023","2023/01/27","PMC10615769","","10.1038/s41380-023-01964-w"
"37741061","The role of the gut-microbiota-brain axis via the subdiaphragmatic vagus nerve in chronic inflammatory pain and comorbid spatial working memory impairment in complete Freund's adjuvant mice","Yue C, Luan W, Gu H, Qiu D, Ding X, Liu P, Wang X, Hashimoto K, Yang JJ.","J Psychiatr Res. 2023 Oct;166:61-73. doi: 10.1016/j.jpsychires.2023.09.003. Epub 2023 Sep 17.","Yue C","J Psychiatr Res","2023","2023/09/23","","","10.1016/j.jpsychires.2023.09.003"
"37064156","Association between gut microbiota and hepatocellular carcinoma from 2011 to 2022: Bibliometric analysis and global trends","Chen Z, Ding C, Gu Y, He Y, Chen B, Zheng S, Li Q.","Front Oncol. 2023 Mar 30;13:1120515. doi: 10.3389/fonc.2023.1120515. eCollection 2023.","Chen Z","Front Oncol","2023","2023/04/17","PMC10098157","","10.3389/fonc.2023.1120515"
"38436218","Roles of Diet-Associated Gut Microbial Metabolites on Brain Health: Cell-to-Cell Interactions between Gut Bacteria and the Central Nervous System","Kim CS.","Adv Nutr. 2024 Jan;15(1):100136. doi: 10.1016/j.advnut.2023.10.008. Epub 2023 Oct 29.","Kim CS","Adv Nutr","2024","2024/03/04","PMC10694655","","10.1016/j.advnut.2023.10.008"
"37168424","Features of gut microbiota and short-chain fatty acids in patients with first-episode depression and their relationship with the clinical symptoms","Yu S, Wang L, Jing X, Wang Y, An C.","Front Psychol. 2023 Apr 24;14:1088268. doi: 10.3389/fpsyg.2023.1088268. eCollection 2023.","Yu S","Front Psychol","2023","2023/05/11","PMC10165121","","10.3389/fpsyg.2023.1088268"
"36972851","Abnormal compositions of gut microbiota and metabolites are associated with susceptibility versus resilience in rats to inescapable electric stress","Wang X, Eguchi A, Fujita Y, Wan X, Chang L, Yang Y, Shan J, Qu Y, Ma L, Shirayama Y, Mori C, Yang J, Hashimoto K.","J Affect Disord. 2023 Jun 15;331:369-379. doi: 10.1016/j.jad.2023.03.073. Epub 2023 Mar 25.","Wang X","J Affect Disord","2023","2023/03/27","","","10.1016/j.jad.2023.03.073"
"36990371","Outrunning a bad diet: Interactions between exercise and a Western-style diet for adolescent mental health, metabolism and microbes","Nota MHC, Nicolas S, O'Leary OF, Nolan YM.","Neurosci Biobehav Rev. 2023 Jun;149:105147. doi: 10.1016/j.neubiorev.2023.105147. Epub 2023 Mar 27.","Nota MHC","Neurosci Biobehav Rev","2023","2023/03/29","","","10.1016/j.neubiorev.2023.105147"
"37049591","Dysbiosis of the Gut Microbiota and Kynurenine (Kyn) Pathway Activity as Potential Biomarkers in Patients with Major Depressive Disorder","Lin P, Li D, Shi Y, Li Q, Guo X, Dong K, Chen Q, Lou X, Li Z, Li P, Jin W, Chen S, Sun Y, Sun J, Cheng X.","Nutrients. 2023 Apr 3;15(7):1752. doi: 10.3390/nu15071752.","Lin P","Nutrients","2023","2023/04/13","PMC10096701","","10.3390/nu15071752"
"37774944","Gut-muscle-brain axis: Molecular mechanisms in neurodegenerative disorders and potential therapeutic efficacy of probiotic supplementation coupled with exercise","Morella I, Negro M, Dossena M, Brambilla R, D'Antona G.","Neuropharmacology. 2023 Dec 1;240:109718. doi: 10.1016/j.neuropharm.2023.109718. Epub 2023 Sep 27.","Morella I","Neuropharmacology","2023","2023/09/29","","","10.1016/j.neuropharm.2023.109718"
"37485660","Flavonoids from Seabuckthorn (Hippophae rhamnoides L.) restore CUMS-induced depressive disorder and regulate the gut microbiota in mice","Xia CX, Gao AX, Zhu Y, Dong TT, Tsim KW.","Food Funct. 2023 Aug 14;14(16):7426-7438. doi: 10.1039/d3fo01332d.","Xia CX","Food Funct","2023","2023/07/24","","","10.1039/d3fo01332d"
"37127945","A systematic review on gut-brain axis aberrations in bipolar disorder and methods of balancing the gut microbiota","Obi-Azuike C, Ebiai R, Gibson T, Hernandez A, Khan A, Anugwom G, Urhi A, Prasad S, Souabni SA, Oladunjoye F.","Brain Behav. 2023 Jun;13(6):e3037. doi: 10.1002/brb3.3037. Epub 2023 May 1.","Obi-Azuike C","Brain Behav","2023","2023/05/02","PMC10275531","","10.1002/brb3.3037"
"36601680","When the microbiome helps the brain-current evidence","Drljača J, Milošević N, Milanović M, Abenavoli L, Milić N.","CNS Neurosci Ther. 2023 Jun;29 Suppl 1(Suppl 1):43-58. doi: 10.1111/cns.14076. Epub 2023 Jan 4.","Drljača J","CNS Neurosci Ther","2023","2023/01/05","PMC10314113","","10.1111/cns.14076"
"38204948","Neuroendocrine, neurotransmitter, and gut microbiota imbalance contributing to potential psychiatric disorder prevalence in polycystic ovarian syndrome","Sarkisian KI, Ho L, Yang J, Mandelbaum R, Stanczyk FZ.","F S Rep. 2023 Sep 9;4(4):337-342. doi: 10.1016/j.xfre.2023.08.009. eCollection 2023 Dec.","Sarkisian KI","F S Rep","2023","2024/01/11","PMC10774902","","10.1016/j.xfre.2023.08.009"
"37690779","Effect of Ginger Root Powder on Gastrointestinal Bacteria Composition, Gastrointestinal Symptoms, Mental Health, Fatigue, and Quality of Life: A Double-Blind Placebo-Controlled Trial","Crichton M, Marshall S, Marx W, Isenring E, Vázquez-Campos X, Dawson SL, Lohning A.","J Nutr. 2023 Nov;153(11):3193-3206. doi: 10.1016/j.tjnut.2023.09.002. Epub 2023 Sep 9.","Crichton M","J Nutr","2023","2023/09/10","","","10.1016/j.tjnut.2023.09.002"
"38026003","The importance of the intestinal microbiota in humans and dogs in the neonatal period","Beretta S, Apparicio M, Toniollo GH, Cardozo MV.","Anim Reprod. 2023 Nov 10;20(3):e20230082. doi: 10.1590/1984-3143-AR2023-0082. eCollection 2023.","Beretta S","Anim Reprod","2023","2023/11/29","PMC10681130","","10.1590/1984-3143-AR2023-0082"
"37630649","Microbiota in Irritable Bowel Syndrome and Endometriosis: Birds of a Feather Flock Together-A Review","Salmeri N, Sinagra E, Dolci C, Buzzaccarini G, Sozzi G, Sutera M, Candiani M, Ungaro F, Massimino L, Danese S, Mandarino FV.","Microorganisms. 2023 Aug 15;11(8):2089. doi: 10.3390/microorganisms11082089.","Salmeri N","Microorganisms","2023","2023/08/26","PMC10458414","","10.3390/microorganisms11082089"
"37981054","Neuropsychiatric disturbances in mild cognitive impairment: A scientometric analysis","Amrapala A, Sabé M, Solmi M, Maes M.","Ageing Res Rev. 2023 Dec;92:102129. doi: 10.1016/j.arr.2023.102129. Epub 2023 Nov 21.","Amrapala A","Ageing Res Rev","2023","2023/11/19","","","10.1016/j.arr.2023.102129"
"37414494","Neuroinflammation through the vagus nerve-dependent gut-microbiota-brain axis in treatment-resistant depression","Hashimoto K.","Prog Brain Res. 2023;278:61-77. doi: 10.1016/bs.pbr.2023.01.003. Epub 2023 Mar 2.","Hashimoto K","Prog Brain Res","2023","2023/07/06","","","10.1016/bs.pbr.2023.01.003"
"37046334","Effects of prebiotic supplement on gut microbiota, drug bioavailability, and adverse effects in patients with colorectal cancer at different primary tumor locations receiving chemotherapy: study protocol for a randomized clinical trial","Chen Y, Liao X, Li Y, Cao H, Zhang F, Fei B, Bao C, Cao H, Mao Y, Chen X, Gao X, Zhao W, Xu J.","Trials. 2023 Apr 12;24(1):268. doi: 10.1186/s13063-023-07137-y.","Chen Y","Trials","2023","2023/04/12","PMC10091326","","10.1186/s13063-023-07137-y"
"37396336","Sex-specific effects of voluntary wheel running on behavior and the gut microbiota-immune-brain axis in mice","Williams ZAP, Szyszkowicz JK, Osborne N, Allehyany B, Nadon C, Udechukwu MC, Santos A, Audet MC.","Brain Behav Immun Health. 2023 Apr 24;30:100628. doi: 10.1016/j.bbih.2023.100628. eCollection 2023 Jul.","Williams ZAP","Brain Behav Immun Health","2023","2023/07/03","PMC10308214","","10.1016/j.bbih.2023.100628"
"36943505","Ketogenic diet for mood disorders from animal models to clinical application","Smolensky IV, Zajac-Bakri K, Gass P, Inta D.","J Neural Transm (Vienna). 2023 Sep;130(9):1195-1205. doi: 10.1007/s00702-023-02620-x. Epub 2023 Mar 21.","Smolensky IV","J Neural Transm (Vienna)","2023","2023/03/21","PMC10460725","","10.1007/s00702-023-02620-x"
"37088645","Understanding the impact of radical changes in diet and the gut microbiota on brain function and structure: rationale and design of the EMBRACE study","Ben-Porat T, Alberga A, Audet MC, Belleville S, Cohen TR, Garneau PY, Lavoie KL, Marion P, Mellah S, Pescarus R, Rahme E, Santosa S, Studer AS, Vuckovic D, Woods R, Yousefi R, Bacon SL; EMRACE Study Team.","Surg Obes Relat Dis. 2023 Sep;19(9):1000-1012. doi: 10.1016/j.soard.2023.02.022. Epub 2023 Mar 17.","Ben-Porat T","Surg Obes Relat Dis","2023","2023/04/23","","","10.1016/j.soard.2023.02.022"
"38260072","Alterations in gut microbiota caused by major depressive disorder or a low FODMAP diet and where they overlap","O'Neill S, Minehan M, Knight-Agarwal CR, Pyne DB.","Front Nutr. 2024 Jan 8;10:1303405. doi: 10.3389/fnut.2023.1303405. eCollection 2023.","O'Neill S","Front Nutr","2024","2024/01/23","PMC10800578","","10.3389/fnut.2023.1303405"
"37498481","The Role of Gut Microbiota in Blood-Brain Barrier Disruption after Stroke","Zeng M, Peng M, Liang J, Sun H.","Mol Neurobiol. 2023 Jul 27. doi: 10.1007/s12035-023-03512-7. Online ahead of print.","Zeng M","Mol Neurobiol","2023","2023/07/27","","","10.1007/s12035-023-03512-7"
"37978477","Intricate role of intestinal microbe and metabolite in schizophrenia","Shi L, Ju P, Meng X, Wang Z, Yao L, Zheng M, Cheng X, Li J, Yu T, Xia Q, Yan J, Zhu C, Zhang X.","BMC Psychiatry. 2023 Nov 17;23(1):856. doi: 10.1186/s12888-023-05329-z.","Shi L","BMC Psychiatry","2023","2023/11/18","PMC10657011","","10.1186/s12888-023-05329-z"
"37836527","Change in Urinary Inflammatory Biomarkers and Psychological Health with Gut Microbiome Modulation after Six Months of a Lifestyle Modification Program in Children","Islam MS, Page-Hefley S, Hernandez AP, Whelchel L, Crasto C, Viator W, Money T, Awosile B, Howard N, Vasylyeva TL.","Nutrients. 2023 Oct 1;15(19):4243. doi: 10.3390/nu15194243.","Islam MS","Nutrients","2023","2023/10/14","PMC10574711","","10.3390/nu15194243"
"36334762","Are neuromodulation interventions associated with changes in the gut microbiota? A systematic review","Korenblik V, Brouwer ME, Korosi A, Denys D, Bockting CLH, Brul S, Lok A.","Neuropharmacology. 2023 Feb 1;223:109318. doi: 10.1016/j.neuropharm.2022.109318. Epub 2022 Nov 9.","Korenblik V","Neuropharmacology","2023","2022/11/05","","","10.1016/j.neuropharm.2022.109318"
"37995075","Microbiota Alters and Its Correlation with Molecular Regulation Underlying Depression in PCOS Patients","Yu L, Chen X, Bai X, Fang J, Sui M.","Mol Neurobiol. 2023 Nov 23. doi: 10.1007/s12035-023-03744-7. Online ahead of print.","Yu L","Mol Neurobiol","2023","2023/11/23","","","10.1007/s12035-023-03744-7"
"36969812","Demonstrating a link between diet, gut microbiota and brain: (14)C radioactivity identified in the brain following gut microbial fermentation of (14)C-radiolabeled tyrosine in a pig model","Murray M, Barlow CK, Blundell S, Buecking M, Gibbon A, Goeckener B, Kaminskas LM, Leitner P, Selby-Pham S, Sinclair A, Waktola HD, Williamson G, Bennett LE.","Front Nutr. 2023 Mar 9;10:1127729. doi: 10.3389/fnut.2023.1127729. eCollection 2023.","Murray M","Front Nutr","2023","2023/03/27","PMC10033698","","10.3389/fnut.2023.1127729"
"36056574","A Pilot Study of the Gut Microbiota Associated With Depressive Symptoms and Sleep Disturbance Among Chinese and Korean Immigrants in the United States","Hope C, Shen N, Zhang W, Noh HI, Hertzberg VS, Kim S, Bai J.","Biol Res Nurs. 2023 Jan;25(1):150-160. doi: 10.1177/10998004221124273. Epub 2022 Sep 2.","Hope C","Biol Res Nurs","2023","2022/09/03","PMC10068504","","10.1177/10998004221124273"
"37511699","Pharmacomicrobiomics of Antidepressants in Depression: A Systematic Review","Brown LC, Bobo WV, Gall CA, Müller DJ, Bousman CA.","J Pers Med. 2023 Jun 30;13(7):1086. doi: 10.3390/jpm13071086.","Brown LC","J Pers Med","2023","2023/07/29","PMC10381387","","10.3390/jpm13071086"
"36651663","The gut-microbiota-brain axis in a Spanish population in the aftermath of the COVID-19 pandemic: microbiota composition linked to anxiety, trauma, and depression profiles","Malan-Müller S, Valles-Colomer M, Palomo T, Leza JC.","Gut Microbes. 2023 Jan-Dec;15(1):2162306. doi: 10.1080/19490976.2022.2162306.","Malan-Müller S","Gut Microbes","2023","2023/01/18","PMC9851210","","10.1080/19490976.2022.2162306"
"37606895","Gastrointestinal involvement in post-acute Coronavirus disease (COVID)-19 syndrome","Ghoshal UC, Ghoshal U.","Curr Opin Infect Dis. 2023 Oct 1;36(5):366-370. doi: 10.1097/QCO.0000000000000959. Epub 2023 Aug 22.","Ghoshal UC","Curr Opin Infect Dis","2023","2023/08/22","","","10.1097/QCO.0000000000000959"
"37804926","Possible role of tryptophan metabolism along the microbiota-gut-brain axis on cognitive & behavioral aspects in Phenylketonuria","Parolisi S, Montanari C, Borghi E, Cazzorla C, Zuvadelli J, Tosi M, Barone R, Bensi G, Bonfanti C, Dionisi Vici C, Biasucci G, Burlina A, Carbone MT, Verduci E; SIMMESN Working Group for Gut Microbiota in Inborn Errors of Metabolism.","Pharmacol Res. 2023 Nov;197:106952. doi: 10.1016/j.phrs.2023.106952. Epub 2023 Oct 5.","Parolisi S","Pharmacol Res","2023","2023/10/07","","","10.1016/j.phrs.2023.106952"
"37391847","Alterations of gut microbiota are associated with blood pressure: a cross-sectional clinical trial in Northwestern China","Lv J, Wang J, Yu Y, Zhao M, Yang W, Liu J, Zhao Y, Yang Y, Wang G, Guo L, Zhao H.","J Transl Med. 2023 Jun 30;21(1):429. doi: 10.1186/s12967-023-04176-6.","Lv J","J Transl Med","2023","2023/06/30","PMC10311887","","10.1186/s12967-023-04176-6"
"36881806","Brain, Gut, and Immune Interconnections in Psychiatric Disorders: Implications for Treatment","Kverno K, Ramos-Marcuse F.","J Psychosoc Nurs Ment Health Serv. 2023 Mar;61(3):7-11. doi: 10.3928/02793695-20230215-02. Epub 2023 Mar 1.","Kverno K","J Psychosoc Nurs Ment Health Serv","2023","2023/03/07","","","10.3928/02793695-20230215-02"
"37881577","Repeated Social Defeat Stress Induces an Inflammatory Gut Milieu by Altering the Mucosal Barrier Integrity and Gut Microbiota Homeostasis","Yadav SK, Ahmad R, Moshfegh CM, Sankarasubramanian J, Joshi V, Elkhatib SK, Chhonker YS, Murry DJ, Talmon GA, Guda C, Case AJ, Singh AB.","Biol Psychiatry Glob Open Sci. 2023 Mar 30;3(4):824-836. doi: 10.1016/j.bpsgos.2023.03.005. eCollection 2023 Oct.","Yadav SK","Biol Psychiatry Glob Open Sci","2023","2023/10/26","PMC10593959","","10.1016/j.bpsgos.2023.03.005"
"37371676","Using the Microbiome as a Regenerative Medicine Strategy for Autoimmune Diseases","Williams KL, Enslow R, Suresh S, Beaton C, Hodge M, Brooks AE.","Biomedicines. 2023 May 30;11(6):1582. doi: 10.3390/biomedicines11061582.","Williams KL","Biomedicines","2023","2023/06/28","PMC10295452","","10.3390/biomedicines11061582"
"36815026","Effects of a high-prebiotic diet versus probiotic supplements versus synbiotics on adult mental health: The ""Gut Feelings"" randomised controlled trial","Freijy TM, Cribb L, Oliver G, Metri NJ, Opie RS, Jacka FN, Hawrelak JA, Rucklidge JJ, Ng CH, Sarris J.","Front Neurosci. 2023 Feb 6;16:1097278. doi: 10.3389/fnins.2022.1097278. eCollection 2022.","Freijy TM","Front Neurosci","2023","2023/02/23","PMC9940791","","10.3389/fnins.2022.1097278"
"36910501","Efficacy of acupuncture in patients with mild Alzheimer's disease and its impact on gut microbiota: Study protocol for a randomized sham-controlled trial","Kong X, Ma Z, Tang R, Wang X, Wei K, Yang G, Yang Y, Zhao Y, Zhang D, Xie C, Wang G, Ma X.","Front Med (Lausanne). 2023 Feb 23;10:1014113. doi: 10.3389/fmed.2023.1014113. eCollection 2023.","Kong X","Front Med (Lausanne)","2023","2023/03/13","PMC9996632","","10.3389/fmed.2023.1014113"
"37709081","Maternal exposure of mice to glyphosate induces depression- and anxiety-like behavior in the offspring via alterations of the gut-brain axis","Buchenauer L, Haange SB, Bauer M, Rolle-Kampczyk UE, Wagner M, Stucke J, Elter E, Fink B, Vass M, von Bergen M, Schulz A, Zenclussen AC, Junge KM, Stangl GI, Polte T.","Sci Total Environ. 2023 Dec 20;905:167034. doi: 10.1016/j.scitotenv.2023.167034. Epub 2023 Sep 12.","Buchenauer L","Sci Total Environ","2023","2023/09/14","","","10.1016/j.scitotenv.2023.167034"
"36931666","Effect of date seed (Phoenix dactylifera) supplementation as functional food on cardiometabolic risk factors, metabolic endotoxaemia and mental health in patients with type 2 diabetes mellitus: a blinded randomised controlled trial protocol","Mohammadi Zadeh M, Dehghan P, Eslami Z.","BMJ Open. 2023 Mar 17;13(3):e066013. doi: 10.1136/bmjopen-2022-066013.","Mohammadi Zadeh M","BMJ Open","2023","2023/03/17","PMC10030472","","10.1136/bmjopen-2022-066013"
"37836654","Protective Application of Chinese Herbal Compounds and Formulae in Intestinal Inflammation in Humans and Animals","Yang Y, Xiao G, Cheng P, Zeng J, Liu Y.","Molecules. 2023 Sep 26;28(19):6811. doi: 10.3390/molecules28196811.","Yang Y","Molecules","2023","2023/10/14","PMC10574200","","10.3390/molecules28196811"
"37199590","Healthy Human Fecal Microbiota Transplantation into Mice Attenuates MPTP-Induced Neurotoxicity via AMPK/SOD2 Pathway","Xie Z, Zhang M, Luo Y, Jin D, Guo X, Yang W, Zheng J, Zhang H, Zhang L, Deng C, Zheng W, Tan EK, Jin K, Zhu S, Wang Q.","Aging Dis. 2023 Dec 1;14(6):2193-2214. doi: 10.14336/AD.2023.0309.","Xie Z","Aging Dis","2023","2023/05/18","PMC10676800","","10.14336/AD.2023.0309"
"37218177","Impact of probiotic on anxiety and depression symptoms in pregnant and lactating women and microbiota of infants: A systematic review and meta-analysis","Halemani K, Shetty AP, Thimmappa L, Issac A, Dhiraaj S, Radha K, Mishra P, Mathias EG.","J Glob Health. 2023 May 12;13:04038. doi: 10.7189/jogh.13.04038.","Halemani K","J Glob Health","2023","2023/05/23","PMC10173681","","10.7189/jogh.13.04038"
"37927130","Lactobacillus reuteri ATG-F4 Alleviates Chronic Stress-induced Anhedonia by Modulating the Prefrontal Serotonergic System","Lee J, Kim EJ, Park GS, Kim J, Kim TE, Lee YJ, Park J, Kang J, Koo JW, Choi TY.","Exp Neurobiol. 2023 Oct 31;32(5):313-327. doi: 10.5607/en23028.","Lee J","Exp Neurobiol","2023","2023/11/06","PMC10628864","","10.5607/en23028"
"37232729","The Effect of Probiotic Supplementation on the Gut-Brain Axis in Psychiatric Patients","Sabit H, Kassab A, Alaa D, Mohamed S, Abdel-Ghany S, Mansy M, Said OA, Khalifa MA, Hafiz H, Abushady AM.","Curr Issues Mol Biol. 2023 May 6;45(5):4080-4099. doi: 10.3390/cimb45050260.","Sabit H","Curr Issues Mol Biol","2023","2023/05/26","PMC10217264","","10.3390/cimb45050260"
"37228982","Gut-brain axis: altered microbiome and depression - review","Mohan A, Godugu S, Joshi SS, Shah KB, Vanka SC, Shakil H, P D, Veliginti S, Sure PS, Goranti J.","Ann Med Surg (Lond). 2023 Apr 13;85(5):1784-1789. doi: 10.1097/MS9.0000000000000573. eCollection 2023 May.","Mohan A","Ann Med Surg (Lond)","2023","2023/05/25","PMC10205384","","10.1097/MS9.0000000000000573"
"38068763","Analysis of the Efficacy of Diet and Short-Term Probiotic Intervention on Depressive Symptoms in Patients after Bariatric Surgery: A Randomized Double-Blind Placebo Controlled Pilot Study","Komorniak N, Kaczmarczyk M, Łoniewski I, Martynova-Van Kley A, Nalian A, Wroński M, Kaseja K, Kowalewski B, Folwarski M, Stachowska E.","Nutrients. 2023 Nov 24;15(23):4905. doi: 10.3390/nu15234905.","Komorniak N","Nutrients","2023","2023/12/09","PMC10707788","","10.3390/nu15234905"
"37095530","Positive mood-related gut microbiota in a long-term closed environment: a multiomics study based on the ""Lunar Palace 365"" experiment","Hao Z, Meng C, Li L, Feng S, Zhu Y, Yang J, Han L, Sun L, Lv W, Figeys D, Liu H.","Microbiome. 2023 Apr 24;11(1):88. doi: 10.1186/s40168-023-01506-0.","Hao Z","Microbiome","2023","2023/04/24","PMC10124008","","10.1186/s40168-023-01506-0"
"38007616","Fiber intake and fiber intervention in depression and anxiety: a systematic review and meta-analysis of observational studies and randomized controlled trials","Aslam H, Lotfaliany M, So D, Berding K, Berk M, Rocks T, Hockey M, Jacka FN, Marx W, Cryan JF, Staudacher HM.","Nutr Rev. 2023 Nov 25:nuad143. doi: 10.1093/nutrit/nuad143. Online ahead of print.","Aslam H","Nutr Rev","2023","2023/11/26","","","10.1093/nutrit/nuad143"
"37485386","Prebiotics for depression: how does the gut microbiota play a role?","Yang Y, Zhou B, Zhang S, Si L, Liu X, Li F.","Front Nutr. 2023 Jul 6;10:1206468. doi: 10.3389/fnut.2023.1206468. eCollection 2023.","Yang Y","Front Nutr","2023","2023/07/24","PMC10358272","","10.3389/fnut.2023.1206468"
"37399128","Gut microbiome characteristics in subjective cognitive decline, mild cognitive impairment and Alzheimer's disease: a systematic review and meta-analysis","Chen G, Zhou X, Zhu Y, Shi W, Kong L.","Eur J Neurol. 2023 Nov;30(11):3568-3580. doi: 10.1111/ene.15961. Epub 2023 Jul 30.","Chen G","Eur J Neurol","2023","2023/07/03","","","10.1111/ene.15961"
"38283894","A comparison between children and adolescents with autism spectrum disorders and healthy controls in biomedical factors, trace elements, and microbiota biomarkers: a meta-analysis","Lin P, Zhang Q, Sun J, Li Q, Li D, Zhu M, Fu X, Zhao L, Wang M, Lou X, Chen Q, Liang K, Zhu Y, Qu C, Li Z, Ma P, Wang R, Liu H, Dong K, Guo X, Cheng X, Sun Y, Sun J.","Front Psychiatry. 2024 Jan 9;14:1318637. doi: 10.3389/fpsyt.2023.1318637. eCollection 2023.","Lin P","Front Psychiatry","2024","2024/01/29","PMC10813399","","10.3389/fpsyt.2023.1318637"
"37071196","Development of the gut microbiota in the first 14 years of life and its relations to internalizing and externalizing difficulties and social anxiety during puberty","Ou Y, Belzer C, Smidt H, de Weerth C.","Eur Child Adolesc Psychiatry. 2024 Mar;33(3):847-860. doi: 10.1007/s00787-023-02205-9. Epub 2023 Apr 18.","Ou Y","Eur Child Adolesc Psychiatry","2024","2023/04/18","PMC10894087","","10.1007/s00787-023-02205-9"
"36583066","Impact of broad-spectrum antibiotics on the gut-microbiota-spleen-brain axis","Wan X, Eguchi A, Sakamoto A, Fujita Y, Yang Y, Qu Y, Hatano M, Mori C, Hashimoto K.","Brain Behav Immun Health. 2022 Dec 17;27:100573. doi: 10.1016/j.bbih.2022.100573. eCollection 2023 Feb.","Wan X","Brain Behav Immun Health","2022","2022/12/30","PMC9793168","","10.1016/j.bbih.2022.100573"
"36400152","Brain-gut microbiota multimodal predictive model in patients with bipolar depression","Xi C, Li A, Lai J, Huang X, Zhang P, Yan S, Jiao M, Huang H, Hu S.","J Affect Disord. 2023 Feb 15;323:140-152. doi: 10.1016/j.jad.2022.11.026. Epub 2022 Nov 15.","Xi C","J Affect Disord","2023","2022/11/18","","","10.1016/j.jad.2022.11.026"
"37343494","Gut microbes influence the development of central nervous system disorders through epigenetic inheritance","Liu T, Du D, Zhao R, Xie Q, Dong Z.","Microbiol Res. 2023 Sep;274:127440. doi: 10.1016/j.micres.2023.127440. Epub 2023 Jun 17.","Liu T","Microbiol Res","2023","2023/06/21","","","10.1016/j.micres.2023.127440"
"37016046","Komagataella pastoris KM71H Mitigates Depressive-Like Phenotype, Preserving Intestinal Barrier Integrity and Modulating the Gut Microbiota in Mice","Birmann PT, Casaril AM, Pesarico AP, Rodrigues RR, Conceição FR, Sousa FSS, Collares T, Seixas FK, Savegnago L.","Mol Neurobiol. 2023 Jul;60(7):4017-4029. doi: 10.1007/s12035-023-03326-7. Epub 2023 Apr 4.","Birmann PT","Mol Neurobiol","2023","2023/04/04","","","10.1007/s12035-023-03326-7"
"37657622","Strain-level structure of gut microbiome showed potential association with cognitive function in major depressive disorder: A pilot study","Dong Z, Xie Q, Yuan Y, Shen X, Hao Y, Li J, Xu H, Kuang W.","J Affect Disord. 2023 Nov 15;341:236-247. doi: 10.1016/j.jad.2023.08.129. Epub 2023 Aug 30.","Dong Z","J Affect Disord","2023","2023/09/01","","","10.1016/j.jad.2023.08.129"
"36804416","A snapshot of gut microbiota data from murine models of Autism Spectrum Disorder: Still a blurred picture","Tartaglione AM, Pazienza V, Calamandrei G, Ricceri L.","Neurosci Biobehav Rev. 2023 Apr;147:105105. doi: 10.1016/j.neubiorev.2023.105105. Epub 2023 Feb 18.","Tartaglione AM","Neurosci Biobehav Rev","2023","2023/02/22","","","10.1016/j.neubiorev.2023.105105"
"36502554","Antibiotic use and the development of depression: A systematic review","Pouranayatihosseinabad M, Bezabih Y, Hawrelak J, Peterson GM, Veal F, Mirkazemi C.","J Psychosom Res. 2023 Jan;164:111113. doi: 10.1016/j.jpsychores.2022.111113. Epub 2022 Dec 5.","Pouranayatihosseinabad M","J Psychosom Res","2023","2022/12/11","","","10.1016/j.jpsychores.2022.111113"
"37569349","Microbial Reprogramming in Obsessive-Compulsive Disorders: A Review of Gut-Brain Communication and Emerging Evidence","Bendriss G, MacDonald R, McVeigh C.","Int J Mol Sci. 2023 Jul 26;24(15):11978. doi: 10.3390/ijms241511978.","Bendriss G","Int J Mol Sci","2023","2023/08/12","PMC10419219","","10.3390/ijms241511978"
"38525261","Impact of dietary fiber on gut microbiota composition, function and gut-brain-modules in healthy adults - a systematic review protocol","Lachmansingh DA, Valderrama B, Bastiaanssen T, Cryan J, Clarke G, Lavelle A.","HRB Open Res. 2024 Feb 26;6:62. doi: 10.12688/hrbopenres.13794.2. eCollection 2023.","Lachmansingh DA","HRB Open Res","2024","2024/03/25","PMC10958149","","10.12688/hrbopenres.13794.2"
"38003647","Unveiling the Connection between Microbiota and Depressive Disorder through Machine Learning","Angelova IY, Kovtun AS, Averina OV, Koshenko TA, Danilenko VN.","Int J Mol Sci. 2023 Nov 17;24(22):16459. doi: 10.3390/ijms242216459.","Angelova IY","Int J Mol Sci","2023","2023/11/25","PMC10671666","","10.3390/ijms242216459"
"37304433","Altered gut microbiota profile in patients with perimenopausal panic disorder","Lin S, Wang H, Qiu J, Li M, Gao E, Wu X, Xu Y, Chen G.","Front Psychiatry. 2023 May 25;14:1139992. doi: 10.3389/fpsyt.2023.1139992. eCollection 2023.","Lin S","Front Psychiatry","2023","2023/06/12","PMC10249373","","10.3389/fpsyt.2023.1139992"
"37879416","Depression-like phenotypes in mice with hepatic ischemia/reperfusion injury: A role of gut-microbiota-liver-brain axis via vagus nerve","Yang Y, Eguchi A, Wan X, Mori C, Hashimoto K.","J Affect Disord. 2024 Jan 15;345:157-167. doi: 10.1016/j.jad.2023.10.142. Epub 2023 Oct 24.","Yang Y","J Affect Disord","2024","2023/10/25","","","10.1016/j.jad.2023.10.142"
"37400971","Maternal microbiome disturbance induces deficits in the offspring's behaviors: a systematic review and meta-analysis","Hassib L, de Oliveira CL, Rouvier GA, Kanashiro A, Guimarães FS, Ferreira FR.","Gut Microbes. 2023 Jan-Dec;15(1):2226282. doi: 10.1080/19490976.2023.2226282.","Hassib L","Gut Microbes","2023","2023/07/04","PMC10321199","","10.1080/19490976.2023.2226282"
"39295905","The butyrate-producing and spore-forming bacterial genus Coprococcus as a potential biomarker for neurological disorders","Notting F, Pirovano W, Sybesma W, Kort R.","Gut Microbiome (Camb). 2023 Aug 30;4:e16. doi: 10.1017/gmb.2023.14. eCollection 2023.","Notting F","Gut Microbiome (Camb)","2023","2024/09/19","PMC11406416","","10.1017/gmb.2023.14"
"36786865","Arketamine for cognitive impairment in psychiatric disorders","Hashimoto K.","Eur Arch Psychiatry Clin Neurosci. 2023 Oct;273(7):1513-1525. doi: 10.1007/s00406-023-01570-5. Epub 2023 Feb 14.","Hashimoto K","Eur Arch Psychiatry Clin Neurosci","2023","2023/02/14","PMC9925943","","10.1007/s00406-023-01570-5"
"37686747","Influence of Food Type on Human Psychological-Behavioral Responses and Crime Reduction","Heidari M, Khodadadi Jokar Y, Madani S, Shahi S, Shahi MS, Goli M.","Nutrients. 2023 Aug 25;15(17):3715. doi: 10.3390/nu15173715.","Heidari M","Nutrients","2023","2023/09/09","PMC10490081","","10.3390/nu15173715"
"37150361","Gut microbiota maturity mediates the protective effect of siblings on food allergy","Gao Y, Stokholm J, O'Hely M, Ponsonby AL, Tang MLK, Ranganathan S, Saffery R, Harrison LC, Collier F, Gray L, Burgner D, Molloy J, Sly PD, Brix S, Frøkiær H, Vuillermin P; BIS Investigator Group.","J Allergy Clin Immunol. 2023 Sep;152(3):667-675. doi: 10.1016/j.jaci.2023.02.034. Epub 2023 May 6.","Gao Y","J Allergy Clin Immunol","2023","2023/05/07","","","10.1016/j.jaci.2023.02.034"
"36875518","Disrupted diurnal oscillations of the gut microbiota in patients with alcohol dependence","Zhao K, Ni Z, Qin Y, Zhu R, Yu Z, Ma Y, Chen W, Sun Q, Wang Z, Liu Y, Zhao J, Peng W, Hu S, Shi J, Lu L, Sun H.","Front Cell Infect Microbiol. 2023 Feb 17;13:1127011. doi: 10.3389/fcimb.2023.1127011. eCollection 2023.","Zhao K","Front Cell Infect Microbiol","2023","2023/03/06","PMC9983756","","10.3389/fcimb.2023.1127011"
"37062706","The Leap of Inulin Fructans from Food Industry to Medical Application","Zhou X, Wang S, Xu C, Li J, Liu H, He L, Zhong S, Li K.","Chem Biodivers. 2023 Jun;20(6):e202201126. doi: 10.1002/cbdv.202201126. Epub 2023 May 8.","Zhou X","Chem Biodivers","2023","2023/04/16","","","10.1002/cbdv.202201126"
"37049619","Characteristics of the Gut Microbiome and Serum Metabolome in Patients with Functional Constipation","Wang J, Wang L, Yu Q, Tang N, Mei C, Zhang H, Wang G, Lu J, Chen W.","Nutrients. 2023 Apr 6;15(7):1779. doi: 10.3390/nu15071779.","Wang J","Nutrients","2023","2023/04/13","PMC10097253","","10.3390/nu15071779"
"36650644","Sex difference in prebiotics on gut and blood-brain barrier dysfunction underlying stress-induced anxiety and depression","Jiang J, Fu Y, Tang A, Gao X, Zhang D, Shen Y, Mou T, Hu S, Gao J, Lai J.","CNS Neurosci Ther. 2023 Jun;29 Suppl 1(Suppl 1):115-128. doi: 10.1111/cns.14091. Epub 2023 Jan 17.","Jiang J","CNS Neurosci Ther","2023","2023/01/18","PMC10314104","","10.1111/cns.14091"
"36550591","Antidepression of Xingpijieyu formula targets gut microbiota derived from depressive disorder","Li Y, Yang L, Li J, Gao W, Zhao Z, Dong K, Duan W, Dai B, Guo R.","CNS Neurosci Ther. 2023 Feb;29(2):669-681. doi: 10.1111/cns.14049. Epub 2022 Dec 22.","Li Y","CNS Neurosci Ther","2023","2022/12/22","PMC9873506","","10.1111/cns.14049"
"36549572","The effect of microbiome composition on impulsive and violent behavior: A systematic review","Langmajerová M, Roubalová R, Šebela A, Vevera J.","Behav Brain Res. 2023 Feb 25;440:114266. doi: 10.1016/j.bbr.2022.114266. Epub 2022 Dec 20.","Langmajerová M","Behav Brain Res","2023","2022/12/22","","","10.1016/j.bbr.2022.114266"
"37209162","Bacillus licheniformis prevents and reduces anxiety-like and depression-like behaviours","Feng S, Meng C, Liu Y, Yi Y, Liang A, Zhang Y, Hao Z.","Appl Microbiol Biotechnol. 2023 Jul;107(13):4355-4368. doi: 10.1007/s00253-023-12580-7. Epub 2023 May 20.","Feng S","Appl Microbiol Biotechnol","2023","2023/05/20","","","10.1007/s00253-023-12580-7"
"37193253","Anxiety Disorders and Gut Dysbiosis in Primary Sjögren's Syndrome-Mediated Dry Eye Patients","Zhang Y, Gan M, He Y, Liu T, Xu M.","Int J Gen Med. 2023 May 9;16:1735-1746. doi: 10.2147/IJGM.S405225. eCollection 2023.","Zhang Y","Int J Gen Med","2023","2023/05/16","PMC10182797","","10.2147/IJGM.S405225"
"37576972","Profiles and diagnostic value of intestinal microbiota in schizophrenia patients with metabolic syndrome","Xing M, Gao H, Yao L, Wang L, Zhang C, Zhu L, Cui D.","Front Endocrinol (Lausanne). 2023 Jul 27;14:1190954. doi: 10.3389/fendo.2023.1190954. eCollection 2023.","Xing M","Front Endocrinol (Lausanne)","2023","2023/08/14","PMC10415044","","10.3389/fendo.2023.1190954"
"36571897","Repeated use of 3,4-methylenedioxymethamphetamine is associated with the resilience in mice after chronic social defeat stress: A role of gut-microbiota-brain axis","Qu Y, Eguchi A, Wan X, Ma L, Chang L, Shan J, Yang Y, Mori C, Hashimoto K.","Psychiatry Res. 2023 Feb;320:115020. doi: 10.1016/j.psychres.2022.115020. Epub 2022 Dec 21.","Qu Y","Psychiatry Res","2023","2022/12/26","","","10.1016/j.psychres.2022.115020"
"36209779","An exploratory study of the gut microbiota in major depression with anxious distress","Ritchie G, Strodl E, Parham S, Bambling M, Cramb S, Vitetta L.","J Affect Disord. 2023 Jan 1;320:595-604. doi: 10.1016/j.jad.2022.10.001. Epub 2022 Oct 7.","Ritchie G","J Affect Disord","2023","2022/10/09","","","10.1016/j.jad.2022.10.001"
"37764088","Altered Gut Microbiota Composition Is Associated with Difficulty in Explicit Emotion Regulation in Young Children","Fujihara H, Matsunaga M, Ueda E, Kajiwara T, Takeda AK, Watanabe S, Baba K, Hagihara K, Myowa M.","Microorganisms. 2023 Sep 6;11(9):2245. doi: 10.3390/microorganisms11092245.","Fujihara H","Microorganisms","2023","2023/09/28","PMC10535925","","10.3390/microorganisms11092245"
"36760344","Alteration of faecal microbiota balance related to long-term deep meditation","Sun Y, Ju P, Xue T, Ali U, Cui D, Chen J.","Gen Psychiatr. 2023 Jan 3;36(1):e100893. doi: 10.1136/gpsych-2022-100893. eCollection 2023.","Sun Y","Gen Psychiatr","2023","2023/02/10","PMC9896348","","10.1136/gpsych-2022-100893"
"37664615","Biglycan regulated colorectal cancer progress by modulating enteric neuron-derived IL-10 and abundance of Bacteroides thetaiotaomicron","Xu Y, Wang F, Mi K, Wang X, Wang D, Zhao Q, Wang J, Liu Z, Zhang Q, Liu Y, Zhang X, Liu X.","iScience. 2023 Aug 2;26(9):107515. doi: 10.1016/j.isci.2023.107515. eCollection 2023 Sep 15.","Xu Y","iScience","2023","2023/09/04","PMC10469580","","10.1016/j.isci.2023.107515"
"37023596","Different roles of microbiota and genetics in the prediction of treatment response in major depressive disorder","Han K, Ji L, Xie Q, Liu L, Wu X, He L, Shi Y, Zhang R, He G, Dong Z, Yu T.","J Psychiatr Res. 2023 May;161:402-411. doi: 10.1016/j.jpsychires.2023.03.036. Epub 2023 Mar 28.","Han K","J Psychiatr Res","2023","2023/04/06","","","10.1016/j.jpsychires.2023.03.036"
"37808915","Characterization of gut microbiota profile in Iranian patients with bipolar disorder compared to healthy controls","Rashnaei N, Akhavan Sepahi A, Siadat SD, Shahsavand-Ananloo E, Bahramali G.","Front Cell Infect Microbiol. 2023 Sep 21;13:1233687. doi: 10.3389/fcimb.2023.1233687. eCollection 2023.","Rashnaei N","Front Cell Infect Microbiol","2023","2023/10/09","PMC10552146","","10.3389/fcimb.2023.1233687"
"36699448","The host genetics affects gut microbiome diversity in Chinese depressed patients","Han K, Ji L, Wang C, Shao Y, Chen C, Liu L, Feng M, Yang F, Wu X, Li X, Xie Q, He L, Shi Y, He G, Dong Z, Yu T.","Front Genet. 2023 Jan 9;13:976814. doi: 10.3389/fgene.2022.976814. eCollection 2022.","Han K","Front Genet","2023","2023/01/26","PMC9868868","","10.3389/fgene.2022.976814"
"37951975","Effect of inulin supplementation on clinical symptoms, inflammatory and oxidative stress markers in women with migraine: study protocol for a randomized clinical trial","Vajdi M, Khorvash F, Rouhani MH, Ghavami A, Clark CCT, Askari G.","Trials. 2023 Nov 11;24(1):722. doi: 10.1186/s13063-023-07765-4.","Vajdi M","Trials","2023","2023/11/11","PMC10640733","","10.1186/s13063-023-07765-4"
"36191806","A role of gut-microbiota-brain axis via subdiaphragmatic vagus nerve in depression-like phenotypes in Chrna7 knock-out mice","Yang Y, Eguchi A, Wan X, Chang L, Wang X, Qu Y, Mori C, Hashimoto K.","Prog Neuropsychopharmacol Biol Psychiatry. 2023 Jan 10;120:110652. doi: 10.1016/j.pnpbp.2022.110652. Epub 2022 Sep 30.","Yang Y","Prog Neuropsychopharmacol Biol Psychiatry","2023","2022/10/03","","","10.1016/j.pnpbp.2022.110652"
"38222911","The functional roles of short chain fatty acids as postbiotics in human gut: future perspectives","Ragavan ML, Hemalatha S.","Food Sci Biotechnol. 2023 Aug 28;33(2):275-285. doi: 10.1007/s10068-023-01414-x. eCollection 2024 Jan.","Ragavan ML","Food Sci Biotechnol","2023","2024/01/15","PMC10786766","","10.1007/s10068-023-01414-x"
"37624502","The association between greenery type and gut microbiome in schizophrenia: did all greenspaces play the equivalent role?","Wei N, Wang S, Li X, Pan R, Yi W, Song J, Liu L, Liu J, Yuan J, Song R, Cheng J, Su H.","Environ Sci Pollut Res Int. 2023 Sep;30(44):100006-100017. doi: 10.1007/s11356-023-29419-3. Epub 2023 Aug 25.","Wei N","Environ Sci Pollut Res Int","2023","2023/08/25","","","10.1007/s11356-023-29419-3"
"37464164","Gastrointestinal and Microbiome Profiling in Rodent Models of Neurological and Psychiatric Disorders","Kong G, Gubert C, Hannan AJ.","Methods Mol Biol. 2023;2687:77-91. doi: 10.1007/978-1-0716-3307-6_7.","Kong G","Methods Mol Biol","2023","2023/07/18","","","10.1007/978-1-0716-3307-6_7"
"37954149","Reproducible microbiome composition signatures of anxiety and depressive symptoms","Kouraki A, Kelly A, Vijay A, Gohir S, Astbury S, Georgopoulos V, Millar B, Walsh DA, Ferguson E, Menni C, Valdes AM.","Comput Struct Biotechnol J. 2023 Oct 18;21:5326-5336. doi: 10.1016/j.csbj.2023.10.035. eCollection 2023.","Kouraki A","Comput Struct Biotechnol J","2023","2023/11/13","PMC10637863","","10.1016/j.csbj.2023.10.035"
"36550632","Oxymatrine ameliorates white matter injury by modulating gut microbiota after intracerebral hemorrhage in mice","Li J, Liang J, Zeng M, Sun K, Luo Y, Zheng H, Li F, Yuan W, Zhou H, Liu J, Sun H.","CNS Neurosci Ther. 2023 Jun;29 Suppl 1(Suppl 1):18-30. doi: 10.1111/cns.14066. Epub 2022 Dec 22.","Li J","CNS Neurosci Ther","2023","2022/12/23","PMC10314101","","10.1111/cns.14066"
"37794974","A personalized diet intervention improves depression symptoms and changes microbiota and metabolite profiles among community-dwelling older adults","Magzal F, Turroni S, Fabbrini M, Barone M, Vitman Schorr A, Ofran A, Tamir S.","Front Nutr. 2023 Sep 14;10:1234549. doi: 10.3389/fnut.2023.1234549. eCollection 2023.","Magzal F","Front Nutr","2023","2023/10/05","PMC10547149","","10.3389/fnut.2023.1234549"
"37213508","Global research trends and focus on the link between colorectal cancer and gut flora: a bibliometric analysis from 2001 to 2021","Chang Y, Ou Q, Zhou X, Liu J, Zhang S.","Front Microbiol. 2023 May 5;14:1182006. doi: 10.3389/fmicb.2023.1182006. eCollection 2023.","Chang Y","Front Microbiol","2023","2023/05/22","PMC10196369","","10.3389/fmicb.2023.1182006"
"36877601","The role of vitamin D in depression and anxiety disorders: a review of the literature","Renteria K, Nguyen H, Koh GY.","Nutr Neurosci. 2024 Mar;27(3):262-270. doi: 10.1080/1028415X.2023.2186318. Epub 2023 Mar 6.","Renteria K","Nutr Neurosci","2024","2023/03/06","","","10.1080/1028415X.2023.2186318"
"38020771","Effects of the multidomain intervention with nutritional supplements on cognition and gut microbiome in early symptomatic Alzheimer's disease: a randomized controlled trial","Lee EH, Kim GH, Park HK, Kang HJ, Park YK, Lee HA, Hong CH, Moon SY, Kang W, Oh HS, Yoon HJ, Choi SH, Jeong JH.","Front Aging Neurosci. 2023 Nov 2;15:1266955. doi: 10.3389/fnagi.2023.1266955. eCollection 2023.","Lee EH","Front Aging Neurosci","2023","2023/11/29","PMC10652389","","10.3389/fnagi.2023.1266955"
"36803912","Past and present: a bibliometric study on polycystic ovary syndrome","Cai M, Ni Z, Yuan Z, Yu J, Zhang D, Yao R, Zhou L, Yu C.","J Ovarian Res. 2023 Feb 18;16(1):42. doi: 10.1186/s13048-022-01072-3.","Cai M","J Ovarian Res","2023","2023/02/21","PMC9938353","","10.1186/s13048-022-01072-3"
"37432210","The Influence of Topinambur and Inulin Preventive Supplementation on Microbiota, Anxious Behavior, Cognitive Functions and Neurogenesis in Mice Exposed to the Chronic Unpredictable Mild Stress","Szala-Rycaj J, Szewczyk A, Zagaja M, Kaczmarczyk-Ziemba A, Maj M, Andres-Mach M.","Nutrients. 2023 Apr 23;15(9):2041. doi: 10.3390/nu15092041.","Szala-Rycaj J","Nutrients","2023","2023/07/11","PMC10181297","","10.3390/nu15092041"
"36698474","The different trends in the burden of neurological and mental disorders following dietary transition in China, the USA, and the world: An extension analysis for the Global Burden of Disease Study 2019","Liang S, Wang L, Wu X, Hu X, Wang T, Jin F.","Front Nutr. 2023 Jan 9;9:957688. doi: 10.3389/fnut.2022.957688. eCollection 2022.","Liang S","Front Nutr","2023","2023/01/26","PMC9869872","","10.3389/fnut.2022.957688"
"37574818","Ameliorative effect of Lactobacillus plantarum CCFM8661 on oleic acid-induced acne: integrated gut microbiota link to acne pathogenesis","Ai J, Ma W, Pan Z, Mao B, Tang X, Zhang Q, Zhao J, Chen W, Cui S.","J Sci Food Agric. 2024 Jan 15;104(1):328-339. doi: 10.1002/jsfa.12921. Epub 2023 Sep 4.","Ai J","J Sci Food Agric","2024","2023/08/14","","","10.1002/jsfa.12921"
"36801431","Proton Pump Inhibitor Use, Fatigue, and Health-Related Quality of Life in Kidney Transplant Recipients: Results From the TransplantLines Biobank and Cohort Study","Knobbe TJ, Kremer D, Douwes RM, Eisenga MF, Gomes-Neto AW, Annema C, Swarte JC, Klont F, Navis G, Berger SP, Bakker SJL; TransplantLines Investigators.","Am J Kidney Dis. 2023 Aug;82(2):189-201.e1. doi: 10.1053/j.ajkd.2022.12.012. Epub 2023 Feb 18.","Knobbe TJ","Am J Kidney Dis","2023","2023/02/21","","","10.1053/j.ajkd.2022.12.012"
"35711028","The Immune System and Depression: From Epidemiological to Clinical Evidence","Sørensen NV, Benros ME.","Curr Top Behav Neurosci. 2023;61:15-34. doi: 10.1007/7854_2022_369.","Sørensen NV","Curr Top Behav Neurosci","2023","2022/06/17","","","10.1007/7854_2022_369"
"36937822","Bone fragility during the COVID-19 pandemic: the role of macro- and micronutrients","Moretti A, Liguori S, Paoletta M, Migliaccio S, Toro G, Gimigliano F, Iolascon G.","Ther Adv Musculoskelet Dis. 2023 Mar 14;15:1759720X231158200. doi: 10.1177/1759720X231158200. eCollection 2023.","Moretti A","Ther Adv Musculoskelet Dis","2023","2023/03/20","PMC10015293","","10.1177/1759720X231158200"
"37156128","Comparison of gut microbiome profile in patients with schizophrenia and healthy controls - A plausible non-invasive biomarker?","Gokulakrishnan K, Nikhil J, Viswanath B, Thirumoorthy C, Narasimhan S, Devarajan B, Joseph E, David AKD, Sharma S, Vasudevan K, Sreeraj VS, Holla B, Shivakumar V, Debnath M, Venkatasubramanian G, Varambally S.","J Psychiatr Res. 2023 Jun;162:140-149. doi: 10.1016/j.jpsychires.2023.05.021. Epub 2023 May 2.","Gokulakrishnan K","J Psychiatr Res","2023","2023/05/08","","","10.1016/j.jpsychires.2023.05.021"
"36693863","Data-independent acquisition boosts quantitative metaproteomics for deep characterization of gut microbiota","Zhao J, Yang Y, Xu H, Zheng J, Shen C, Chen T, Wang T, Wang B, Yi J, Zhao D, Wu E, Qin Q, Xia L, Qiao L.","NPJ Biofilms Microbiomes. 2023 Jan 24;9(1):4. doi: 10.1038/s41522-023-00373-9.","Zhao J","NPJ Biofilms Microbiomes","2023","2023/01/24","PMC9873935","","10.1038/s41522-023-00373-9"
"37956855","Role of the gut-brain axis via the subdiaphragmatic vagus nerve in stress resilience of 3,4-methylenedioxymethamphetamine in mice exposed to chronic restrain stress","Qu Y, Eguchi A, Ma L, Wan X, Mori C, Hashimoto K.","Neurobiol Dis. 2023 Dec;189:106348. doi: 10.1016/j.nbd.2023.106348. Epub 2023 Nov 11.","Qu Y","Neurobiol Dis","2023","2023/11/13","","","10.1016/j.nbd.2023.106348"
"37995475","Guardians of Rest? Investigating the gut microbiota in central hypersomnolence disorders","Jezkova J, Sonka K, Kreisinger J, Prochazkova P, Tlaskalova-Hogenova H, Nevsimalova S, Buskova J, Merkova R, Dvorakova T, Prihodova I, Dostalova S, Roubalova R.","Sleep Med. 2024 Jan;113:95-102. doi: 10.1016/j.sleep.2023.11.024. Epub 2023 Nov 19.","Jezkova J","Sleep Med","2024","2023/11/23","","","10.1016/j.sleep.2023.11.024"
"36216056","Effects of urban particulate matter on gut microbiome and partial schizophrenia-like symptoms in mice: Evidence from shotgun metagenomic and metabolomic profiling","Yi W, Ji Y, Gao H, Luo S, Pan R, Song J, He Y, Li Y, Wu Y, Yan S, Liang Y, Sun X, Jin X, Mei L, Cheng J, Su H.","Sci Total Environ. 2023 Jan 20;857(Pt 1):159305. doi: 10.1016/j.scitotenv.2022.159305. Epub 2022 Oct 8.","Yi W","Sci Total Environ","2023","2022/10/10","","","10.1016/j.scitotenv.2022.159305"
"37377497","Insights into the potential benefits of triphala polyphenols toward the promotion of resilience against stress-induced depression and cognitive impairment","Wang W, Ige OO, Ding Y, He M, Long P, Wang S, Zhang Y, Wen X.","Curr Res Food Sci. 2023 Jun 2;6:100527. doi: 10.1016/j.crfs.2023.100527. eCollection 2023.","Wang W","Curr Res Food Sci","2023","2023/06/28","PMC10291000","","10.1016/j.crfs.2023.100527"
"36624505","Safety and feasibility of faecal microbiota transplant for major depressive disorder: study protocol for a pilot randomised controlled trial","Green JE, McGuinness AJ, Berk M, Castle D, Athan E, Hair C, Strandwitz P, Loughman A, Nierenberg AA, Cryan JF, Mohebbi M, Jacka F.","Pilot Feasibility Stud. 2023 Jan 9;9(1):5. doi: 10.1186/s40814-023-01235-z.","Green JE","Pilot Feasibility Stud","2023","2023/01/09","PMC9827014","","10.1186/s40814-023-01235-z"
"36493975","Key role of the gut-microbiota-brain axis via the subdiaphragmatic vagus nerve in demyelination of the cuprizone-treated mouse brain","Wang X, Eguchi A, Yang Y, Chang L, Wan X, Shan J, Qu Y, Ma L, Mori C, Yang J, Hashimoto K.","Neurobiol Dis. 2023 Jan;176:105951. doi: 10.1016/j.nbd.2022.105951. Epub 2022 Dec 6.","Wang X","Neurobiol Dis","2023","2022/12/09","","","10.1016/j.nbd.2022.105951"
"36881113","Mesenchymal stem-cell-derived microvesicles ameliorate MPTP-induced neurotoxicity in mice: a role of the gut-microbiota-brain axis","Pu Y, Wu Q, Zhang Q, Huang T, Wen J, Wei L, Hashimoto K, Liu Y.","Psychopharmacology (Berl). 2023 May;240(5):1103-1118. doi: 10.1007/s00213-023-06348-0. Epub 2023 Mar 7.","Pu Y","Psychopharmacology (Berl)","2023","2023/03/07","","","10.1007/s00213-023-06348-0"
"36871911","The effect of exercise on suicidal ideation and behaviors: A systematic review and meta-analysis of randomized controlled trials","Fabiano N, Gupta A, Fiedorowicz JG, Firth J, Stubbs B, Vancampfort D, Schuch FB, Carr LJ, Solmi M.","J Affect Disord. 2023 Jun 1;330:355-366. doi: 10.1016/j.jad.2023.02.071. Epub 2023 Mar 4.","Fabiano N","J Affect Disord","2023","2023/03/05","","","10.1016/j.jad.2023.02.071"
"37663891","Nourishing the brain on deep space missions: nutritional psychiatry in promoting resilience","Pathare NN, Fayet-Moore F, Fogarty JA, Jacka FN, Strandwitz P, Strangman GE, Donoviel DB.","Front Neural Circuits. 2023 Aug 17;17:1170395. doi: 10.3389/fncir.2023.1170395. eCollection 2023.","Pathare NN","Front Neural Circuits","2023","2023/09/04","PMC10469890","","10.3389/fncir.2023.1170395"
"37354486","Blood-borne extracellular vesicles of bacteria and intestinal cells in patients with psychotic disorders","Tunset ME, Haslene-Hox H, Van Den Bossche T, Maleki S, Vaaler A, Kondziella D.","Nord J Psychiatry. 2023 Oct;77(7):686-695. doi: 10.1080/08039488.2023.2223572. Epub 2023 Jun 24.","Tunset ME","Nord J Psychiatry","2023","2023/06/24","","","10.1080/08039488.2023.2223572"
"37124355","Alteration of Gut Microbiome in Patients With Schizophrenia Indicates Links Between Bacterial Tyrosine Biosynthesis and Cognitive Dysfunction","Thirion F, Speyer H, Hansen TH, Nielsen T, Fan Y, Le Chatelier E, Fromentin S, Berland M, Plaza Oñate F, Pons N, Galleron N, Levenez F, Markó L, Birkner T, Jørgensen T, Forslund SK, Vestergaard H, Hansen T, Nordentoft M, Mors O, Benros ME, Pedersen O, Ehrlich SD.","Biol Psychiatry Glob Open Sci. 2022 Feb 10;3(2):283-291. doi: 10.1016/j.bpsgos.2022.01.009. eCollection 2023 Apr.","Thirion F","Biol Psychiatry Glob Open Sci","2022","2023/05/01","PMC10140391","","10.1016/j.bpsgos.2022.01.009"
"37233680","Positive Effects of Probiotic Therapy in Patients with Post-Infectious Fatigue","Obermoser K, Brigo N, Schroll A, Monfort-Lanzas P, Gostner JM, Engl S, Geisler S, Knoll M, Schennach H, Weiss G, Fuchs D, Bellmann-Weiler R, Kurz K.","Metabolites. 2023 May 8;13(5):639. doi: 10.3390/metabo13050639.","Obermoser K","Metabolites","2023","2023/05/26","PMC10221065","","10.3390/metabo13050639"
"36517709","Porphyra haitanensis Polysaccharides Attenuates Blood Lipid via Gut-Liver Axis in Diet-Induced High-Fat Mesocricetus auratus through Multiple Integrated Omics","Zeng H, Chen P, Wang Z, Hu X, Zhang Y, Zheng B.","Mol Nutr Food Res. 2023 Mar;67(5):e2200638. doi: 10.1002/mnfr.202200638. Epub 2023 Jan 26.","Zeng H","Mol Nutr Food Res","2023","2022/12/14","","","10.1002/mnfr.202200638"
"36804535","Beneficial effects of arketamine on the reduced bone mineral density in susceptible mice after chronic social defeat stress: Role of the gut-microbiota-bone-brain axis","Wan X, Eguchi A, Chang L, Mori C, Hashimoto K.","Neuropharmacology. 2023 May 1;228:109466. doi: 10.1016/j.neuropharm.2023.109466. Epub 2023 Feb 16.","Wan X","Neuropharmacology","2023","2023/02/22","","","10.1016/j.neuropharm.2023.109466"
"37291666","A comprehensive look at the psychoneuroimmunoendocrinology of spinal cord injury and its progression: mechanisms and clinical opportunities","Ortega MA, Fraile-Martinez O, García-Montero C, Haro S, Álvarez-Mon MÁ, De Leon-Oliva D, Gomez-Lahoz AM, Monserrat J, Atienza-Pérez M, Díaz D, Lopez-Dolado E, Álvarez-Mon M.","Mil Med Res. 2023 Jun 9;10(1):26. doi: 10.1186/s40779-023-00461-z.","Ortega MA","Mil Med Res","2023","2023/06/08","PMC10251601","","10.1186/s40779-023-00461-z"
"36900437","Fermented Wheat Germ Alleviates Depression-like Behavior in Rats with Chronic and Unpredictable Mild Stress","Hu Z, Zhao P, Liao A, Pan L, Zhang J, Dong Y, Huang J, He W, Ou X.","Foods. 2023 Feb 22;12(5):920. doi: 10.3390/foods12050920.","Hu Z","Foods","2023","2023/03/11","PMC10000856","","10.3390/foods12050920"
"36462169","Elevated Systemic Levels of Markers Reflecting Intestinal Barrier Dysfunction and Inflammasome Activation Are Correlated in Severe Mental Illness","Jensen SB, Sheikh MA, Akkouh IA, Szabo A, O'Connell KS, Lekva T, Engh JA, Agartz I, Elvsåshagen T, Ormerod MBEG, Weibell MA, Johnsen E, Kroken RA, Melle I, Drange OK, Nærland T, Vaaler AE, Westlye LT, Aukrust P, Djurovic S, Eiel Steen N, Andreassen OA, Ueland T.","Schizophr Bull. 2023 May 3;49(3):635-645. doi: 10.1093/schbul/sbac191.","Jensen SB","Schizophr Bull","2023","2022/12/03","PMC10154716","","10.1093/schbul/sbac191"
"37447374","Serotonin Transporter (SERT) Expression Modulates the Composition of the Western-Diet-Induced Microbiota in Aged Female Mice","Bloemendaal M, Veniaminova E, Anthony DC, Gorlova A, Vlaming P, Khairetdinova A, Cespuglio R, Lesch KP, Arias Vasquez A, Strekalova T.","Nutrients. 2023 Jul 6;15(13):3048. doi: 10.3390/nu15133048.","Bloemendaal M","Nutrients","2023","2023/07/14","PMC10346692","","10.3390/nu15133048"
"38132705","Association of homelessness and diet on the gut microbiome: a United States-Veteran Microbiome Project (US-VMP) study","Hoisington AJ, Stearns-Yoder KA, Stamper CE, Holliday R, Brostow DP, Penzenik ME, Forster JE, Postolache TT, Lowry CA, Brenner LA.","mSystems. 2024 Jan 23;9(1):e0102123. doi: 10.1128/msystems.01021-23. Epub 2023 Dec 22.","Hoisington AJ","mSystems","2024","2023/12/22","PMC10804991","","10.1128/msystems.01021-23"
"36710917","Metagenomic data reveals microbiome characteristics of culture-negative brain abscess samples","John DV, Purushottam M.","Data Brief. 2023 Jan 11;46:108893. doi: 10.1016/j.dib.2023.108893. eCollection 2023 Feb.","John DV","Data Brief","2023","2023/01/30","PMC9876821","","10.1016/j.dib.2023.108893"
"37181872","Autism spectrum disorder research: knowledge mapping of progress and focus between 2011 and 2022","Jiang M, Lu T, Yang K, Li X, Zhao L, Zhang D, Li J, Wang L.","Front Psychiatry. 2023 Apr 25;14:1096769. doi: 10.3389/fpsyt.2023.1096769. eCollection 2023.","Jiang M","Front Psychiatry","2023","2023/05/14","PMC10168184","","10.3389/fpsyt.2023.1096769"
"37502424","Effects of human probiotics on memory and psychological and physical measures in community-dwelling older adults with normal and mildly impaired cognition: results of a bi-center, double-blind, randomized, and placebo-controlled clinical trial (CleverAge biota)","Bartos A, Weinerova J, Diondet S.","Front Aging Neurosci. 2023 Jul 7;15:1163727. doi: 10.3389/fnagi.2023.1163727. eCollection 2023.","Bartos A","Front Aging Neurosci","2023","2023/07/28","PMC10369778","","10.3389/fnagi.2023.1163727"
"36283312","Ginsenoside Rh4 remodels the periphery microenvironment by targeting the brain-gut axis to alleviate depression-like behaviors","Shao J, Ma X, Qu L, Ma P, Huang R, Fan D.","Food Chem. 2023 Mar 15;404(Pt B):134639. doi: 10.1016/j.foodchem.2022.134639. Epub 2022 Oct 18.","Shao J","Food Chem","2023","2022/10/25","","","10.1016/j.foodchem.2022.134639"
"37627638","Multi-Omics Approach Reveals Prebiotic and Potential Antioxidant Effects of Essential Oils from the Mediterranean Diet on Cardiometabolic Disorder Using Humanized Gnotobiotic Mice","Sánchez-Quintero MJ, Delgado J, Martín Chaves L, Medina-Vera D, Murri M, Becerra-Muñoz VM, Estévez M, Crespo-Leiro MG, Paz López G, González-Jiménez A, A G Ranea J, Queipo-Ortuño MI, Plaza-Andrades I, Rodríguez-Capitán J, Pavón-Morón FJ, Jiménez-Navarro MF.","Antioxidants (Basel). 2023 Aug 20;12(8):1643. doi: 10.3390/antiox12081643.","Sánchez-Quintero MJ","Antioxidants (Basel)","2023","2023/08/26","PMC10451832","","10.3390/antiox12081643"
"37469436","Exopolysaccharide is the potential effector of Lactobacillus fermentum PS150, a hypnotic psychobiotic strain","Huang CL, Chu HF, Wu CC, Deng FS, Wen PJ, Chien SP, Chao CH, Chen YT, Lu MK, Tsai YC.","Front Microbiol. 2023 Jul 3;14:1209067. doi: 10.3389/fmicb.2023.1209067. eCollection 2023.","Huang CL","Front Microbiol","2023","2023/07/20","PMC10352126","","10.3389/fmicb.2023.1209067"
"37400661","Isoalantolactone relieves depression-like behaviors in mice after chronic social defeat stress via the gut-brain axis","Wang S, Cai Q, Xu L, Sun Y, Wang M, Wang Y, Zhang L, Li K, Ni Z.","Psychopharmacology (Berl). 2023 Aug;240(8):1775-1787. doi: 10.1007/s00213-023-06413-8. Epub 2023 Jul 3.","Wang S","Psychopharmacology (Berl)","2023","2023/07/03","PMC10349788","","10.1007/s00213-023-06413-8"
"35996352","Probiotics supplementation and brain-derived neurotrophic factor (BDNF): a systematic review and meta-analysis of randomized controlled trials","Dehghani F, Abdollahi S, Shidfar F, Clark CCT, Soltani S.","Nutr Neurosci. 2023 Oct;26(10):942-952. doi: 10.1080/1028415X.2022.2110664. Epub 2022 Aug 22.","Dehghani F","Nutr Neurosci","2023","2022/08/23","","","10.1080/1028415X.2022.2110664"
"37294054","EphB6 deficiency in intestinal neurons promotes tumor growth in colorectal cancer by neurotransmitter GABA signaling","Yu H, Qin XK, Yin KW, Li ZM, Ni ED, Yang JM, Liu XH, Zhou AJ, Li SJ, Gao TM, Li Y, Li JM.","Carcinogenesis. 2023 Dec 2;44(8-9):682-694. doi: 10.1093/carcin/bgad041.","Yu H","Carcinogenesis","2023","2023/06/09","","","10.1093/carcin/bgad041"
"38170072","Global scientific trends in healthy aging in the early 21st century: A data-driven scientometric and visualized analysis","Zhang Y, Gu Z, Xu Y, He M, Gerber BS, Wang Z, Liu F, Peng C.","Heliyon. 2023 Dec 9;10(1):e23405. doi: 10.1016/j.heliyon.2023.e23405. eCollection 2024 Jan 15.","Zhang Y","Heliyon","2023","2024/01/03","PMC10758827","","10.1016/j.heliyon.2023.e23405"
"36989335","Treatment response to supplemental nutrients for ADHD is independent of diet quality: the MADDY Study RCT","Robinette LM, Hatsu IE, Johnstone JM, Bruton AM, Leung BMY, Arnold LE.","Nutr Neurosci. 2024 Apr;27(4):319-328. doi: 10.1080/1028415X.2023.2191415. Epub 2023 Mar 29.","Robinette LM","Nutr Neurosci","2024","2023/03/29","PMC10539486","NIHMS1885282","10.1080/1028415X.2023.2191415"
