﻿PMID,Title,Authors,Citation,First Author,Journal/Book,Publication Year,Create Date,PMCID,NIHMS ID,DOI
"38406183","Gut microbiota, nutrition, and mental health","Merlo G, Bachtel G, Sugden SG.","Front Nutr. 2024 Feb 9;11:1337889. doi: 10.3389/fnut.2024.1337889. eCollection 2024.","Merlo G","Front Nutr","2024","2024/02/26","PMC10884323","","10.3389/fnut.2024.1337889"
"38278378","Fermented foods: Harnessing their potential to modulate the microbiota-gut-brain axis for mental health","Balasubramanian R, Schneider E, Gunnigle E, Cotter PD, Cryan JF.","Neurosci Biobehav Rev. 2024 Mar;158:105562. doi: 10.1016/j.neubiorev.2024.105562. Epub 2024 Jan 24.","Balasubramanian R","Neurosci Biobehav Rev","2024","2024/01/26","","","10.1016/j.neubiorev.2024.105562"
"38972900","Humid heat environment causes anxiety-like disorder via impairing gut microbiota and bile acid metabolism in mice","Weng H, Deng L, Wang T, Xu H, Wu J, Zhou Q, Yu L, Chen B, Huang L, Qu Y, Zhou L, Chen X.","Nat Commun. 2024 Jul 7;15(1):5697. doi: 10.1038/s41467-024-49972-w.","Weng H","Nat Commun","2024","2024/07/07","PMC11228019","","10.1038/s41467-024-49972-w"
"38353184","Stressed to the Core: Inflammation and Intestinal Permeability Link Stress-Related Gut Microbiota Shifts to Mental Health Outcomes","Madison AA, Bailey MT.","Biol Psychiatry. 2024 Feb 15;95(4):339-347. doi: 10.1016/j.biopsych.2023.10.014. Epub 2023 Oct 29.","Madison AA","Biol Psychiatry","2024","2024/02/14","PMC10867428","NIHMS1953650","10.1016/j.biopsych.2023.10.014"
"38582087","Gut bacteria-driven homovanillic acid alleviates depression by modulating synaptic integrity","Zhao M, Ren Z, Zhao A, Tang Y, Kuang J, Li M, Chen T, Wang S, Wang J, Zhang H, Wang J, Zhang T, Zeng J, Liu X, Xie G, Liu P, Sun N, Bao T, Nie T, Lin J, Liu P, Zheng Y, Zheng X, Liu T, Jia W.","Cell Metab. 2024 May 7;36(5):1000-1012.e6. doi: 10.1016/j.cmet.2024.03.010. Epub 2024 Apr 5.","Zhao M","Cell Metab","2024","2024/04/06","","","10.1016/j.cmet.2024.03.010"
"38417224","Integrated multi-omics analysis reveals gut microbiota dysbiosis and systemic disturbance in major depressive disorder","Xie Z, Huang J, Sun G, He S, Luo Z, Zhang L, Li L, Yao M, Du C, Yu W, Feng Y, Yang D, Zhang J, Ge C, Li H, Geng M.","Psychiatry Res. 2024 Apr;334:115804. doi: 10.1016/j.psychres.2024.115804. Epub 2024 Feb 18.","Xie Z","Psychiatry Res","2024","2024/02/28","","","10.1016/j.psychres.2024.115804"
"37914097","Priming of microglia with dysfunctional gut microbiota impairs hippocampal neurogenesis and fosters stress vulnerability of mice","He H, He H, Mo L, You Z, Zhang J.","Brain Behav Immun. 2024 Jan;115:280-294. doi: 10.1016/j.bbi.2023.10.031. Epub 2023 Oct 31.","He H","Brain Behav Immun","2024","2023/11/01","","","10.1016/j.bbi.2023.10.031"
"38260914","Rosacea, microbiome and probiotics: the gut-skin axis","Sánchez-Pellicer P, Eguren-Michelena C, García-Gavín J, Llamas-Velasco M, Navarro-Moratalla L, Núñez-Delegido E, Agüera-Santos J, Navarro-López V.","Front Microbiol. 2024 Jan 8;14:1323644. doi: 10.3389/fmicb.2023.1323644. eCollection 2023.","Sánchez-Pellicer P","Front Microbiol","2024","2024/01/23","PMC10800857","","10.3389/fmicb.2023.1323644"
"38421082","Unraveling the gut-brain connection: The association of microbiota-linked structural brain biomarkers with behavior and mental health","Contreras-Rodriguez O, Blasco G, Biarnés C, Puig J, Arnoriaga-Rodríguez M, Coll-Martinez C, Gich J, Ramió-Torrentà L, Motger-Albertí A, Pérez-Brocal V, Moya A, Radua J, Manuel Fernández-Real J.","Psychiatry Clin Neurosci. 2024 Jun;78(6):339-346. doi: 10.1111/pcn.13655. Epub 2024 Feb 29.","Contreras-Rodriguez O","Psychiatry Clin Neurosci","2024","2024/02/29","PMC11488601","","10.1111/pcn.13655"
"37962812","Microbiota-Gut-Brain Axis and Antidepressant Treatment","Lachmansingh DA, Lavelle A, Cryan JF, Clarke G.","Curr Top Behav Neurosci. 2024;66:175-216. doi: 10.1007/7854_2023_449.","Lachmansingh DA","Curr Top Behav Neurosci","2024","2023/11/14","","","10.1007/7854_2023_449"
"38123016","The many faces of microbiota-gut-brain axis in autism spectrum disorder","Gonçalves CL, Doifode T, Rezende VL, Costa MA, Rhoads JM, Soutullo CA.","Life Sci. 2024 Jan 15;337:122357. doi: 10.1016/j.lfs.2023.122357. Epub 2023 Dec 19.","Gonçalves CL","Life Sci","2024","2023/12/20","","","10.1016/j.lfs.2023.122357"
"37989444","Gut microbiota-mediated ursodeoxycholic acids regulate the inflammation of microglia through TGR5 signaling after MCAO","Zhang F, Deng Y, Wang H, Fu J, Wu G, Duan Z, Zhang X, Cai Y, Zhou H, Yin J, He Y.","Brain Behav Immun. 2024 Jan;115:667-679. doi: 10.1016/j.bbi.2023.11.021. Epub 2023 Nov 19.","Zhang F","Brain Behav Immun","2024","2023/11/21","","","10.1016/j.bbi.2023.11.021"
"39110402","Gut microbiota and healthy longevity","Luo J, Liang S, Jin F.","Sci China Life Sci. 2024 Aug 2. doi: 10.1007/s11427-023-2595-5. Online ahead of print.","Luo J","Sci China Life Sci","2024","2024/08/07","","","10.1007/s11427-023-2595-5"
"39106786","Gut microbiota modulates neurotransmitter and gut-brain signaling","Qu S, Yu Z, Zhou Y, Wang S, Jia M, Chen T, Zhang X.","Microbiol Res. 2024 Oct;287:127858. doi: 10.1016/j.micres.2024.127858. Epub 2024 Jul 26.","Qu S","Microbiol Res","2024","2024/08/06","","","10.1016/j.micres.2024.127858"
"38803488","Gut microbiota, inflammatory proteins and COVID-19: a Mendelian randomisation study","Chen Y, Chen C.","Front Immunol. 2024 May 13;15:1406291. doi: 10.3389/fimmu.2024.1406291. eCollection 2024.","Chen Y","Front Immunol","2024","2024/05/28","PMC11128586","","10.3389/fimmu.2024.1406291"
"39378456","Gut Microbiota and Mood Disorders: How Bottom-Up Techniques Can Improve Mental Health","Lepri A.","Psychiatr Danub. 2024 Sep;36(Suppl 2):83-85.","Lepri A","Psychiatr Danub","2024","2024/10/08","","",""
"38891970","Human Gut Microbiota for Diagnosis and Treatment of Depression","Averina OV, Poluektova EU, Zorkina YA, Kovtun AS, Danilenko VN.","Int J Mol Sci. 2024 May 26;25(11):5782. doi: 10.3390/ijms25115782.","Averina OV","Int J Mol Sci","2024","2024/06/19","PMC11171505","","10.3390/ijms25115782"
"38576868","Bipolar disorder and the gut microbiota: a bibliometric analysis","Lin X, Huang J, Wang S, Zhang K.","Front Neurosci. 2024 Mar 21;18:1290826. doi: 10.3389/fnins.2024.1290826. eCollection 2024.","Lin X","Front Neurosci","2024","2024/04/05","PMC10991819","","10.3389/fnins.2024.1290826"
"39139979","Effects of kefir consumption on gut microbiota and health outcomes in women with polycystic ovary syndrome","Çıtar Dazıroğlu ME, Acar Tek N, Cevher Akdulum MF, Yılmaz C, Yalınay AM.","Food Sci Nutr. 2024 May 15;12(8):5632-5646. doi: 10.1002/fsn3.4212. eCollection 2024 Aug.","Çıtar Dazıroğlu ME","Food Sci Nutr","2024","2024/08/14","PMC11317752","","10.1002/fsn3.4212"
"38735387","Association of intestinal anti-inflammatory drug target genes with psychiatric Disorders: A Mendelian randomization study","Zhao G, Lu Z, Liao Y, Sun Y, Zhang Y, Kang Z, Feng X, Sun J, Yue W.","J Adv Res. 2024 May 11:S2090-1232(24)00179-6. doi: 10.1016/j.jare.2024.05.002. Online ahead of print.","Zhao G","J Adv Res","2024","2024/05/12","","","10.1016/j.jare.2024.05.002"
"39317918","Dysbiosis and fecal microbiota transplant: Contemplating progress in health, neurodegeneration and longevity","Ahmadi S, Hasani A, Khabbaz A, Poortahmasbe V, Hosseini S, Yasdchi M, Mehdizadehfar E, Mousavi Z, Hasani R, Nabizadeh E, Nezhadi J.","Biogerontology. 2024 Nov;25(6):957-983. doi: 10.1007/s10522-024-10136-4. Epub 2024 Sep 24.","Ahmadi S","Biogerontology","2024","2024/09/24","","","10.1007/s10522-024-10136-4"
"38390241","Gut microbiota-derived short-chain fatty acids and depression: deep insight into biological mechanisms and potential applications","Cheng J, Hu H, Ju Y, Liu J, Wang M, Liu B, Zhang Y.","Gen Psychiatr. 2024 Feb 19;37(1):e101374. doi: 10.1136/gpsych-2023-101374. eCollection 2024.","Cheng J","Gen Psychiatr","2024","2024/02/23","PMC10882305","","10.1136/gpsych-2023-101374"
"38732060","The Role of Prebiotics in Modulating Gut Microbiota: Implications for Human Health","Yoo S, Jung SC, Kwak K, Kim JS.","Int J Mol Sci. 2024 Apr 29;25(9):4834. doi: 10.3390/ijms25094834.","Yoo S","Int J Mol Sci","2024","2024/05/11","PMC11084426","","10.3390/ijms25094834"
"39476179","The interplay of gut microbiota, obesity, and depression: insights and interventions","Halabitska I, Petakh P, Kamyshna I, Oksenych V, Kainov DE, Kamyshnyi O.","Cell Mol Life Sci. 2024 Oct 30;81(1):443. doi: 10.1007/s00018-024-05476-w.","Halabitska I","Cell Mol Life Sci","2024","2024/10/30","","","10.1007/s00018-024-05476-w"
"38426291","The microbiota-gut-brain axis in Huntington's disease: pathogenic mechanisms and therapeutic targets","Ekwudo MN, Gubert C, Hannan AJ.","FEBS J. 2024 Mar 1. doi: 10.1111/febs.17102. Online ahead of print.","Ekwudo MN","FEBS J","2024","2024/03/01","","","10.1111/febs.17102"
"37307822","Brain-Gut-Microbiota Axis in Amyotrophic Lateral Sclerosis: A Historical Overview and Future Directions","Chen S, Cai X, Lao L, Wang Y, Su H, Sun H.","Aging Dis. 2024 Feb 1;15(1):74-95. doi: 10.14336/AD.2023.0524.","Chen S","Aging Dis","2024","2023/06/12","PMC10796086","","10.14336/AD.2023.0524"
"39287570","Diet and the gut microbiota-immune axis in the context of perinatal mental health: Protocol for a prospective cohort study","Wallace CJ, Audet MC.","Womens Health (Lond). 2024 Jan-Dec;20:17455057241277072. doi: 10.1177/17455057241277072.","Wallace CJ","Womens Health (Lond)","2024","2024/09/17","PMC11409294","","10.1177/17455057241277072"
"38960582","Integrated metagenomic and metabolomic analysis reveals distinctive stage-specific gut-microbiome-derived metabolites in intracranial aneurysms","Sun H, Sun K, Tian H, Chen X, Su S, Tu Y, Chen S, Wang J, Peng M, Zeng M, Li X, Luo Y, Xie Y, Feng X, Li Z, Zhang X, Li X, Liu Y, Ye W, Chen Z, Zhu Z, Li Y, Xia F, Zhou H, Duan C.","Gut. 2024 Sep 9;73(10):1662-1674. doi: 10.1136/gutjnl-2024-332245.","Sun H","Gut","2024","2024/07/03","","","10.1136/gutjnl-2024-332245"
"38914414","Exploring the gut-brain Axis: Potential therapeutic impact of Psychobiotics on mental health","Cocean AM, Vodnar DC.","Prog Neuropsychopharmacol Biol Psychiatry. 2024 Aug 30;134:111073. doi: 10.1016/j.pnpbp.2024.111073. Epub 2024 Jun 22.","Cocean AM","Prog Neuropsychopharmacol Biol Psychiatry","2024","2024/06/24","","","10.1016/j.pnpbp.2024.111073"
"38421192","Sleep deprivation-induced anxiety-like behaviors are associated with alterations in the gut microbiota and metabolites","Zhang N, Gao X, Li D, Xu L, Zhou G, Xu M, Peng L, Sun G, Pan F, Li Y, Ren R, Huang R, Yang Y, Wang Z.","Microbiol Spectr. 2024 Apr 2;12(4):e0143723. doi: 10.1128/spectrum.01437-23. Epub 2024 Feb 29.","Zhang N","Microbiol Spectr","2024","2024/02/29","PMC10986621","","10.1128/spectrum.01437-23"
"38908788","Gut microbiota dynamics and association with chronic kidney disease: A longitudinal study within the PREDIMED-Plus trial","Atzeni A, Díaz-López A, Cacho AH, Babio N, García-Gavilán JF, Cornejo-Pareja I, Belzer C, Fitó M, Tinahones FJ, Salas-Salvadó J.","Life Sci. 2024 Aug 15;351:122863. doi: 10.1016/j.lfs.2024.122863. Epub 2024 Jun 21.","Atzeni A","Life Sci","2024","2024/06/22","","","10.1016/j.lfs.2024.122863"
"39375584","Animal and plant protein intake association with mental health, tryptophan metabolites pathways, and gut microbiota in healthy women: a cross-sectional study","Soveid N, Barkhidarian B, Samadi M, Hatami M, Gholami F, Yekaninejad MS, Saedisomeolia A, Karbasian M, Siadat SD, Mirzaei K.","BMC Microbiol. 2024 Oct 7;24(1):390. doi: 10.1186/s12866-024-03534-8.","Soveid N","BMC Microbiol","2024","2024/10/07","PMC11457455","","10.1186/s12866-024-03534-8"
"38302874","Chronic intestinal pseudo-obstruction: associations with gut microbiota and genes expression of intestinal serotonergic pathway","Radocchia G, Marazzato M, Harbi KB, Capuzzo E, Pantanella F, De Giorgio R, Guarino M, Costanzini A, Zenzeri L, Parisi P, Ferretti A, Felici E, Palamara AT, Di Nardo G, Schippa S.","BMC Microbiol. 2024 Feb 2;24(1):48. doi: 10.1186/s12866-024-03200-z.","Radocchia G","BMC Microbiol","2024","2024/02/01","PMC10835911","","10.1186/s12866-024-03200-z"
"38508549","Along the microbiota-gut-brain axis: Use of plant polysaccharides to improve mental disorders","Gao J, Liang Y, Liu P.","Int J Biol Macromol. 2024 Apr;265(Pt 2):130903. doi: 10.1016/j.ijbiomac.2024.130903. Epub 2024 Mar 19.","Gao J","Int J Biol Macromol","2024","2024/03/20","","","10.1016/j.ijbiomac.2024.130903"
"39417049","Challenges in integrating traditional Chinese medicine and gut microbiota research for insomnia treatment","Bilal M, Nashwan AJ.","World J Clin Cases. 2024 Oct 16;12(29):6271-6274. doi: 10.12998/wjcc.v12.i29.6271.","Bilal M","World J Clin Cases","2024","2024/10/17","PMC11372532","","10.12998/wjcc.v12.i29.6271"
"38700338","Association between gut microbiota dysbiosis and poor functional outcomes in acute ischemic stroke patients with COVID-19 infection","Chen J, Gao X, Liang J, Wu Q, Shen L, Zheng Y, Ma Y, Peng Y, He Y, Yin J.","mSystems. 2024 Jun 18;9(6):e0018524. doi: 10.1128/msystems.00185-24. Epub 2024 May 3.","Chen J","mSystems","2024","2024/05/03","PMC11237522","","10.1128/msystems.00185-24"
"38975363","Dissecting the association between gut microbiota, body mass index and specific depressive symptoms: a mediation Mendelian randomisation study","Yu T, Chen C, Yang Y, Wang M, Yang Y, Feng W, Yuan S, Ma X, Li J, Zhang B.","Gen Psychiatr. 2024 Jul 2;37(4):e101412. doi: 10.1136/gpsych-2023-101412. eCollection 2024.","Yu T","Gen Psychiatr","2024","2024/07/08","PMC11227829","","10.1136/gpsych-2023-101412"
"38901183","Diverse mechanisms by which chemical pollutant exposure alters gut microbiota metabolism and inflammation","Teffera M, Veith AC, Ronnekleiv-Kelly S, Bradfield CA, Nikodemova M, Tussing-Humphreys L, Malecki K.","Environ Int. 2024 Aug;190:108805. doi: 10.1016/j.envint.2024.108805. Epub 2024 Jun 10.","Teffera M","Environ Int","2024","2024/06/20","","","10.1016/j.envint.2024.108805"
"39375215","Association of the newly proposed dietary index for gut microbiota and depression: the mediation effect of phenotypic age and body mass index","Zhang X, Yang Q, Huang J, Lin H, Luo N, Tang H.","Eur Arch Psychiatry Clin Neurosci. 2024 Oct 8. doi: 10.1007/s00406-024-01912-x. Online ahead of print.","Zhang X","Eur Arch Psychiatry Clin Neurosci","2024","2024/10/07","","","10.1007/s00406-024-01912-x"
"38984896","Advances in the study of the relationship between gut microbiota and erectile dysfunction","Su Q, Tang Q, Ma C, Wang K.","Sex Med Rev. 2024 Sep 25;12(4):664-669. doi: 10.1093/sxmrev/qeae049.","Su Q","Sex Med Rev","2024","2024/07/10","","","10.1093/sxmrev/qeae049"
"38436218","Roles of Diet-Associated Gut Microbial Metabolites on Brain Health: Cell-to-Cell Interactions between Gut Bacteria and the Central Nervous System","Kim CS.","Adv Nutr. 2024 Jan;15(1):100136. doi: 10.1016/j.advnut.2023.10.008. Epub 2023 Oct 29.","Kim CS","Adv Nutr","2024","2024/03/04","PMC10694655","","10.1016/j.advnut.2023.10.008"
"38410510","Exploring the interplay between posttraumatic stress disorder, gut microbiota, and inflammatory biomarkers: a comprehensive meta-analysis","Petakh P, Oksenych V, Kamyshna I, Boisak I, Lyubomirskaya K, Kamyshnyi O.","Front Immunol. 2024 Feb 12;15:1349883. doi: 10.3389/fimmu.2024.1349883. eCollection 2024.","Petakh P","Front Immunol","2024","2024/02/27","PMC10895958","","10.3389/fimmu.2024.1349883"
"38582194","Evolution and the critical role of the microbiota in the reduced mental and physical health associated with low socioeconomic status (SES)","Rook GAW.","Neurosci Biobehav Rev. 2024 Jun;161:105653. doi: 10.1016/j.neubiorev.2024.105653. Epub 2024 Apr 4.","Rook GAW","Neurosci Biobehav Rev","2024","2024/04/06","","","10.1016/j.neubiorev.2024.105653"
"38318337","Exploring the interplay between running exercises, microbial diversity, and tryptophan metabolism along the microbiota-gut-brain axis","Vazquez-Medina A, Rodriguez-Trujillo N, Ayuso-Rodriguez K, Marini-Martinez F, Angeli-Morales R, Caussade-Silvestrini G, Godoy-Vitorino F, Chorna N.","Front Microbiol. 2024 Jan 22;15:1326584. doi: 10.3389/fmicb.2024.1326584. eCollection 2024.","Vazquez-Medina A","Front Microbiol","2024","2024/02/06","PMC10838991","","10.3389/fmicb.2024.1326584"
"38422755","Gut microbiota disturbances in hospitalized older adults with malnutrition and clinical outcomes","Muñoz-Fernandez SS, Garcez FB, Alencar JCG, Bastos AA, Morley JE, Cederholm T, Aprahamian I, de Souza HP, Avelino-Silva TJ, Bindels LB, Ribeiro SML.","Nutrition. 2024 Jun;122:112369. doi: 10.1016/j.nut.2024.112369. Epub 2024 Feb 1.","Muñoz-Fernandez SS","Nutrition","2024","2024/02/29","","","10.1016/j.nut.2024.112369"
"39299582","Causal effects of gut microbiota, metabolites, immune cells, liposomes, and inflammatory proteins on anorexia nervosa: A mediation joint multi-omics Mendelian randomization analysis","Li Z, Bi T.","J Affect Disord. 2024 Sep 17;368:343-358. doi: 10.1016/j.jad.2024.09.115. Online ahead of print.","Li Z","J Affect Disord","2024","2024/09/19","","","10.1016/j.jad.2024.09.115"
"39458270","Depressive Symptoms and Gut Microbiota after Bowel Preparation and Colonoscopy: A Pre-Post Intervention Study","McGuinness AJ, O'Hely M, Stupart D, Watters D, Dawson SL, Hair C, Berk M, Mohebbi M, Loughman A, Guest G, Jacka FN.","Microorganisms. 2024 Sep 27;12(10):1960. doi: 10.3390/microorganisms12101960.","McGuinness AJ","Microorganisms","2024","2024/10/26","PMC11509487","","10.3390/microorganisms12101960"
"38892694","A Cross Talking between the Gut Microbiota and Metabolites of Participants in a Confined Environment","Song X, Wang Z, Xia Y, Chen Z, Wang G, Yang Y, Zhu B, Ai L, Xu H, Wang C.","Nutrients. 2024 Jun 4;16(11):1761. doi: 10.3390/nu16111761.","Song X","Nutrients","2024","2024/06/19","PMC11175105","","10.3390/nu16111761"
"39335452","Prior Appendicectomy and Gut Microbiota Re-Establishment in Adults after Bowel Preparation and Colonoscopy","McGuinness AJ, O'Hely M, Stupart D, Watters D, Dawson SL, Hair C, Berk M, Mohebbi M, Loughman A, Guest G, Jacka FN.","Biomedicines. 2024 Aug 23;12(9):1938. doi: 10.3390/biomedicines12091938.","McGuinness AJ","Biomedicines","2024","2024/09/28","PMC11429235","","10.3390/biomedicines12091938"
"39260135","Microbiota-gut-brain axis: Natural antidepressants molecular mechanism","Lu Y, Yu X, Wang Z, Kong L, Jiang Z, Shang R, Zhong X, Lv S, Zhang G, Gao H, Yang N.","Phytomedicine. 2024 Nov;134:156012. doi: 10.1016/j.phymed.2024.156012. Epub 2024 Aug 31.","Lu Y","Phytomedicine","2024","2024/09/11","","","10.1016/j.phymed.2024.156012"
"39092201","Stress and the gut-brain axis: an inflammatory perspective","Morys J, Małecki A, Nowacka-Chmielewska M.","Front Mol Neurosci. 2024 Jul 18;17:1415567. doi: 10.3389/fnmol.2024.1415567. eCollection 2024.","Morys J","Front Mol Neurosci","2024","2024/08/02","PMC11292226","","10.3389/fnmol.2024.1415567"
"39339804","Balancing the Oral-Gut-Brain Axis with Diet","Kerstens R, Ng YZ, Pettersson S, Jayaraman A.","Nutrients. 2024 Sep 22;16(18):3206. doi: 10.3390/nu16183206.","Kerstens R","Nutrients","2024","2024/09/28","PMC11435118","","10.3390/nu16183206"
"38922485","Characterization of Gut Microbiota in Rats and Rhesus Monkeys After Methamphetamine Self-administration","He L, Zhou JH, Li H, Zhang WL, Liu TQ, Jiang HF, Zhai RW, Zhang XJ.","Mol Neurobiol. 2024 Jun 26. doi: 10.1007/s12035-024-04318-x. Online ahead of print.","He L","Mol Neurobiol","2024","2024/06/26","","","10.1007/s12035-024-04318-x"
"38815661","Gut microbiota composition links to variation in functional domains across psychiatric disorders","Mulder D, Jakobi B, Shi Y, Mulders P, Kist JD, Collard RM, Vrijsen JN, van Eijndhoven P, Tendolkar I, Bloemendaal M, Arias Vasquez A.","Brain Behav Immun. 2024 Aug;120:275-287. doi: 10.1016/j.bbi.2024.05.037. Epub 2024 May 28.","Mulder D","Brain Behav Immun","2024","2024/05/30","","","10.1016/j.bbi.2024.05.037"
"38260072","Alterations in gut microbiota caused by major depressive disorder or a low FODMAP diet and where they overlap","O'Neill S, Minehan M, Knight-Agarwal CR, Pyne DB.","Front Nutr. 2024 Jan 8;10:1303405. doi: 10.3389/fnut.2023.1303405. eCollection 2023.","O'Neill S","Front Nutr","2024","2024/01/23","PMC10800578","","10.3389/fnut.2023.1303405"
"38892525","Is the Mediterranean Low Fodmap Diet Effective in Managing Irritable Bowel Syndrome Symptoms and Gut Microbiota? An Innovative Research Protocol","Kasti AN, Katsas K, Petsis K, Lambrinou S, Synodinou KD, Kapetani A, Smart KL, Nikolaki MD, Halvatsiotis P, Triantafyllou K, Muir JG.","Nutrients. 2024 May 23;16(11):1592. doi: 10.3390/nu16111592.","Kasti AN","Nutrients","2024","2024/06/19","PMC11174440","","10.3390/nu16111592"
"38869657","Effects of Bifidobacterium breve 207-1 on regulating lifestyle behaviors and mental wellness in healthy adults based on the microbiome-gut-brain axis: a randomized, double-blind, placebo-controlled trial","Li J, Li Y, Zhao J, Li L, Wang Y, Chen F, Li Y, Cheng R, He F, Ze X, Shen X.","Eur J Nutr. 2024 Oct;63(7):2567-2585. doi: 10.1007/s00394-024-03447-2. Epub 2024 Jun 13.","Li J","Eur J Nutr","2024","2024/06/13","","","10.1007/s00394-024-03447-2"
"38889540","Treating chronic stress and chronic pain by manipulating gut microbiota with diet: can we kill two birds with one stone?","Costa A, Lucarini E.","Nutr Neurosci. 2024 Jun 18:1-24. doi: 10.1080/1028415X.2024.2365021. Online ahead of print.","Costa A","Nutr Neurosci","2024","2024/06/18","","","10.1080/1028415X.2024.2365021"
"38479554","Social isolation induces intestinal barrier disorder and imbalances gut microbiota in mice","Wang Y, Ullah H, Deng T, Ren X, Zhao Z, Xin Y, Qiu J.","Neurosci Lett. 2024 Mar 15;826:137714. doi: 10.1016/j.neulet.2024.137714. Epub 2024 Mar 11.","Wang Y","Neurosci Lett","2024","2024/03/13","","","10.1016/j.neulet.2024.137714"
"39237483","Temperament in Early Childhood Is Associated With Gut Microbiota Composition and Diversity","Ueda E, Matsunaga M, Fujihara H, Kajiwara T, Takeda AK, Watanabe S, Hagihara K, Myowa M.","Dev Psychobiol. 2024 Nov;66(7):e22542. doi: 10.1002/dev.22542.","Ueda E","Dev Psychobiol","2024","2024/09/05","","","10.1002/dev.22542"
"38801922","The impact of depression-mediated gut microbiota composition on Irritable Bowel Syndrome: A Mendelian study","Huang Y, Zheng E, Hu M, Yang X, Lan Q, Yu Y, Xu B.","J Affect Disord. 2024 Sep 1;360:15-25. doi: 10.1016/j.jad.2024.05.119. Epub 2024 May 25.","Huang Y","J Affect Disord","2024","2024/05/27","","","10.1016/j.jad.2024.05.119"
"38848976","Deciphering the gut microbiota's (Coprococcus and Subdoligranulum) impact on depression: Network pharmacology and molecular dynamics simulation","Sabarathinam S.","Pharmacol Biochem Behav. 2024 Aug;241:173805. doi: 10.1016/j.pbb.2024.173805. Epub 2024 Jun 5.","Sabarathinam S","Pharmacol Biochem Behav","2024","2024/06/07","","","10.1016/j.pbb.2024.173805"
"38732043","Nutraceuticals in Psychiatric Disorders: A Systematic Review","Bozzatello P, Novelli R, Montemagni C, Rocca P, Bellino S.","Int J Mol Sci. 2024 Apr 28;25(9):4824. doi: 10.3390/ijms25094824.","Bozzatello P","Int J Mol Sci","2024","2024/05/11","PMC11084672","","10.3390/ijms25094824"
"36271691","Unveiling of dietary and gut-microbiota derived B vitamins: Metabolism patterns and their synergistic functions in gut-brain homeostasis","Zhan Q, Wang R, Thakur K, Feng JY, Zhu YY, Zhang JG, Wei ZJ.","Crit Rev Food Sci Nutr. 2024;64(13):4046-4058. doi: 10.1080/10408398.2022.2138263. Epub 2022 Oct 22.","Zhan Q","Crit Rev Food Sci Nutr","2024","2022/10/22","","","10.1080/10408398.2022.2138263"
"38892645","Explorative Characterization of GI Complaints, General Physical and Mental Wellbeing, and Gut Microbiota in Trained Recreative and Competitive Athletes with or without Self-Reported Gastrointestinal Symptoms","Wardenaar FC, Mohr AE, Ortega-Santos CP, Nyakayiru J, Kersch-Counet C, Chan Y, Clear AM, Kurka J, Schott KD, Seltzer RGN.","Nutrients. 2024 May 30;16(11):1712. doi: 10.3390/nu16111712.","Wardenaar FC","Nutrients","2024","2024/06/19","PMC11174857","","10.3390/nu16111712"
"39063241","Opioid Use and Gut Dysbiosis in Cancer Pain Patients","Coluzzi F, Scerpa MS, Loffredo C, Borro M, Pergolizzi JV, LeQuang JA, Alessandri E, Simmaco M, Rocco M.","Int J Mol Sci. 2024 Jul 22;25(14):7999. doi: 10.3390/ijms25147999.","Coluzzi F","Int J Mol Sci","2024","2024/07/27","PMC11276997","","10.3390/ijms25147999"
"38351227","Systematic identification of the role of gut microbiota in mental disorders: a TwinsUK cohort study","Delanote J, Correa Rojo A, Wells PM, Steves CJ, Ertaylan G.","Sci Rep. 2024 Feb 13;14(1):3626. doi: 10.1038/s41598-024-53929-w.","Delanote J","Sci Rep","2024","2024/02/13","PMC10864280","","10.1038/s41598-024-53929-w"
"39337263","Prenatal Stress and Ethanol Exposure: Microbiota-Induced Immune Dysregulation and Psychiatric Risks","Camarini R, Marianno P, Hanampa-Maquera M, Oliveira SDS, Câmara NOS.","Int J Mol Sci. 2024 Sep 10;25(18):9776. doi: 10.3390/ijms25189776.","Camarini R","Int J Mol Sci","2024","2024/09/28","PMC11431796","","10.3390/ijms25189776"
"38613087","The Power of Psychobiotics in Depression: A Modern Approach through the Microbiota-Gut-Brain Axis: A Literature Review","Dziedzic A, Maciak K, Bliźniewska-Kowalska K, Gałecka M, Kobierecka W, Saluk J.","Nutrients. 2024 Apr 4;16(7):1054. doi: 10.3390/nu16071054.","Dziedzic A","Nutrients","2024","2024/04/13","PMC11013390","","10.3390/nu16071054"
"38776563","Microbiota-brain axis: Exploring the role of gut microbiota in psychiatric disorders - A comprehensive review","Singh J, Vanlallawmzuali, Singh A, Biswal S, Zomuansangi R, Lalbiaktluangi C, Singh BP, Singh PK, Vellingiri B, Iyer M, Ram H, Udey B, Yadav MK.","Asian J Psychiatr. 2024 Jul;97:104068. doi: 10.1016/j.ajp.2024.104068. Epub 2024 May 7.","Singh J","Asian J Psychiatr","2024","2024/05/22","","","10.1016/j.ajp.2024.104068"
"39027446","Potential role of gut microbiota in major depressive disorder: A review","Khaledi M, Sameni F, Gholipour A, Shahrjerdi S, Golmohammadi R, Gouvarchin Ghaleh HE, Poureslamfar B, Hemmati J, Mobarezpour N, Milasi YE, Rad F, Mehboodi M, Owlia P.","Heliyon. 2024 Jun 15;10(12):e33157. doi: 10.1016/j.heliyon.2024.e33157. eCollection 2024 Jun 30.","Khaledi M","Heliyon","2024","2024/07/19","PMC11254604","","10.1016/j.heliyon.2024.e33157"
"38879123","Associations between specific dietary patterns, gut microbiome composition, and incident subthreshold depression in Chinese young adults","Jiang X, Wang X, Zhang M, Yu L, He J, Wu S, Yan J, Zheng Y, Zhou Y, Chen Y.","J Adv Res. 2024 Nov;65:183-195. doi: 10.1016/j.jare.2024.05.030. Epub 2024 Jun 13.","Jiang X","J Adv Res","2024","2024/06/15","PMC11518947","","10.1016/j.jare.2024.05.030"
"39203714","Effects of Dietary Fiber, Phenolic Compounds, and Fatty Acids on Mental Health: Possible Interactions with Genetic and Epigenetic Aspects","Lutz M, Moya PR, Gallorio S, Ríos U, Arancibia M.","Nutrients. 2024 Aug 6;16(16):2578. doi: 10.3390/nu16162578.","Lutz M","Nutrients","2024","2024/08/29","PMC11356825","","10.3390/nu16162578"
"39029984","Therapeutic potential of CBD in Autism Spectrum Disorder","Pedrazzi JFC, Hassib L, Ferreira FR, Hallak JC, Del-Bel E, Crippa JA.","Int Rev Neurobiol. 2024;177:149-203. doi: 10.1016/bs.irn.2024.05.002. Epub 2024 Jun 29.","Pedrazzi JFC","Int Rev Neurobiol","2024","2024/07/19","","","10.1016/bs.irn.2024.05.002"
"39426041","Comparative analysis of gut microbiota in major depressive disorder and schizophrenia during hospitalisation - the case-control, post hoc study","Misera A, Kaczmarczyk M, Łoniewski I, Liśkiewicz P, Podsiadło K, Misiak B, Skonieczna-Żydecka K, Samochowiec J.","Psychoneuroendocrinology. 2024 Oct 10;171:107208. doi: 10.1016/j.psyneuen.2024.107208. Online ahead of print.","Misera A","Psychoneuroendocrinology","2024","2024/10/19","","","10.1016/j.psyneuen.2024.107208"
"38660662","Causal roles of gut microbiota in cholangiocarcinoma etiology suggested by genetic study","Chen ZT, Ding CC, Chen KL, Gu YJ, Lu CC, Li QY.","World J Gastrointest Oncol. 2024 Apr 15;16(4):1319-1333. doi: 10.4251/wjgo.v16.i4.1319.","Chen ZT","World J Gastrointest Oncol","2024","2024/04/25","PMC11037042","","10.4251/wjgo.v16.i4.1319"
"38589422","Transplantation of gut microbiota derived from patients with schizophrenia induces schizophrenia-like behaviors and dysregulated brain transcript response in mice","Wei N, Ju M, Su X, Zhang Y, Huang Y, Rao X, Cui L, Lin Z, Dong Y.","Schizophrenia (Heidelb). 2024 Apr 8;10(1):44. doi: 10.1038/s41537-024-00460-6.","Wei N","Schizophrenia (Heidelb)","2024","2024/04/08","PMC11001608","","10.1038/s41537-024-00460-6"
"38983862","Current landscape of fecal microbiota transplantation in treating depression","Zhang Q, Bi Y, Zhang B, Jiang Q, Mou CK, Lei L, Deng Y, Li Y, Yu J, Liu W, Zhao J.","Front Immunol. 2024 Jun 25;15:1416961. doi: 10.3389/fimmu.2024.1416961. eCollection 2024.","Zhang Q","Front Immunol","2024","2024/07/10","PMC11231080","","10.3389/fimmu.2024.1416961"
"39015337","Investigations of microbiota composition and neuroactive pathways in association with symptoms of stress and depression in a cohort of healthy women","Bashir Z, Hugerth LW, Krog MC, Prast-Nielsen S, Edfeldt G, Boulund F, Schacht SR, Tetens I, Engstrand L, Schuppe-Koistinen I, Fransson E, Nielsen HS.","Front Cell Infect Microbiol. 2024 Jul 2;14:1324794. doi: 10.3389/fcimb.2024.1324794. eCollection 2024.","Bashir Z","Front Cell Infect Microbiol","2024","2024/07/17","PMC11249552","","10.3389/fcimb.2024.1324794"
"39134099","Contrasting the pharmacokinetic performance and gut microbiota effects of an amorphous solid dispersion and lipid nanoemulsion for a poorly water-soluble anti-psychotic","Meola TR, Kamath S, Elz AS, Prestidge CA, Wignall A, Joyce P.","Eur J Pharm Biopharm. 2024 Oct;203:114453. doi: 10.1016/j.ejpb.2024.114453. Epub 2024 Aug 10.","Meola TR","Eur J Pharm Biopharm","2024","2024/08/12","","","10.1016/j.ejpb.2024.114453"
"38283894","A comparison between children and adolescents with autism spectrum disorders and healthy controls in biomedical factors, trace elements, and microbiota biomarkers: a meta-analysis","Lin P, Zhang Q, Sun J, Li Q, Li D, Zhu M, Fu X, Zhao L, Wang M, Lou X, Chen Q, Liang K, Zhu Y, Qu C, Li Z, Ma P, Wang R, Liu H, Dong K, Guo X, Cheng X, Sun Y, Sun J.","Front Psychiatry. 2024 Jan 9;14:1318637. doi: 10.3389/fpsyt.2023.1318637. eCollection 2023.","Lin P","Front Psychiatry","2024","2024/01/29","PMC10813399","","10.3389/fpsyt.2023.1318637"
"37071196","Development of the gut microbiota in the first 14 years of life and its relations to internalizing and externalizing difficulties and social anxiety during puberty","Ou Y, Belzer C, Smidt H, de Weerth C.","Eur Child Adolesc Psychiatry. 2024 Mar;33(3):847-860. doi: 10.1007/s00787-023-02205-9. Epub 2023 Apr 18.","Ou Y","Eur Child Adolesc Psychiatry","2024","2023/04/18","PMC10894087","","10.1007/s00787-023-02205-9"
"38707924","The influence of the gut-brain axis on anxiety and depression: A review of the literature on the use of probiotics","Ferrari S, Mulè S, Parini F, Galla R, Ruga S, Rosso G, Brovero A, Molinari C, Uberti F.","J Tradit Complement Med. 2024 Mar 21;14(3):237-255. doi: 10.1016/j.jtcme.2024.03.011. eCollection 2024 May.","Ferrari S","J Tradit Complement Med","2024","2024/05/06","PMC11069002","","10.1016/j.jtcme.2024.03.011"
"38525261","Impact of dietary fiber on gut microbiota composition, function and gut-brain-modules in healthy adults - a systematic review protocol","Lachmansingh DA, Valderrama B, Bastiaanssen T, Cryan J, Clarke G, Lavelle A.","HRB Open Res. 2024 Feb 26;6:62. doi: 10.12688/hrbopenres.13794.2. eCollection 2023.","Lachmansingh DA","HRB Open Res","2024","2024/03/25","PMC10958149","","10.12688/hrbopenres.13794.2"
"37879416","Depression-like phenotypes in mice with hepatic ischemia/reperfusion injury: A role of gut-microbiota-liver-brain axis via vagus nerve","Yang Y, Eguchi A, Wan X, Mori C, Hashimoto K.","J Affect Disord. 2024 Jan 15;345:157-167. doi: 10.1016/j.jad.2023.10.142. Epub 2023 Oct 24.","Yang Y","J Affect Disord","2024","2023/10/25","","","10.1016/j.jad.2023.10.142"
"38350463","Gut production of GABA by a probiotic formula: an in vitro study","Casertano M, Fryganas C, Valentino V, Troise AD, Vitaglione P, Fogliano V, Ercolini D.","Benef Microbes. 2024 Jan 4;15(1):67-81. doi: 10.1163/18762891-20230025.","Casertano M","Benef Microbes","2024","2024/02/13","","","10.1163/18762891-20230025"
"39021622","Baseline gut microbiota profiles affect treatment response in patients with depression","Xie Y, Zhu H, Yuan Y, Guan X, Xie Q, Dong Z.","Front Microbiol. 2024 Jul 3;15:1429116. doi: 10.3389/fmicb.2024.1429116. eCollection 2024.","Xie Y","Front Microbiol","2024","2024/07/18","PMC11251908","","10.3389/fmicb.2024.1429116"
"39203794","Effects of Physical Exercise on the Microbiota in Irritable Bowel Syndrome","Li C, Li J, Zhou Q, Wang C, Hu J, Liu C.","Nutrients. 2024 Aug 11;16(16):2657. doi: 10.3390/nu16162657.","Li C","Nutrients","2024","2024/08/29","PMC11356817","","10.3390/nu16162657"
"38565567","Gamma-aminobutyric acid as a potential postbiotic mediator in the gut-brain axis","Braga JD, Thongngam M, Kumrungsee T.","NPJ Sci Food. 2024 Apr 2;8(1):16. doi: 10.1038/s41538-024-00253-2.","Braga JD","NPJ Sci Food","2024","2024/04/02","PMC10987602","","10.1038/s41538-024-00253-2"
"39065244","Gut Microbiota Composition Is Causally Linked to Multiple Sclerosis: A Mendelian Randomization Analysis","Zancan V, Nasello M, Bigi R, Reniè R, Buscarinu MC, Mechelli R, Ristori G, Salvetti M, Bellucci G.","Microorganisms. 2024 Jul 19;12(7):1476. doi: 10.3390/microorganisms12071476.","Zancan V","Microorganisms","2024","2024/07/27","PMC11278727","","10.3390/microorganisms12071476"
"38903788","Investigating the effects of radiation, T cell depletion, and bone marrow transplantation on murine gut microbiota","Kreisinger J, Dooley J, Singh K, Čížková D, Schmiedová L, Bendová B, Liston A, Moudra A.","Front Microbiol. 2024 Jun 5;15:1324403. doi: 10.3389/fmicb.2024.1324403. eCollection 2024.","Kreisinger J","Front Microbiol","2024","2024/06/21","PMC11188301","","10.3389/fmicb.2024.1324403"
"38405047","Depression and the Aberrant Intestinal Microbiome","Kopera AF, Khiew YC, Amer Alsamman M, Mattar MC, Olsen RS, Doman DB.","Gastroenterol Hepatol (N Y). 2024 Jan;20(1):30-40.","Kopera AF","Gastroenterol Hepatol (N Y)","2024","2024/02/26","PMC10885418","",""
"38875919","Antibiotic exposure and depression incidence: A cohort study of the Korean population","Lee J, Park SJ, Choi S, Chang J, Park YJ, Jeong S, Son JS, Lee G, Ahn JC, Kim JA, Park SM.","Psychiatry Res. 2024 Sep;339:115992. doi: 10.1016/j.psychres.2024.115992. Epub 2024 May 29.","Lee J","Psychiatry Res","2024","2024/06/14","","","10.1016/j.psychres.2024.115992"
"39125364","Maternal Fiber Intake and Perinatal Depression and Anxiety","Ebrahimi N, Turner T, Gallant F, Chandrakumar A, Kohli R, Lester R, Forte V, Cooley K.","Nutrients. 2024 Jul 31;16(15):2484. doi: 10.3390/nu16152484.","Ebrahimi N","Nutrients","2024","2024/08/10","PMC11313952","","10.3390/nu16152484"
"38748594","Microbiota transplantation in restoring cesarean-related infant dysbiosis: a new frontier","Liu S, Luo X, Zhou L, Xie RH, He Y.","Gut Microbes. 2024 Jan-Dec;16(1):2351503. doi: 10.1080/19490976.2024.2351503. Epub 2024 May 15.","Liu S","Gut Microbes","2024","2024/05/15","PMC11318963","","10.1080/19490976.2024.2351503"
"39187187","Is anxiety and depression transmissible? Depressed mother rats transmit anxiety- and depression-like phenotypes to cohabited rat pups through gut microbiota assimilation","Zhang H, Wei H, Qin X, Song H, Yang M, Zhang L, Liu Y, Wang Z, Zhang Y, Lai Y, Yang J, Chen Y, Chen Z, Zeng J, Wang X, Liu R.","J Affect Disord. 2024 Dec 1;366:124-135. doi: 10.1016/j.jad.2024.08.164. Epub 2024 Aug 24.","Zhang H","J Affect Disord","2024","2024/08/26","","","10.1016/j.jad.2024.08.164"
"38350544","Exploring environmental exposomes and the gut-brain nexus: Unveiling the impact of pesticide exposure","Khoo SC, Zhang N, Luang-In V, Goh MS, Sonne C, Ma NL.","Environ Res. 2024 Jun 1;250:118441. doi: 10.1016/j.envres.2024.118441. Epub 2024 Feb 11.","Khoo SC","Environ Res","2024","2024/02/13","","","10.1016/j.envres.2024.118441"
"38226944","Gut microbiota composition may be an indicator of erectile dysfunction","Qiao Y, Chen J, Jiang Y, Zhang Z, Wang H, Liu T, Yang Z, Fu G, Chen Y.","Microb Biotechnol. 2024 Jan;17(1):e14403. doi: 10.1111/1751-7915.14403. Epub 2024 Jan 16.","Qiao Y","Microb Biotechnol","2024","2024/01/16","PMC10832513","","10.1111/1751-7915.14403"
"39339649","Nutraceutical Capsules LL1 and Silymarin Supplementation Act on Mood and Sleep Quality Perception by Microbiota-Gut-Brain Axis: A Pilot Clinical Study","Santamarina AB, Nehmi Filho V, Freitas JA, Franco LAM, Fonseca JV, Martins RC, Turri JAO, Silva BFRBD, Gusmão AF, Olivieri EHR, Otoch JP, Pessoa AFM.","Nutrients. 2024 Sep 10;16(18):3049. doi: 10.3390/nu16183049.","Santamarina AB","Nutrients","2024","2024/09/28","PMC11435014","","10.3390/nu16183049"
"39121711","The gut-microbiome in adult Attention-deficit/hyperactivity disorder - A Meta-analysis","Jakobi B, Vlaming P, Mulder D, Ribases M, Richarte V, Ramos-Quiroga JA, Tendolkar I, van Eijndhoven P, Vrijsen JN, Buitelaar J, Franke B, Hoogman M, Bloemendaal M, Arias-Vasquez A.","Eur Neuropsychopharmacol. 2024 Nov;88:21-29. doi: 10.1016/j.euroneuro.2024.07.004. Epub 2024 Aug 8.","Jakobi B","Eur Neuropsychopharmacol","2024","2024/08/09","","","10.1016/j.euroneuro.2024.07.004"
"39195546","Alterations in Vagal Tone Are Associated with Changes in the Gut Microbiota of Adults with Anxiety and Depression Symptoms: Analysis of Fecal Metabolite Profiles","Pasqualette L, Fidalgo TKDS, Freitas-Fernandes LB, Souza GGL, Imbiriba LA, Lobo LA, Volchan E, Domingues RMCP, Valente AP, Miranda KR.","Metabolites. 2024 Aug 15;14(8):450. doi: 10.3390/metabo14080450.","Pasqualette L","Metabolites","2024","2024/08/28","PMC11356408","","10.3390/metabo14080450"
"39247907","Modifications in the Composition of the Gut Microbiota in Rats Induced by Chronic Sleep Deprivation: Potential Relation to Mental Disorders","Zheng LM, Li Y.","Nat Sci Sleep. 2024 Sep 4;16:1313-1325. doi: 10.2147/NSS.S476691. eCollection 2024.","Zheng LM","Nat Sci Sleep","2024","2024/09/09","PMC11380879","","10.2147/NSS.S476691"
"38852801","Levilactobacillus brevis SG031 modulates mood-related behaviors and attenuates stress-related sleep disturbance and autonomic dysfunction via gut microbiota modulation in Wistar-Kyoto rats","Chen CW, Chen HC, She SC, Lai CT, Chen WJ, Kuo TBJ, Yang CCH.","Life Sci. 2024 Aug 15;351:122804. doi: 10.1016/j.lfs.2024.122804. Epub 2024 Jun 7.","Chen CW","Life Sci","2024","2024/06/09","","","10.1016/j.lfs.2024.122804"
"38959253","Perturbations in gut microbiota composition in schizophrenia","Wang Y, Bi S, Li X, Zhong Y, Qi D.","PLoS One. 2024 Jul 3;19(7):e0306582. doi: 10.1371/journal.pone.0306582. eCollection 2024.","Wang Y","PLoS One","2024","2024/07/03","PMC11221673","","10.1371/journal.pone.0306582"
"38663221","Effects of antipsychotics on the gastrointestinal microbiota: A systematic review","Dias MF, Nogueira YJA, Romano-Silva MA, Marques de Miranda D.","Psychiatry Res. 2024 Jun;336:115914. doi: 10.1016/j.psychres.2024.115914. Epub 2024 Apr 16.","Dias MF","Psychiatry Res","2024","2024/04/25","","","10.1016/j.psychres.2024.115914"
"39331265","Identification of hsa-miR-193a-5p-SURF4 axis related to the gut microbiota-metabolites- cytokines in lung cancer based on Mendelian randomization study and bioinformatics analysis","Yu J, Meng S, Xuan T, Wang Z, Qu L, Cao F, Li J.","Discov Oncol. 2024 Sep 27;15(1):475. doi: 10.1007/s12672-024-01359-5.","Yu J","Discov Oncol","2024","2024/09/27","PMC11436685","","10.1007/s12672-024-01359-5"
"39458509","Gut-Brain Axis and Psychopathology: Exploring the Impact of Diet with a Focus on the Low-FODMAP Approach","Ribichini E, Scalese G, Mocci C, Severi C.","Nutrients. 2024 Oct 17;16(20):3515. doi: 10.3390/nu16203515.","Ribichini E","Nutrients","2024","2024/10/26","PMC11510627","","10.3390/nu16203515"
"39291634","A randomized, double-blind, placebo-controlled parallel trial to test the effect of inulin supplementation on migraine headache characteristics, quality of life and mental health symptoms in women with migraine","Vajdi M, Khorvash F, Askari G.","Food Funct. 2024 Sep 30;15(19):10088-10098. doi: 10.1039/d4fo02796e.","Vajdi M","Food Funct","2024","2024/09/18","","","10.1039/d4fo02796e"
"38332676","Repeated (S)-ketamine administration ameliorates the spatial working memory impairment in mice with chronic pain: role of the gut microbiota-brain axis","Jiang Y, Wang X, Chen J, Zhang Y, Hashimoto K, Yang JJ, Zhou Z.","Gut Microbes. 2024 Jan-Dec;16(1):2310603. doi: 10.1080/19490976.2024.2310603. Epub 2024 Feb 8.","Jiang Y","Gut Microbes","2024","2024/02/09","PMC10860353","","10.1080/19490976.2024.2310603"
"38847603","Comparative analysis of pectin and prebiotics on human microbiota modulation in early life stages and adults","Donadio JLS, Fabi JP.","Food Funct. 2024 Jul 1;15(13):6825-6846. doi: 10.1039/d4fo01231c.","Donadio JLS","Food Funct","2024","2024/06/07","","","10.1039/d4fo01231c"
"38928361","A Narrative Review of Intestinal Microbiota's Impact on Migraine with Psychopathologies","Francavilla M, Facchetti S, Demartini C, Zanaboni AM, Amoroso C, Bottiroli S, Tassorelli C, Greco R.","Int J Mol Sci. 2024 Jun 17;25(12):6655. doi: 10.3390/ijms25126655.","Francavilla M","Int J Mol Sci","2024","2024/06/27","PMC11203823","","10.3390/ijms25126655"
"39267834","Changes in the gut microbiota of esophageal carcinoma patients based on 16S rRNA gene sequencing: a systematic review and meta-analysis","Zhang L, Li D, Zhang Y, Hu W, Lv H, Zhang X, Zhang H.","Front Oncol. 2024 Aug 29;14:1366975. doi: 10.3389/fonc.2024.1366975. eCollection 2024.","Zhang L","Front Oncol","2024","2024/09/13","PMC11390416","","10.3389/fonc.2024.1366975"
"38974216","Vitamin-mediated interaction between the gut microbiome and mitochondria in depression: A systematic review-based integrated perspective","Bisle E, Varadarajan S, Kolassa IT.","Brain Behav Immun Health. 2024 May 10;38:100790. doi: 10.1016/j.bbih.2024.100790. eCollection 2024 Jul.","Bisle E","Brain Behav Immun Health","2024","2024/07/08","PMC11225645","","10.1016/j.bbih.2024.100790"
"38401573","A role of gut-brain axis on prophylactic actions of arketamine in male mice exposed to chronic restrain stress","Ma L, Eguchi A, Liu G, Qu Y, Wan X, Murayama R, Mori C, Hashimoto K.","Pharmacol Biochem Behav. 2024 May;238:173736. doi: 10.1016/j.pbb.2024.173736. Epub 2024 Feb 23.","Ma L","Pharmacol Biochem Behav","2024","2024/02/24","","","10.1016/j.pbb.2024.173736"
"38722169","Preface: Special issue: ""Ion channels and genetic epilepsy""","Reid CA.","J Neurochem. 2024 May 9. doi: 10.1111/jnc.16121. Online ahead of print.","Reid CA","J Neurochem","2024","2024/05/09","","","10.1111/jnc.16121"
"38222911","The functional roles of short chain fatty acids as postbiotics in human gut: future perspectives","Ragavan ML, Hemalatha S.","Food Sci Biotechnol. 2023 Aug 28;33(2):275-285. doi: 10.1007/s10068-023-01414-x. eCollection 2024 Jan.","Ragavan ML","Food Sci Biotechnol","2023","2024/01/15","PMC10786766","","10.1007/s10068-023-01414-x"
"38756585","The gut-brain-axis: A positive relationship between gut microbial dysbiosis and glioblastoma brain tumour","Ishaq HM, Yasin R, Mohammad IS, Fan Y, Li H, Shahzad M, Xu J.","Heliyon. 2024 Apr 30;10(9):e30494. doi: 10.1016/j.heliyon.2024.e30494. eCollection 2024 May 15.","Ishaq HM","Heliyon","2024","2024/05/17","PMC11096965","","10.1016/j.heliyon.2024.e30494"
"38247868","Psychiatric Comorbidities of Inflammatory Bowel Disease: It Is a Matter of Microglia's Gut Feeling","Fakhfouri G, Mijailović NR, Rahimian R.","Cells. 2024 Jan 17;13(2):177. doi: 10.3390/cells13020177.","Fakhfouri G","Cells","2024","2024/01/22","PMC10814793","","10.3390/cells13020177"
"38606411","Markers of intestinal barrier damage in patients with chronic insomnia disorder","Cai Y, Gong D, Xiang T, Zhang X, Pan J.","Front Psychiatry. 2024 Mar 28;15:1373462. doi: 10.3389/fpsyt.2024.1373462. eCollection 2024.","Cai Y","Front Psychiatry","2024","2024/04/12","PMC11007705","","10.3389/fpsyt.2024.1373462"
"38273106","Human microbiota from drug-naive patients with obsessive-compulsive disorder drives behavioral symptoms and neuroinflammation via succinic acid in mice","Zhang YD, Shi DD, Liao BB, Li Y, Zhang S, Gao J, Lin LJ, Wang Z.","Mol Psychiatry. 2024 Jun;29(6):1782-1797. doi: 10.1038/s41380-024-02424-9. Epub 2024 Jan 25.","Zhang YD","Mol Psychiatry","2024","2024/01/25","","","10.1038/s41380-024-02424-9"
"38792361","The Potential Role of the Ketogenic Diet in Serious Mental Illness: Current Evidence, Safety, and Practical Advice","Rog J, Wingralek Z, Nowak K, Grudzień M, Grunwald A, Banaszek A, Karakula-Juchnowicz H.","J Clin Med. 2024 May 10;13(10):2819. doi: 10.3390/jcm13102819.","Rog J","J Clin Med","2024","2024/05/25","PMC11122005","","10.3390/jcm13102819"
"38327077","Metagenomic Analysis Reveals Difference of Gut Microbiota in ADHD","Wang N, Wang H, Bai Y, Zhao Y, Zheng X, Gao X, Zhang Z, Yang L.","J Atten Disord. 2024 Mar;28(5):872-879. doi: 10.1177/10870547231225491. Epub 2024 Feb 7.","Wang N","J Atten Disord","2024","2024/02/08","","","10.1177/10870547231225491"
"36877601","The role of vitamin D in depression and anxiety disorders: a review of the literature","Renteria K, Nguyen H, Koh GY.","Nutr Neurosci. 2024 Mar;27(3):262-270. doi: 10.1080/1028415X.2023.2186318. Epub 2023 Mar 6.","Renteria K","Nutr Neurosci","2024","2023/03/06","","","10.1080/1028415X.2023.2186318"
"39158758","The Antidepressant- and Anxiolytic-Like Effects of the Phosphodiesterase Type-5 Inhibitor Tadalafil are Associated with the Modulation of the Gut-Brain Axis During CNS Autoimmunity","Duarte-Silva E, Oriá AC, Mendonça IP, Paiva IHR, Leuthier Dos Santos K, Sales AJ, de Souza JRB, Maes M, Meuth SG, Peixoto CA.","J Neuroimmune Pharmacol. 2024 Aug 19;19(1):45. doi: 10.1007/s11481-024-10148-4.","Duarte-Silva E","J Neuroimmune Pharmacol","2024","2024/08/19","","","10.1007/s11481-024-10148-4"
"38650872","The emerging roles of microbiota-derived extracellular vesicles in psychiatric disorders","Guo C, Bai Y, Li P, He K.","Front Microbiol. 2024 Apr 8;15:1383199. doi: 10.3389/fmicb.2024.1383199. eCollection 2024.","Guo C","Front Microbiol","2024","2024/04/23","PMC11033316","","10.3389/fmicb.2024.1383199"
"38331354","Depression-like phenotypes in mice following common bile duct ligation: Insights into the gut-liver-brain axis via the vagus nerve","Yang Y, Eguchi A, Mori C, Hashimoto K.","Neurobiol Dis. 2024 Mar;192:106433. doi: 10.1016/j.nbd.2024.106433. Epub 2024 Feb 7.","Yang Y","Neurobiol Dis","2024","2024/02/08","","","10.1016/j.nbd.2024.106433"
"38317780","Gut microbiota regulate stress resistance by influencing microglia-neuron interactions in the hippocampus","He H, He H, Mo L, Yuan Q, Xiao C, Ma Q, Yi S, Zhou T, You Z, Zhang J.","Brain Behav Immun Health. 2024 Jan 23;36:100729. doi: 10.1016/j.bbih.2024.100729. eCollection 2024 Mar.","He H","Brain Behav Immun Health","2024","2024/02/06","PMC10840119","","10.1016/j.bbih.2024.100729"
"39303815","Metformin reprograms tryptophan metabolism via gut microbiome-derived bile acid metabolites to ameliorate depression-Like behaviors in mice","Xie X, Li W, Xiong Z, Xu J, Liao T, Sun L, Xu H, Zhang M, Zhou J, Xiong W, Fu Z, Li Z, Han Q, Cui D, Anthony DC.","Brain Behav Immun. 2024 Sep 18;123:442-455. doi: 10.1016/j.bbi.2024.09.014. Online ahead of print.","Xie X","Brain Behav Immun","2024","2024/09/20","","","10.1016/j.bbi.2024.09.014"
"38606523","Current iron therapy in the light of regulation, intestinal microbiome, and toxicity: are we prescribing too much iron?","Dentand AL, Schubert MG, Krayenbuehl PA.","Crit Rev Clin Lab Sci. 2024 Apr 12:1-13. doi: 10.1080/10408363.2024.2331477. Online ahead of print.","Dentand AL","Crit Rev Clin Lab Sci","2024","2024/04/12","","","10.1080/10408363.2024.2331477"
"38463411","A Possible Role of Akkermansia muciniphila in the Treatment of Olanzapine-Induced Weight Gain","Bertossi F.","Cureus. 2024 Mar 7;16(3):e55733. doi: 10.7759/cureus.55733. eCollection 2024 Mar.","Bertossi F","Cureus","2024","2024/03/11","PMC10921070","","10.7759/cureus.55733"
"37574818","Ameliorative effect of Lactobacillus plantarum CCFM8661 on oleic acid-induced acne: integrated gut microbiota link to acne pathogenesis","Ai J, Ma W, Pan Z, Mao B, Tang X, Zhang Q, Zhao J, Chen W, Cui S.","J Sci Food Agric. 2024 Jan 15;104(1):328-339. doi: 10.1002/jsfa.12921. Epub 2023 Sep 4.","Ai J","J Sci Food Agric","2024","2023/08/14","","","10.1002/jsfa.12921"
"38944290","Splenic nerve denervation attenuates depression-like behaviors in Chrna7 knock-out mice via the spleen-gut-brain axis","Yang Y, Eguchi A, Mori C, Hashimoto K.","J Affect Disord. 2024 Oct 1;362:114-125. doi: 10.1016/j.jad.2024.06.091. Epub 2024 Jun 27.","Yang Y","J Affect Disord","2024","2024/06/29","","","10.1016/j.jad.2024.06.091"
"39199404","The Influence of Cecal Microbiota Transplantation on Chicken Injurious Behavior: Perspective in Human Neuropsychiatric Research","Fu Y, Cheng HW.","Biomolecules. 2024 Aug 16;14(8):1017. doi: 10.3390/biom14081017.","Fu Y","Biomolecules","2024","2024/08/29","PMC11352350","","10.3390/biom14081017"
"39163908","Gaba-producing lactobacilli boost cognitive reactivity to negative mood without improving cognitive performance: A human Double-Blind Placebo-Controlled Cross-Over study","Casertano M, Dekker M, Valentino V, De Filippis F, Fogliano V, Ercolini D.","Brain Behav Immun. 2024 Nov;122:256-265. doi: 10.1016/j.bbi.2024.08.029. Epub 2024 Aug 18.","Casertano M","Brain Behav Immun","2024","2024/08/20","","","10.1016/j.bbi.2024.08.029"
"39386896","Unveiling the gut microbiota blueprint of schizophrenia: a multilevel omics approach","Qi D, Liu P, Wang Y, Tai X, Ma S.","Front Psychiatry. 2024 Sep 25;15:1452604. doi: 10.3389/fpsyt.2024.1452604. eCollection 2024.","Qi D","Front Psychiatry","2024","2024/10/10","PMC11461293","","10.3389/fpsyt.2024.1452604"
"37995475","Guardians of Rest? Investigating the gut microbiota in central hypersomnolence disorders","Jezkova J, Sonka K, Kreisinger J, Prochazkova P, Tlaskalova-Hogenova H, Nevsimalova S, Buskova J, Merkova R, Dvorakova T, Prihodova I, Dostalova S, Roubalova R.","Sleep Med. 2024 Jan;113:95-102. doi: 10.1016/j.sleep.2023.11.024. Epub 2023 Nov 19.","Jezkova J","Sleep Med","2024","2023/11/23","","","10.1016/j.sleep.2023.11.024"
"39364125","Differences in the human gut microbiota with varying depressive symptom severity scores","Masamura Y, Kubo R, Midorikawa Y, Shinozaki NO, Watanabe S, Maekawa S, Takeda AK, Ohta T.","Biosci Microbiota Food Health. 2024;43(4):336-341. doi: 10.12938/bmfh.2023-049. Epub 2024 Jun 12.","Masamura Y","Biosci Microbiota Food Health","2024","2024/10/04","PMC11444865","","10.12938/bmfh.2023-049"
"38999739","Effectiveness of Psychobiotic Bifidobacterium breve BB05 in Managing Psychosomatic Diarrhea in College Students by Regulating Gut Microbiota: A Randomized, Double-Blind, Placebo-Controlled Trial","Wang Y, Wang Y, Ding K, Liu Y, Liu D, Chen W, Zhang X, Luo C, Zhang H, Xu T, Chen T.","Nutrients. 2024 Jun 22;16(13):1989. doi: 10.3390/nu16131989.","Wang Y","Nutrients","2024","2024/07/13","PMC11243164","","10.3390/nu16131989"
"38292207","Gut-Brain Axis Impact on Canine Anxiety Disorders: New Challenges for Behavioral Veterinary Medicine","Sacoor C, Marugg JD, Lima NR, Empadinhas N, Montezinho L.","Vet Med Int. 2024 Jan 23;2024:2856759. doi: 10.1155/2024/2856759. eCollection 2024.","Sacoor C","Vet Med Int","2024","2024/01/31","PMC10827376","","10.1155/2024/2856759"
"38963982","Jianpi Jiedu decoction suppresses colorectal cancer growth by inhibiting M2 polarization of TAMs through the tryptophan metabolism-AhR pathway","Chang Y, Ou Q, Zhou X, Nie K, Zheng P, Liu J, Chen L, Yan H, Guo D, Zhang S.","Int Immunopharmacol. 2024 Sep 10;138:112610. doi: 10.1016/j.intimp.2024.112610. Epub 2024 Jul 3.","Chang Y","Int Immunopharmacol","2024","2024/07/04","","","10.1016/j.intimp.2024.112610"
"38488514","Ginsenoside Rk3 Regulates Tryptophan Metabolism along the Brain-Gut Axis by Targeting Tryptophan Hydroxylase and Remodeling the Intestinal Microenvironment to Alleviate Depressive-Like Behavior in Mice","Shao J, Qu L, Liu Y, Zhang J, Liu Y, Deng J, Ma X, Fan D.","J Agric Food Chem. 2024 Apr 3;72(13):7100-7120. doi: 10.1021/acs.jafc.3c07599. Epub 2024 Mar 15.","Shao J","J Agric Food Chem","2024","2024/03/15","","","10.1021/acs.jafc.3c07599"
"38458803","Multicomponent (bio)markers for obesity risk prediction: a scoping review protocol","Vahid F, Dessenne C, Tur JA, Bouzas C, Devaux Y, Malisoux L, Monserrat-Mesquida M, Sureda A, Desai MS, Turner JD, Lamy E, Perez-Jimenez M, Ravn-Haren G, Andersen R, Forberger S, Nagrani R, Ouzzahra Y, Fontefrancesco MF, Onorati MG, Bonetti GG, de-Magistris T, Bohn T.","BMJ Open. 2024 Mar 8;14(3):e083558. doi: 10.1136/bmjopen-2023-083558.","Vahid F","BMJ Open","2024","2024/03/08","PMC10928751","","10.1136/bmjopen-2023-083558"
"39201866","Contributions of Artificial Intelligence to Analysis of Gut Microbiota in Autism Spectrum Disorder: A Systematic Review","Climent-Pérez P, Martínez-González AE, Andreo-Martínez P.","Children (Basel). 2024 Jul 31;11(8):931. doi: 10.3390/children11080931.","Climent-Pérez P","Children (Basel)","2024","2024/08/29","PMC11352523","","10.3390/children11080931"
"38857554","Dietary sulforaphane glucosinolate mitigates depression-like behaviors in mice with hepatic ischemia/reperfusion injury: A role of the gut-liver-brain axis","Yang Y, Eguchi A, Mori C, Hashimoto K.","J Psychiatr Res. 2024 Aug;176:129-139. doi: 10.1016/j.jpsychires.2024.06.005. Epub 2024 Jun 5.","Yang Y","J Psychiatr Res","2024","2024/06/10","","","10.1016/j.jpsychires.2024.06.005"
"39078446","Exploring the Potential of Probiotics and Prebiotics in Major Depression: From Molecular Function to Clinical Therapy","Yuan X, Chai J, Xu W, Zhao Y.","Probiotics Antimicrob Proteins. 2024 Jul 30. doi: 10.1007/s12602-024-10326-z. Online ahead of print.","Yuan X","Probiotics Antimicrob Proteins","2024","2024/07/30","","","10.1007/s12602-024-10326-z"
"38409102","Microbial composition, functionality, and stress resilience or susceptibility: unraveling sex-specific patterns","Tanelian A, Nankova B, Miari M, Sabban EL.","Biol Sex Differ. 2024 Feb 26;15(1):20. doi: 10.1186/s13293-024-00590-7.","Tanelian A","Biol Sex Differ","2024","2024/02/26","PMC10898170","","10.1186/s13293-024-00590-7"
"39461950","Microbial biomarker discovery in Parkinson's disease through a network-based approach","Zhao Z, Chen J, Zhao D, Chen B, Wang Q, Li Y, Chen J, Bai C, Guo X, Hu N, Zhang B, Zhao R, Yuan J.","NPJ Parkinsons Dis. 2024 Oct 26;10(1):203. doi: 10.1038/s41531-024-00802-2.","Zhao Z","NPJ Parkinsons Dis","2024","2024/10/27","PMC11513973","","10.1038/s41531-024-00802-2"
"39200093","Should Pregnant Women Consume Probiotics to Combat Endocrine-Disrupting Chemical-Induced Health Risks to Their Unborn Offspring?","Rosenfeld CS.","Biomedicines. 2024 Jul 23;12(8):1628. doi: 10.3390/biomedicines12081628.","Rosenfeld CS","Biomedicines","2024","2024/08/29","PMC11351870","","10.3390/biomedicines12081628"
"38959280","Pilot study assessing gut microbial diversity among sexual and gender minority young adults","Guy A, McAuliffe S, Cross R, Zhang Y, Kennedy RE, Estes NR, Giordano-Mooga S, Loyd C.","PLoS One. 2024 Jul 3;19(7):e0306638. doi: 10.1371/journal.pone.0306638. eCollection 2024.","Guy A","PLoS One","2024","2024/07/03","PMC11221641","","10.1371/journal.pone.0306638"
"38693730","Probiotics for Inflammatory Bowel Disease; A Deep Dive into their Impact on Disease Course and Associated Health Risks","Hassan WNM, Al-Kaabi MM, Akram NN, Kassim MAK, Pantazi AC.","Curr Med Chem. 2024;31(30):4807-4825. doi: 10.2174/0109298673314861240429072352.","Hassan WNM","Curr Med Chem","2024","2024/05/02","","","10.2174/0109298673314861240429072352"
"39293692","Depletion of the paternal gut microbiome alters sperm small RNAs and impacts offspring physiology and behavior in mice","Masson BA, Kiridena P, Lu D, Kleeman EA, Reisinger SN, Qin W, Davies WJ, Muralitharan RR, Jama HA, Antonacci S, Marques FZ, Gubert C, Hannan AJ.","Brain Behav Immun. 2024 Sep 16;123:290-305. doi: 10.1016/j.bbi.2024.09.020. Online ahead of print.","Masson BA","Brain Behav Immun","2024","2024/09/18","","","10.1016/j.bbi.2024.09.020"
"39134294","Agmatine modulation of gut-brain axis alleviates dysbiosis-induced depression-like behavior in rats","Rahangdale S, Deshmukh P, Sammeta S, Aglawe M, Kale M, Umekar M, Kotagale N, Taksande B.","Eur J Pharmacol. 2024 Oct 15;981:176884. doi: 10.1016/j.ejphar.2024.176884. Epub 2024 Aug 10.","Rahangdale S","Eur J Pharmacol","2024","2024/08/12","","","10.1016/j.ejphar.2024.176884"
"38968876","A further examination of growth factors, T helper 1 polarization, and the gut microbiome in major depression: Associations with reoccurrence of illness, cognitive functions, suicidal behaviors, and quality of life","Maes M, Zhou B, Vasupanrajit A, Jirakran K, Klomkliew P, Chanchaem P, Tunvirachaisakul C, Plaimas K, Suratanee A, Li J, Almulla AF, Payungporn S.","J Psychiatr Res. 2024 Aug;176:430-441. doi: 10.1016/j.jpsychires.2024.06.037. Epub 2024 Jun 29.","Maes M","J Psychiatr Res","2024","2024/07/05","","","10.1016/j.jpsychires.2024.06.037"
"39316970","Christensenella minuta mitigates behavioral and cardiometabolic hallmarks of social defeat stress","Agusti A, Molina-Mendoza GV, Tamayo M, Rossini V, Cenit MC, Frances-Cuesta C, Tolosa-Enguis V, Gómez Del Pulgar EM, Flor-Duro A, Sanz Y.","Biomed Pharmacother. 2024 Sep 23;180:117377. doi: 10.1016/j.biopha.2024.117377. Online ahead of print.","Agusti A","Biomed Pharmacother","2024","2024/09/24","","","10.1016/j.biopha.2024.117377"
"39422256","A gut-focused perinatal dietary intervention is associated with lower alpha diversity of the infant gut microbiota: results from a randomised controlled trial","Dawson SL, Clarke G, Ponsonby AL, Loughman A, Mohebbi M, Borge TC, O'Neil A, Vuillermin P, Tang MLK, Craig JM, Jacka FN.","Nutr Neurosci. 2024 Oct 18:1-15. doi: 10.1080/1028415X.2024.2413233. Online ahead of print.","Dawson SL","Nutr Neurosci","2024","2024/10/18","","","10.1080/1028415X.2024.2413233"
"38993577","Ageing, Cognitive Decline, and Effects of Physical Exercise: Complexities, and Considerations from Animal Models","Caruso MG, Nicolas S, Lucassen PJ, Mul JD, O'Leary OF, Nolan YM.","Brain Plast. 2024 May 14;9(1-2):43-73. doi: 10.3233/BPL-230157. eCollection 2024.","Caruso MG","Brain Plast","2024","2024/07/12","PMC11234681","","10.3233/BPL-230157"
"39033825","Core antibiotic resistance genes mediate gut microbiota to intervene in the treatment of major depressive disorder","Dong Z, Han K, Xie Q, Lin C, Shen X, Hao Y, Li J, Xu H, He L, Yu T, Kuang W.","J Affect Disord. 2024 Oct 15;363:507-519. doi: 10.1016/j.jad.2024.07.106. Epub 2024 Jul 19.","Dong Z","J Affect Disord","2024","2024/07/21","","","10.1016/j.jad.2024.07.106"
"38132705","Association of homelessness and diet on the gut microbiome: a United States-Veteran Microbiome Project (US-VMP) study","Hoisington AJ, Stearns-Yoder KA, Stamper CE, Holliday R, Brostow DP, Penzenik ME, Forster JE, Postolache TT, Lowry CA, Brenner LA.","mSystems. 2024 Jan 23;9(1):e0102123. doi: 10.1128/msystems.01021-23. Epub 2023 Dec 22.","Hoisington AJ","mSystems","2024","2023/12/22","PMC10804991","","10.1128/msystems.01021-23"
"38248533","Long-Term Impact of Childhood Adversity on the Gut Microbiome of Nursing Students","Kazemian N, Zhou T, Chalasani N, Narayan A, Cedeño Laurent JG, Olvera Alvarez HA, Pakpour S.","Int J Environ Res Public Health. 2024 Jan 8;21(1):68. doi: 10.3390/ijerph21010068.","Kazemian N","Int J Environ Res Public Health","2024","2024/01/22","PMC10815413","","10.3390/ijerph21010068"
"39371767","Exploring the Renoprotective Potential of Bioactive Nutraceuticals in Chronic Kidney Disease Progression: A Narrative Review","Ghosh A, Muley A, Bhat S, Ainapure A.","Cureus. 2024 Sep 5;16(9):e68730. doi: 10.7759/cureus.68730. eCollection 2024 Sep.","Ghosh A","Cureus","2024","2024/10/07","PMC11454842","","10.7759/cureus.68730"
"38381349","Adjunctive efficacy of Bifidobacterium animalis subsp. lactis XLTG11 for functional constipation in children","Chen K, Zhou Z, Nie Y, Cao Y, Yang P, Zhang Y, Xu P, Yu Q, Shen Y, Ma W, Jin S, Liu C.","Braz J Microbiol. 2024 Jun;55(2):1317-1330. doi: 10.1007/s42770-024-01276-3. Epub 2024 Feb 21.","Chen K","Braz J Microbiol","2024","2024/02/21","PMC11153453","","10.1007/s42770-024-01276-3"
"38863592","The effect of prebiotic and probiotic food consumption on anxiety severity: a nationwide study in Korea","Tae H, Kim TS.","Front Nutr. 2024 May 28;11:1385518. doi: 10.3389/fnut.2024.1385518. eCollection 2024.","Tae H","Front Nutr","2024","2024/06/12","PMC11165345","","10.3389/fnut.2024.1385518"
"38979127","Washed microbiota transplantation improves sleep quality in patients with sleep disorder by the gut-brain axis","He H, Li M, Qiu Y, Wu Z, Wu L.","Front Neurosci. 2024 Jun 24;18:1415167. doi: 10.3389/fnins.2024.1415167. eCollection 2024.","He H","Front Neurosci","2024","2024/07/09","PMC11228149","","10.3389/fnins.2024.1415167"
"39360531","The Mechanisms and Quality Markers of Anti-rheumatoid Arthritis of Traditional Chinese Medicine","Adu M, Qiu Y, Ma Q, Zhong G, Guo JZ, Wei R.","Comb Chem High Throughput Screen. 2024 Oct 2. doi: 10.2174/0113862073321827240918040737. Online ahead of print.","Adu M","Comb Chem High Throughput Screen","2024","2024/10/03","","","10.2174/0113862073321827240918040737"
"39121264","Bibliometric analysis of scientific outputs on psychobiotics: Strengthening the food and mood connection","Kaya M, Erdoğan Kaya A, Eskin F.","Medicine (Baltimore). 2024 Aug 9;103(32):e39238. doi: 10.1097/MD.0000000000039238.","Kaya M","Medicine (Baltimore)","2024","2024/08/09","PMC11315504","","10.1097/MD.0000000000039238"
"39126817","Interplay of yoga, physical activity, and probiotics in irritable bowel syndrome management: A double-blind randomized study","Chao WC, Huang JC, Young SL, Wu CL, Shih JC, Liao LD, Cheng B.","Complement Ther Clin Pract. 2024 Aug 6;57:101892. doi: 10.1016/j.ctcp.2024.101892. Online ahead of print.","Chao WC","Complement Ther Clin Pract","2024","2024/08/10","","","10.1016/j.ctcp.2024.101892"
"38806681","Temperature-dependent differences in mouse gut motility are mediated by stress","Han A, Hudson-Paz C, Robinson BG, Becker L, Jacobson A, Kaltschmidt JA, Garrison JL, Bhatt AS, Monack DM.","Lab Anim (NY). 2024 Jun;53(6):148-159. doi: 10.1038/s41684-024-01376-5. Epub 2024 May 28.","Han A","Lab Anim (NY)","2024","2024/05/28","PMC11147774","","10.1038/s41684-024-01376-5"
"38931307","Microbiome and Metabolite Analysis Insight into the Potential of Shrimp Head Hydrolysate to Alleviate Depression-like Behaviour in Growth-Period Mice Exposed to Chronic Stress","Hu L, Ye W, Deng Q, Wang C, Luo J, Huang L, Fang Z, Sun L, Gooneratne R.","Nutrients. 2024 Jun 19;16(12):1953. doi: 10.3390/nu16121953.","Hu L","Nutrients","2024","2024/06/27","PMC11206410","","10.3390/nu16121953"
"39360283","From gut to brain: unveiling probiotic effects through a neuroimaging perspective-A systematic review of randomized controlled trials","Crocetta A, Liloia D, Costa T, Duca S, Cauda F, Manuello J.","Front Nutr. 2024 Sep 18;11:1446854. doi: 10.3389/fnut.2024.1446854. eCollection 2024.","Crocetta A","Front Nutr","2024","2024/10/03","PMC11444994","","10.3389/fnut.2024.1446854"
"38866914","Elevated fecal calprotectin is associated with gut microbial dysbiosis, altered serum markers and clinical outcomes in older individuals","Heinzel S, Jureczek J, Kainulainen V, Nieminen AI, Suenkel U, von Thaler AK, Kaleta C, Eschweiler GW, Brockmann K, Aho VTE, Auvinen P, Maetzler W, Berg D, Scheperjans F.","Sci Rep. 2024 Jun 12;14(1):13513. doi: 10.1038/s41598-024-63893-0.","Heinzel S","Sci Rep","2024","2024/06/12","PMC11169261","","10.1038/s41598-024-63893-0"
"39392025","Microbiological bases of obsessive‑compulsive disorder - the role of viruses, bacteria, and parasites in the onset and progression of OCD","Januszewski J, Forma A, Kłodnicka K, Brachet A, Baj J.","Acta Neurobiol Exp (Wars). 2024 Oct 11;84(3):230-242. doi: 10.55782/ane-2024-2516.","Januszewski J","Acta Neurobiol Exp (Wars)","2024","2024/10/11","","","10.55782/ane-2024-2516"
"39346901","Supplementation with Lactobacillus helveticus NS8 alleviated behavioral, neural, endocrine, and microbiota abnormalities in an endogenous rat model of depression","Alatan H, Liang S, Shimodaira Y, Wu X, Hu X, Wang T, Luo J, Iijima K, Jin F.","Front Immunol. 2024 Sep 13;15:1407620. doi: 10.3389/fimmu.2024.1407620. eCollection 2024.","Alatan H","Front Immunol","2024","2024/09/30","PMC11428200","","10.3389/fimmu.2024.1407620"
"38613114","Mapping Treatment Advances in the Neurobiology of Binge Eating Disorder: A Concept Paper","Donnelly B, Hay P.","Nutrients. 2024 Apr 7;16(7):1081. doi: 10.3390/nu16071081.","Donnelly B","Nutrients","2024","2024/04/13","PMC11013212","","10.3390/nu16071081"
"38896988","Hyperglycemia and cognitive impairments anticipate the onset of an overt type 2 diabetes-like phenotype in TALLYHO/JngJ mice","Presta M, Zoratto F, Mulder D, Ottomana AM, Pisa E, Arias Vásquez A, Slattery DA, Glennon JC, Macrì S.","Psychoneuroendocrinology. 2024 Sep;167:107102. doi: 10.1016/j.psyneuen.2024.107102. Epub 2024 Jun 10.","Presta M","Psychoneuroendocrinology","2024","2024/06/19","","","10.1016/j.psyneuen.2024.107102"
"39089603","Enhanced cerebral blood flow similarity of the somatomotor network in chronic insomnia: Transcriptomic decoding, gut microbial signatures and phenotypic roles","Ma X, Li J, Yang Y, Qiu X, Sheng J, Han N, Wu C, Xu G, Jiang G, Tian J, Weng X, Wang J.","Neuroimage. 2024 Aug 15;297:120762. doi: 10.1016/j.neuroimage.2024.120762. Epub 2024 Jul 30.","Ma X","Neuroimage","2024","2024/08/01","","","10.1016/j.neuroimage.2024.120762"
"39456245","Altered Gut Microbiota Patterns in Young Children with Recent Maltreatment Exposure","Karaboycheva G, Conrad ML, Dörr P, Dittrich K, Murray E, Skonieczna-Żydecka K, Kaczmarczyk M, Łoniewski I, Klawitter H, Buss C, Entringer S, Binder E, Winter SM, Heim C.","Biomolecules. 2024 Oct 16;14(10):1313. doi: 10.3390/biom14101313.","Karaboycheva G","Biomolecules","2024","2024/10/26","PMC11506340","","10.3390/biom14101313"
"39452233","Pharmacists' Knowledge, Perception, and Prescribing Practice of Probiotics in the UAE: A Cross-Sectional Study","Abbas MO, Ahmed H, Hamid E, Padayachee D, Abdulbadia MT, Khalid S, Abuelhana A, Abdul Rasool BK.","Antibiotics (Basel). 2024 Oct 13;13(10):967. doi: 10.3390/antibiotics13100967.","Abbas MO","Antibiotics (Basel)","2024","2024/10/25","PMC11505214","","10.3390/antibiotics13100967"
"39217732","Investigating the bacterial profiles of Lactobacillus, Bifidobacterium, Actinobacteria, Fusobacterium, Firmicutes, and Bacteroides in stool samples from patients with severe depression and healthy individuals","Arbabi F, Shapoury R, Haghi F, Zeighami H, Pirzeh R.","Psychoneuroendocrinology. 2024 Dec;170:107090. doi: 10.1016/j.psyneuen.2024.107090. Epub 2024 Jul 14.","Arbabi F","Psychoneuroendocrinology","2024","2024/09/01","","","10.1016/j.psyneuen.2024.107090"
"39360304","Low-frequency Transcranial Magnetic Stimulation Ameliorates Anhedonic Behaviors and Regulates the Gut Microbiome in Mice Exposed to Chronic Unpredictable Mild Stress","Gao L, Zhao X, Wu L, Liu C, Ding R, Wang H, Shang X.","Alpha Psychiatry. 2024 Aug 1;25(4):493-501. doi: 10.5152/alphapsychiatry.2024.241561. eCollection 2024 Aug.","Gao L","Alpha Psychiatry","2024","2024/10/03","PMC11443298","","10.5152/alphapsychiatry.2024.241561"
"38432179","Combination of vitamin D(3) and fructooligosaccharides upregulates colonic vitamin D receptor in C57BL/6J mice and affects anxiety-related behavior in a sex-specific manner","Renteria KM, Constantine E, Teoh CM, Cooper A, Lozano N, Bauer S, Koh GY.","Nutr Res. 2024 May;125:16-26. doi: 10.1016/j.nutres.2024.02.003. Epub 2024 Feb 11.","Renteria KM","Nutr Res","2024","2024/03/03","","","10.1016/j.nutres.2024.02.003"
"38960388","Beneficial effect of GABA-producing Lactiplantibacillus strain LPB145 isolated from cheese starters evaluated in anxiety- and depression-like behaviours in rats","Lozano J, Fabius S, Fernández-Ciganda S, Urbanavicius J, Piccini C, Scorza C, Zunino P.","Benef Microbes. 2024 Jul 4;15(5):465-479. doi: 10.1163/18762891-bja00024.","Lozano J","Benef Microbes","2024","2024/07/03","","","10.1163/18762891-bja00024"
"38170072","Global scientific trends in healthy aging in the early 21st century: A data-driven scientometric and visualized analysis","Zhang Y, Gu Z, Xu Y, He M, Gerber BS, Wang Z, Liu F, Peng C.","Heliyon. 2023 Dec 9;10(1):e23405. doi: 10.1016/j.heliyon.2023.e23405. eCollection 2024 Jan 15.","Zhang Y","Heliyon","2023","2024/01/03","PMC10758827","","10.1016/j.heliyon.2023.e23405"
"39313515","Oral administration of astilbin mitigates acetaminophen-induced acute liver injury in mice by modulating the gut microbiota","Yang Q, He WH, Xie L, Chen T, Liu RF, Hu JJ, Guo JY, Tan GZ, Wu FL, Gu P, Chen P, Chen Y.","Acta Pharmacol Sin. 2024 Sep 23. doi: 10.1038/s41401-024-01383-9. Online ahead of print.","Yang Q","Acta Pharmacol Sin","2024","2024/09/23","","","10.1038/s41401-024-01383-9"
"38166669","Effectiveness of a socioecological model-guided, smart device-based, self-management-oriented lifestyle intervention in community residents: protocol for a cluster-randomized controlled trial","Yang S, Yu B, Liao K, Qiao X, Fan Y, Li M, Hu Y, Chen J, Ye T, Cai C, Ma C, Pang T, Huang Z, Jia P, Reinhardt JD, Dou Q.","BMC Public Health. 2024 Jan 2;24(1):32. doi: 10.1186/s12889-023-17073-w.","Yang S","BMC Public Health","2024","2024/01/03","PMC10763380","","10.1186/s12889-023-17073-w"
"38737108","Cucurbitacin E Alleviates Colonic Barrier Function Impairment and Inflammation Response and Improves Microbial Composition on Experimental Colitis Models","Zhan F, Song W, Fan Y, Wang F, Wang Q.","J Inflamm Res. 2024 May 6;17:2745-2756. doi: 10.2147/JIR.S456353. eCollection 2024.","Zhan F","J Inflamm Res","2024","2024/05/13","PMC11086439","","10.2147/JIR.S456353"
"39271063","Probiotic Lactobacillus plantarum 299v supplementation in patients with major depression in a double-blind, randomized, placebo-controlled trial: A metabolomics study","Godzien J, Kalaska B, Rudzki L, Barbas-Bernardos C, Swieton J, Lopez-Gonzalvez A, Ostrowska L, Szulc A, Waszkiewicz N, Ciborowski M, García A, Kretowski A, Barbas C, Pawlak D.","J Affect Disord. 2024 Sep 11;368:180-190. doi: 10.1016/j.jad.2024.09.058. Online ahead of print.","Godzien J","J Affect Disord","2024","2024/09/13","","","10.1016/j.jad.2024.09.058"
"36989335","Treatment response to supplemental nutrients for ADHD is independent of diet quality: the MADDY Study RCT","Robinette LM, Hatsu IE, Johnstone JM, Bruton AM, Leung BMY, Arnold LE.","Nutr Neurosci. 2024 Apr;27(4):319-328. doi: 10.1080/1028415X.2023.2191415. Epub 2023 Mar 29.","Robinette LM","Nutr Neurosci","2024","2023/03/29","PMC10539486","NIHMS1885282","10.1080/1028415X.2023.2191415"
"38278499","Alcohol use-associated alterations in the circulating metabolite profile in the general population and in individuals with major depressive disorder","Kärkkäinen O, Tolmunen T, Kivimäki P, Kurkinen K, Ali-Sisto T, Mäntyselkä P, Valkonen-Korhonen M, Koivumaa-Honkanen H, Honkalampi K, Ruusunen A, Velagapudi V, Lehto SM.","Alcohol. 2024 Nov;120:161-167. doi: 10.1016/j.alcohol.2024.01.005. Epub 2024 Jan 24.","Kärkkäinen O","Alcohol","2024","2024/01/26","","","10.1016/j.alcohol.2024.01.005"
