﻿PMID,Title,Authors,Citation,First Author,Journal/Book,Publication Year,Create Date,PMCID,NIHMS ID,DOI
"31859119","Infections, antibiotic treatment and the Microbiome in relation to schizophrenia","Klein-Petersen AW, Köhler-Forsberg O, Benros ME.","Schizophr Res. 2021 Aug;234:71-77. doi: 10.1016/j.schres.2019.11.033. Epub 2019 Dec 16.","Klein-Petersen AW","Schizophr Res","2021","2019/12/21","","","10.1016/j.schres.2019.11.033"
"31685046","Shotgun metagenomics reveals both taxonomic and tryptophan pathway differences of gut microbiota in major depressive disorder patients","Lai WT, Deng WF, Xu SX, Zhao J, Xu D, Liu YH, Guo YY, Wang MB, He FS, Ye SW, Yang QF, Liu TB, Zhang YL, Wang S, Li MZ, Yang YJ, Xie XH, Rong H.","Psychol Med. 2021 Jan;51(1):90-101. doi: 10.1017/S0033291719003027. Epub 2019 Nov 5.","Lai WT","Psychol Med","2021","2019/11/06","","","10.1017/S0033291719003027"
"30794085","Associations among diet, the gastrointestinal microbiota, and negative emotional states in adults","Taylor AM, Thompson SV, Edwards CG, Musaad SMA, Khan NA, Holscher HD.","Nutr Neurosci. 2020 Dec;23(12):983-992. doi: 10.1080/1028415X.2019.1582578. Epub 2019 Feb 22.","Taylor AM","Nutr Neurosci","2020","2019/02/23","","","10.1080/1028415X.2019.1582578"
"30415609","Fermented foods, the gut and mental health: a mechanistic overview with implications for depression and anxiety","Aslam H, Green J, Jacka FN, Collier F, Berk M, Pasco J, Dawson SL.","Nutr Neurosci. 2020 Sep;23(9):659-671. doi: 10.1080/1028415X.2018.1544332. Epub 2018 Nov 11.","Aslam H","Nutr Neurosci","2020","2018/11/13","","","10.1080/1028415X.2018.1544332"
"30466372","An intermittent hypercaloric diet alters gut microbiota, prefrontal cortical gene expression and social behaviours in rats","Reichelt AC, Loughman A, Bernard A, Raipuria M, Abbott KN, Dachtler J, Van TTH, Moore RJ.","Nutr Neurosci. 2020 Aug;23(8):613-627. doi: 10.1080/1028415X.2018.1537169. Epub 2018 Nov 22.","Reichelt AC","Nutr Neurosci","2020","2018/11/24","","","10.1080/1028415X.2018.1537169"
"31610228","Plasma cytokine levels in patients with chronic alcohol overconsumption: Relations to gut microbiota markers and clinical correlates","Bjørkhaug ST, Neupane SP, Bramness JG, Aanes H, Skar V, Medhus AW, Valeur J.","Alcohol. 2020 Jun;85:35-40. doi: 10.1016/j.alcohol.2019.10.002. Epub 2019 Oct 11.","Bjørkhaug ST","Alcohol","2020","2019/10/15","","","10.1016/j.alcohol.2019.10.002"
"31566046","Gut microbiota and health","Kc D, Sumner R, Lippmann S.","Postgrad Med. 2020 Apr;132(3):274. doi: 10.1080/00325481.2019.1662711. Epub 2019 Sep 28.","Kc D","Postgrad Med","2020","2019/10/01","","","10.1080/00325481.2019.1662711"
"31255682","Altered gut microbiota and mucosal immunity in patients with schizophrenia","Xu R, Wu B, Liang J, He F, Gu W, Li K, Luo Y, Chen J, Gao Y, Wu Z, Wang Y, Zhou W, Wang M.","Brain Behav Immun. 2020 Mar;85:120-127. doi: 10.1016/j.bbi.2019.06.039. Epub 2019 Jun 27.","Xu R","Brain Behav Immun","2020","2019/07/01","","","10.1016/j.bbi.2019.06.039"
"30818031","Impact of chemotherapy on the association between fear of cancer recurrence and the gut microbiota in breast cancer survivors","Okubo R, Kinoshita T, Katsumata N, Uezono Y, Xiao J, Matsuoka YJ.","Brain Behav Immun. 2020 Mar;85:186-191. doi: 10.1016/j.bbi.2019.02.025. Epub 2019 Feb 25.","Okubo R","Brain Behav Immun","2020","2019/03/01","","","10.1016/j.bbi.2019.02.025"
"31955786","Neuroactive compounds in foods: Occurrence, mechanism and potential health effects","Yılmaz C, Gökmen V.","Food Res Int. 2020 Feb;128:108744. doi: 10.1016/j.foodres.2019.108744. Epub 2019 Oct 31.","Yılmaz C","Food Res Int","2020","2020/01/21","","","10.1016/j.foodres.2019.108744"
"31628992","Exercise, diet and stress as modulators of gut microbiota: Implications for neurodegenerative diseases","Gubert C, Kong G, Renoir T, Hannan AJ.","Neurobiol Dis. 2020 Feb;134:104621. doi: 10.1016/j.nbd.2019.104621. Epub 2019 Oct 16.","Gubert C","Neurobiol Dis","2020","2019/10/20","","","10.1016/j.nbd.2019.104621"
"31154909","Unravelled facets of milk derived opioid peptides: a focus on gut physiology, fractures and obesity","Aslam H, Ruusunen A, Berk M, Loughman A, Rivera L, Pasco JA, Jacka FN.","Int J Food Sci Nutr. 2020 Feb;71(1):36-49. doi: 10.1080/09637486.2019.1614540. Epub 2019 Jun 3.","Aslam H","Int J Food Sci Nutr","2020","2019/06/04","","","10.1080/09637486.2019.1614540"
"31704402","Naturally-diverse airborne environmental microbial exposures modulate the gut microbiome and may provide anxiolytic benefits in mice","Liddicoat C, Sydnor H, Cando-Dumancela C, Dresken R, Liu J, Gellie NJC, Mills JG, Young JM, Weyrich LS, Hutchinson MR, Weinstein P, Breed MF.","Sci Total Environ. 2020 Jan 20;701:134684. doi: 10.1016/j.scitotenv.2019.134684. Epub 2019 Oct 28.","Liddicoat C","Sci Total Environ","2020","2019/11/10","","","10.1016/j.scitotenv.2019.134684"
"31821833","The connection between microbiome and schizophrenia","Golofast B, Vales K.","Neurosci Biobehav Rev. 2020 Jan;108:712-731. doi: 10.1016/j.neubiorev.2019.12.011. Epub 2019 Dec 9.","Golofast B","Neurosci Biobehav Rev","2020","2019/12/11","","","10.1016/j.neubiorev.2019.12.011"
"31726457","Gut Microbiota: A Perspective for Psychiatrists","Rea K, Dinan TG, Cryan JF.","Neuropsychobiology. 2020;79(1):50-62. doi: 10.1159/000504495. Epub 2019 Nov 14.","Rea K","Neuropsychobiology","2020","2019/11/15","","","10.1159/000504495"
"31722343","The Gut Microbiome in Bipolar Disorder and Pharmacotherapy Management","Flowers SA, Ward KM, Clark CT.","Neuropsychobiology. 2020;79(1):43-49. doi: 10.1159/000504496. Epub 2019 Nov 13.","Flowers SA","Neuropsychobiology","2020","2019/11/14","","","10.1159/000504496"
"31539679","Antibiotic-induced microbiome depletion is associated with resilience in mice after chronic social defeat stress","Wang S, Qu Y, Chang L, Pu Y, Zhang K, Hashimoto K.","J Affect Disord. 2020 Jan 1;260:448-457. doi: 10.1016/j.jad.2019.09.064. Epub 2019 Sep 13.","Wang S","J Affect Disord","2020","2019/09/21","","","10.1016/j.jad.2019.09.064"
"31870331","The chemo-gut study: investigating the long-term effects of chemotherapy on gut microbiota, metabolic, immune, psychological and cognitive parameters in young adult Cancer survivors; study protocol","Deleemans JM, Chleilat F, Reimer RA, Henning JW, Baydoun M, Piedalue KA, McLennan A, Carlson LE.","BMC Cancer. 2019 Dec 23;19(1):1243. doi: 10.1186/s12885-019-6473-8.","Deleemans JM","BMC Cancer","2019","2019/12/25","PMC6927187","","10.1186/s12885-019-6473-8"
"31683191","Delivery to the gut microbiota: A rapidly proliferating research field","Seifert A, Kashi Y, Livney YD.","Adv Colloid Interface Sci. 2019 Dec;274:102038. doi: 10.1016/j.cis.2019.102038. Epub 2019 Oct 18.","Seifert A","Adv Colloid Interface Sci","2019","2019/11/05","","","10.1016/j.cis.2019.102038"
"31493127","Probiotics and Psychobiotics: the Role of Microbial Neurochemicals","Oleskin AV, Shenderov BA.","Probiotics Antimicrob Proteins. 2019 Dec;11(4):1071-1085. doi: 10.1007/s12602-019-09583-0.","Oleskin AV","Probiotics Antimicrob Proteins","2019","2019/09/08","","","10.1007/s12602-019-09583-0"
"30523432","Obesity and mental health improvement following nutritional education focusing on gut microbiota composition in Japanese women: a randomised controlled trial","Uemura M, Hayashi F, Ishioka K, Ihara K, Yasuda K, Okazaki K, Omata J, Suzutani T, Hirakawa Y, Chiang C, Aoyama A, Ohira T.","Eur J Nutr. 2019 Dec;58(8):3291-3302. doi: 10.1007/s00394-018-1873-0. Epub 2018 Dec 6.","Uemura M","Eur J Nutr","2019","2018/12/08","","","10.1007/s00394-018-1873-0"
"31377365","A possible role for pollutants in mental disorders via gut microbiota","Moulin TC, van Egmond LT.","Sci Total Environ. 2019 Nov 25;693:133639. doi: 10.1016/j.scitotenv.2019.133639. Epub 2019 Jul 27.","Moulin TC","Sci Total Environ","2019","2019/08/05","","","10.1016/j.scitotenv.2019.133639"
"31568686","The role of the brain-gut-microbiota axis in psychology: The importance of considering gut microbiota in the development, perpetuation, and treatment of psychological disorders","Ganci M, Suleyman E, Butt H, Ball M.","Brain Behav. 2019 Nov;9(11):e01408. doi: 10.1002/brb3.1408. Epub 2019 Sep 30.","Ganci M","Brain Behav","2019","2019/10/01","PMC6851798","","10.1002/brb3.1408"
"31736803","Gut Microbiota in Bipolar Depression and Its Relationship to Brain Function: An Advanced Exploration","Lu Q, Lai J, Lu H, Ng C, Huang T, Zhang H, Ding K, Wang Z, Jiang J, Hu J, Lu J, Lu S, Mou T, Wang D, Du Y, Xi C, Lyu H, Chen J, Xu Y, Liu Z, Hu S.","Front Psychiatry. 2019 Oct 29;10:784. doi: 10.3389/fpsyt.2019.00784. eCollection 2019.","Lu Q","Front Psychiatry","2019","2019/11/19","PMC6828946","","10.3389/fpsyt.2019.00784"
"31709198","Characteristics of Gut Microbiota in Patients With Rheumatoid Arthritis in Shanghai, China","Sun Y, Chen Q, Lin P, Xu R, He D, Ji W, Bian Y, Shen Y, Li Q, Liu C, Dong K, Tang YW, Pei Z, Yang L, Lu H, Guo X, Xiao L.","Front Cell Infect Microbiol. 2019 Oct 23;9:369. doi: 10.3389/fcimb.2019.00369. eCollection 2019.","Sun Y","Front Cell Infect Microbiol","2019","2019/11/12","PMC6819506","","10.3389/fcimb.2019.00369"
"31662903","Are Nonnutritive Sweeteners Obesogenic? Associations between Diet, Faecal Microbiota, and Short-Chain Fatty Acids in Morbidly Obese Subjects","Farup PG, Lydersen S, Valeur J.","J Obes. 2019 Oct 1;2019:4608315. doi: 10.1155/2019/4608315. eCollection 2019.","Farup PG","J Obes","2019","2019/10/31","PMC6791210","","10.1155/2019/4608315"
"31488882","Sodium oligomannate therapeutically remodels gut microbiota and suppresses gut bacterial amino acids-shaped neuroinflammation to inhibit Alzheimer's disease progression","Wang X, Sun G, Feng T, Zhang J, Huang X, Wang T, Xie Z, Chu X, Yang J, Wang H, Chang S, Gong Y, Ruan L, Zhang G, Yan S, Lian W, Du C, Yang D, Zhang Q, Lin F, Liu J, Zhang H, Ge C, Xiao S, Ding J, Geng M.","Cell Res. 2019 Oct;29(10):787-803. doi: 10.1038/s41422-019-0216-x. Epub 2019 Sep 6.","Wang X","Cell Res","2019","2019/09/07","PMC6796854","","10.1038/s41422-019-0216-x"
"31330299","Monocyte mobilisation, microbiota & mental illness","van de Wouw M, Boehme M, Dinan TG, Cryan JF.","Brain Behav Immun. 2019 Oct;81:74-91. doi: 10.1016/j.bbi.2019.07.019. Epub 2019 Jul 19.","van de Wouw M","Brain Behav Immun","2019","2019/07/23","","","10.1016/j.bbi.2019.07.019"
"31260640","Microbiota-gut brain axis involvement in neuropsychiatric disorders","Iannone LF, Preda A, Blottière HM, Clarke G, Albani D, Belcastro V, Carotenuto M, Cattaneo A, Citraro R, Ferraris C, Ronchi F, Luongo G, Santocchi E, Guiducci L, Baldelli P, Iannetti P, Pedersen S, Petretto A, Provasi S, Selmer K, Spalice A, Tagliabue A, Verrotti A, Segata N, Zimmermann J, Minetti C, Mainardi P, Giordano C, Sisodiya S, Zara F, Russo E, Striano P.","Expert Rev Neurother. 2019 Oct;19(10):1037-1050. doi: 10.1080/14737175.2019.1638763. Epub 2019 Jul 11.","Iannone LF","Expert Rev Neurother","2019","2019/07/02","","","10.1080/14737175.2019.1638763"
"31215725","Rapid-acting antidepressant ketamine, its metabolites and other candidates: A historical overview and future perspective","Hashimoto K.","Psychiatry Clin Neurosci. 2019 Oct;73(10):613-627. doi: 10.1111/pcn.12902. Epub 2019 Jul 11.","Hashimoto K","Psychiatry Clin Neurosci","2019","2019/06/20","PMC6851782","","10.1111/pcn.12902"
"31646148","Gut microbial metabolites in depression: understanding the biochemical mechanisms","Caspani G, Kennedy S, Foster JA, Swann J.","Microb Cell. 2019 Sep 27;6(10):454-481. doi: 10.15698/mic2019.10.693.","Caspani G","Microb Cell","2019","2019/10/25","PMC6780009","","10.15698/mic2019.10.693"
"31530799","Abnormal composition of gut microbiota is associated with resilience versus susceptibility to inescapable electric stress","Zhang K, Fujita Y, Chang L, Qu Y, Pu Y, Wang S, Shirayama Y, Hashimoto K.","Transl Psychiatry. 2019 Sep 17;9(1):231. doi: 10.1038/s41398-019-0571-x.","Zhang K","Transl Psychiatry","2019","2019/09/19","PMC6748977","","10.1038/s41398-019-0571-x"
"31479418","Antibiotic-induced microbiome depletion protects against MPTP-induced dopaminergic neurotoxicity in the brain","Pu Y, Chang L, Qu Y, Wang S, Zhang K, Hashimoto K.","Aging (Albany NY). 2019 Sep 3;11(17):6915-6929. doi: 10.18632/aging.102221. Epub 2019 Sep 3.","Pu Y","Aging (Albany NY)","2019","2019/09/04","PMC6756889","","10.18632/aging.102221"
"31383280","Improving Mental Health for the Mother-Infant Dyad by Nutrition and the Maternal Gut Microbiome","Bernabé BP, Tussing-Humphreys L, Rackers HS, Welke L, Mantha A, Kimmel MC.","Gastroenterol Clin North Am. 2019 Sep;48(3):433-445. doi: 10.1016/j.gtc.2019.04.007.","Bernabé BP","Gastroenterol Clin North Am","2019","2019/08/07","","","10.1016/j.gtc.2019.04.007"
"31356838","Diet and Alzheimer's dementia - Nutritional approach to modulate inflammation","Szczechowiak K, Diniz BS, Leszek J.","Pharmacol Biochem Behav. 2019 Sep;184:172743. doi: 10.1016/j.pbb.2019.172743. Epub 2019 Jul 26.","Szczechowiak K","Pharmacol Biochem Behav","2019","2019/07/30","","","10.1016/j.pbb.2019.172743"
"31124390","Fecal microbiota transplantation from chronic unpredictable mild stress mice donors affects anxiety-like and depression-like behavior in recipient mice via the gut microbiota-inflammation-brain axis","Li N, Wang Q, Wang Y, Sun A, Lin Y, Jin Y, Li X.","Stress. 2019 Sep;22(5):592-602. doi: 10.1080/10253890.2019.1617267. Epub 2019 May 24.","Li N","Stress","2019","2019/05/25","","","10.1080/10253890.2019.1617267"
"31405122","Health Benefits of Lactobacillus gasseri CP2305 Tablets in Young Adults Exposed to Chronic Stress: A Randomized, Double-Blind, Placebo-Controlled Study","Nishida K, Sawada D, Kuwano Y, Tanaka H, Rokutan K.","Nutrients. 2019 Aug 10;11(8):1859. doi: 10.3390/nu11081859.","Nishida K","Nutrients","2019","2019/08/14","PMC6723420","","10.3390/nu11081859"
"31377712","Biopsychosocial model of resilience in young adults with multiple sclerosis (BPS-ARMS): an observational study protocol exploring psychological reactions early after diagnosis","Gajofatto A, Donisi V, Busch IM, Gobbin F, Butturini E, Calabrese M, Carcereri de Prati A, Cesari P, Del Piccolo L, Donadelli M, Fabene P, Fochi S, Gomez-Lira M, Magliozzi R, Malerba G, Mariotti R, Mariotto S, Milanese C, Romanelli MG, Sbarbati A, Schena F, Mazzi MA, Rimondini M.","BMJ Open. 2019 Aug 2;9(8):e030469. doi: 10.1136/bmjopen-2019-030469.","Gajofatto A","BMJ Open","2019","2019/08/05","PMC6687017","","10.1136/bmjopen-2019-030469"
"31132457","Gut microbiota composition is associated with temperament traits in infants","Aatsinki AK, Lahti L, Uusitupa HM, Munukka E, Keskitalo A, Nolvi S, O'Mahony S, Pietilä S, Elo LL, Eerola E, Karlsson H, Karlsson L.","Brain Behav Immun. 2019 Aug;80:849-858. doi: 10.1016/j.bbi.2019.05.035. Epub 2019 May 24.","Aatsinki AK","Brain Behav Immun","2019","2019/05/28","","","10.1016/j.bbi.2019.05.035"
"31341063","The gut microbiota influences skeletal muscle mass and function in mice","Lahiri S, Kim H, Garcia-Perez I, Reza MM, Martin KA, Kundu P, Cox LM, Selkrig J, Posma JM, Zhang H, Padmanabhan P, Moret C, Gulyás B, Blaser MJ, Auwerx J, Holmes E, Nicholson J, Wahli W, Pettersson S.","Sci Transl Med. 2019 Jul 24;11(502):eaan5662. doi: 10.1126/scitranslmed.aan5662.","Lahiri S","Sci Transl Med","2019","2019/07/26","PMC7501733","NIHMS1626350","10.1126/scitranslmed.aan5662"
"31380217","Gut Microbiota Changes in Patients with Bipolar Depression","Hu S, Li A, Huang T, Lai J, Li J, Sublette ME, Lu H, Lu Q, Du Y, Hu Z, Ng CH, Zhang H, Lu J, Mou T, Lu S, Wang D, Duan J, Hu J, Huang M, Wei N, Zhou W, Ruan L, Li MD, Xu Y.","Adv Sci (Weinh). 2019 May 15;6(14):1900752. doi: 10.1002/advs.201900752. eCollection 2019 Jul 17.","Hu S","Adv Sci (Weinh)","2019","2019/08/06","PMC6662053","","10.1002/advs.201900752"
"31302116","Stress-induced disturbances along the gut microbiota-immune-brain axis and implications for mental health: Does sex matter?","Audet MC.","Front Neuroendocrinol. 2019 Jul;54:100772. doi: 10.1016/j.yfrne.2019.100772. Epub 2019 Jul 11.","Audet MC","Front Neuroendocrinol","2019","2019/07/15","","","10.1016/j.yfrne.2019.100772"
"31218116","A 12-Week Pilot Exercise Program for Inactive Adults With Celiac Disease: Study Protocol","Dowd AJ, Kronlund L, Parmar C, Daun JT, Wytsma-Fisher K, Reimer RA, Millet GY, Culos-Reed SN.","Glob Adv Health Med. 2019 Jun 11;8:2164956119853777. doi: 10.1177/2164956119853777. eCollection 2019.","Dowd AJ","Glob Adv Health Med","2019","2019/06/21","PMC6563390","","10.1177/2164956119853777"
"30991255","The gut-brain relationship: Investigating the effect of multispecies probiotics on anxiety in a randomized placebo-controlled trial of healthy young adults","Tran N, Zhebrak M, Yacoub C, Pelletier J, Hawley D.","J Affect Disord. 2019 Jun 1;252:271-277. doi: 10.1016/j.jad.2019.04.043. Epub 2019 Apr 8.","Tran N","J Affect Disord","2019","2019/04/17","","","10.1016/j.jad.2019.04.043"
"30680947","Abnormal composition of gut microbiota contributes to delirium-like behaviors after abdominal surgery in mice","Zhang J, Bi JJ, Guo GJ, Yang L, Zhu B, Zhan GF, Li S, Huang NN, Hashimoto K, Yang C, Luo AL.","CNS Neurosci Ther. 2019 Jun;25(6):685-696. doi: 10.1111/cns.13103. Epub 2019 Jan 24.","Zhang J","CNS Neurosci Ther","2019","2019/01/26","PMC6515708","","10.1111/cns.13103"
"31179435","Effects of regulating intestinal microbiota on anxiety symptoms: A systematic review","Yang B, Wei J, Ju P, Chen J.","Gen Psychiatr. 2019 May 17;32(2):e100056. doi: 10.1136/gpsych-2019-100056. eCollection 2019.","Yang B","Gen Psychiatr","2019","2019/06/11","PMC6551444","","10.1136/gpsych-2019-100056"
"31083360","A Systematic Review of the Role of Prebiotics and Probiotics in Autism Spectrum Disorders","Ng QX, Loke W, Venkatanarayanan N, Lim DY, Soh AYS, Yeo WS.","Medicina (Kaunas). 2019 May 10;55(5):129. doi: 10.3390/medicina55050129.","Ng QX","Medicina (Kaunas)","2019","2019/05/15","PMC6571640","","10.3390/medicina55050129"
"31053995","Gender specific decrease of a set of circulating N-acylphosphatidyl ethanolamines (NAPEs) in the plasma of Parkinson's disease patients","Hamid Z, Basit A, Pontis S, Piras F, Assogna F, Bossù P, Pontieri FE, Stefani A, Spalletta G, Franceschi P, Reggiani A, Armirotti A.","Metabolomics. 2019 May 3;15(5):74. doi: 10.1007/s11306-019-1536-z.","Hamid Z","Metabolomics","2019","2019/05/05","PMC6499742","","10.1007/s11306-019-1536-z"
"30900006","Microbe and host interaction in gastrointestinal homeostasis","Horne R, St Pierre J, Odeh S, Surette M, Foster JA.","Psychopharmacology (Berl). 2019 May;236(5):1623-1640. doi: 10.1007/s00213-019-05218-y. Epub 2019 Mar 21.","Horne R","Psychopharmacology (Berl)","2019","2019/03/23","PMC6599184","","10.1007/s00213-019-05218-y"
"30718848","The neuroactive potential of the human gut microbiota in quality of life and depression","Valles-Colomer M, Falony G, Darzi Y, Tigchelaar EF, Wang J, Tito RY, Schiweck C, Kurilshikov A, Joossens M, Wijmenga C, Claes S, Van Oudenhove L, Zhernakova A, Vieira-Silva S, Raes J.","Nat Microbiol. 2019 Apr;4(4):623-632. doi: 10.1038/s41564-018-0337-x. Epub 2019 Feb 4.","Valles-Colomer M","Nat Microbiol","2019","2019/02/06","","","10.1038/s41564-018-0337-x"
"30499231","Effect of probiotic interventions on depressive symptoms: A narrative review evaluating systematic reviews","Nadeem I, Rahman MZ, Ad-Dab'bagh Y, Akhtar M.","Psychiatry Clin Neurosci. 2019 Apr;73(4):154-162. doi: 10.1111/pcn.12804. Epub 2019 Jan 6.","Nadeem I","Psychiatry Clin Neurosci","2019","2018/12/01","","","10.1111/pcn.12804"
"30525951","Bifidobacterium infantis M-63 improves mental health in victims with irritable bowel syndrome developed after a major flood disaster","Ma ZF, Yusof N, Hamid N, Lawenko RM, Mohammad WMZW, Liong MT, Sugahara H, Odamaki T, Xiao J, Lee YY.","Benef Microbes. 2019 Mar 13;10(2):111-120. doi: 10.3920/BM2018.0008. Epub 2018 Dec 10.","Ma ZF","Benef Microbes","2019","2018/12/12","","","10.3920/BM2018.0008"
"30826885","The Relationship Between Perinatal Mental Health and Stress: a Review of the Microbiome","Redpath N, Rackers HS, Kimmel MC.","Curr Psychiatry Rep. 2019 Mar 2;21(3):18. doi: 10.1007/s11920-019-0998-z.","Redpath N","Curr Psychiatry Rep","2019","2019/03/04","","","10.1007/s11920-019-0998-z"
"30838027","Current Understanding of Gut Microbiota in Mood Disorders: An Update of Human Studies","Huang TT, Lai JB, Du YL, Xu Y, Ruan LM, Hu SH.","Front Genet. 2019 Feb 19;10:98. doi: 10.3389/fgene.2019.00098. eCollection 2019.","Huang TT","Front Genet","2019","2019/03/07","PMC6389720","","10.3389/fgene.2019.00098"
"30828318","Disentangling What We Know About Microbes and Mental Health","Reid G.","Front Endocrinol (Lausanne). 2019 Feb 15;10:81. doi: 10.3389/fendo.2019.00081. eCollection 2019.","Reid G","Front Endocrinol (Lausanne)","2019","2019/03/05","PMC6384226","","10.3389/fendo.2019.00081"
"30717162","Fecal Microbiota Analysis in Patients Going through a Depressive Episode during Treatment in a Psychiatric Hospital Setting","Liśkiewicz P, Pełka-Wysiecka J, Kaczmarczyk M, Łoniewski I, Wroński M, Bąba-Kubiś A, Skonieczna-Żydecka K, Marlicz W, Misiak B, Samochowiec J.","J Clin Med. 2019 Feb 1;8(2):164. doi: 10.3390/jcm8020164.","Liśkiewicz P","J Clin Med","2019","2019/02/06","PMC6407012","","10.3390/jcm8020164"
"30707176","Gut microbiota analysis and its significance in vasovagal syncope in children","Bai W, Chen S, Tang CS, Qi JG, Cui QH, Xu M, Du JB, Jin HF.","Chin Med J (Engl). 2019 Feb;132(4):411-419. doi: 10.1097/CM9.0000000000000086.","Bai W","Chin Med J (Engl)","2019","2019/02/02","PMC6595724","","10.1097/CM9.0000000000000086"
"30317530","An insight into gut microbiota and its functionalities","Adak A, Khan MR.","Cell Mol Life Sci. 2019 Feb;76(3):473-493. doi: 10.1007/s00018-018-2943-4. Epub 2018 Oct 13.","Adak A","Cell Mol Life Sci","2019","2018/10/15","","","10.1007/s00018-018-2943-4"
"30705252","Key role of gut microbiota in anhedonia-like phenotype in rodents with neuropathic pain","Yang C, Fang X, Zhan G, Huang N, Li S, Bi J, Jiang R, Yang L, Miao L, Zhu B, Luo A, Hashimoto K.","Transl Psychiatry. 2019 Jan 31;9(1):57. doi: 10.1038/s41398-019-0379-8.","Yang C","Transl Psychiatry","2019","2019/02/02","PMC6355832","","10.1038/s41398-019-0379-8"
"30701194","Alterations in Gut Glutamate Metabolism Associated with Changes in Gut Microbiota Composition in Children with Autism Spectrum Disorder","Wang M, Wan J, Rong H, He F, Wang H, Zhou J, Cai C, Wang Y, Xu R, Yin Z, Zhou W.","mSystems. 2019 Jan 29;4(1):e00321-18. doi: 10.1128/mSystems.00321-18. eCollection 2019 Jan-Feb.","Wang M","mSystems","2019","2019/02/01","PMC6351726","","10.1128/mSystems.00321-18"
"30611275","The Australian Research Council Longevity Intervention (ARCLI) study protocol (ANZCTR12611000487910) addendum: neuroimaging and gut microbiota protocol","Simpson T, Deleuil S, Echeverria N, Komanduri M, Macpherson H, Suo C, Gondalia S, Fard MT, Pipingas A, Scholey A, Stough C.","Nutr J. 2019 Jan 5;18(1):1. doi: 10.1186/s12937-018-0428-9.","Simpson T","Nutr J","2019","2019/01/07","PMC6321680","","10.1186/s12937-018-0428-9"
"31784958","Neuroimmune Advance in Depressive Disorder","Zhao G, Liu X.","Adv Exp Med Biol. 2019;1180:85-98. doi: 10.1007/978-981-32-9271-0_4.","Zhao G","Adv Exp Med Biol","2019","2019/12/01","","","10.1007/978-981-32-9271-0_4"
"31636495","The ""systems approach"" to treating the brain: opportunities in developmental psychopharmacology ","Bussone S, Iacono LL.","Dialogues Clin Neurosci. 2019;21(2):211-215. doi: 10.31887/DCNS.2019.21.2/lloiacono.","Bussone S","Dialogues Clin Neurosci","2019","2019/10/23","PMC6787541","","10.31887/DCNS.2019.21.2/lloiacono"
"31273718","The Contribution of Inflammation to Autism Spectrum Disorders: Recent Clinical Evidence","Prata J, Machado AS, von Doellinger O, Almeida MI, Barbosa MA, Coelho R, Santos SG.","Methods Mol Biol. 2019;2011:493-510. doi: 10.1007/978-1-4939-9554-7_29.","Prata J","Methods Mol Biol","2019","2019/07/06","","","10.1007/978-1-4939-9554-7_29"
"30894059","Characterization of gut microbiota composition and functions in patients with chronic alcohol overconsumption","Bjørkhaug ST, Aanes H, Neupane SP, Bramness JG, Malvik S, Henriksen C, Skar V, Medhus AW, Valeur J.","Gut Microbes. 2019;10(6):663-675. doi: 10.1080/19490976.2019.1580097. Epub 2019 Mar 20.","Bjørkhaug ST","Gut Microbes","2019","2019/03/22","PMC6866679","","10.1080/19490976.2019.1580097"
"30747427","Role of the Gut Microbiome in Autism Spectrum Disorders","Pulikkan J, Mazumder A, Grace T.","Adv Exp Med Biol. 2019;1118:253-269. doi: 10.1007/978-3-030-05542-4_13.","Pulikkan J","Adv Exp Med Biol","2019","2019/02/13","","","10.1007/978-3-030-05542-4_13"
"30528936","Role of Actinobacteria and Coriobacteriia in the antidepressant effects of ketamine in an inflammation model of depression","Huang N, Hua D, Zhan G, Li S, Zhu B, Jiang R, Yang L, Bi J, Xu H, Hashimoto K, Luo A, Yang C.","Pharmacol Biochem Behav. 2019 Jan;176:93-100. doi: 10.1016/j.pbb.2018.12.001. Epub 2018 Dec 5.","Huang N","Pharmacol Biochem Behav","2019","2018/12/12","","","10.1016/j.pbb.2018.12.001"
"30394313","Alteration of gut microbiota-associated epitopes in children with autism spectrum disorders","Wang M, Zhou J, He F, Cai C, Wang H, Wang Y, Lin Y, Rong H, Cheng G, Xu R, Zhou W.","Brain Behav Immun. 2019 Jan;75:192-199. doi: 10.1016/j.bbi.2018.10.006. Epub 2018 Oct 27.","Wang M","Brain Behav Immun","2019","2018/11/06","","","10.1016/j.bbi.2018.10.006"
"30659564","Can microbiology affect psychiatry? A link between gut microbiota and psychiatric disorders","Gulas E, Wysiadecki G, Strzelecki D, Gawlik-Kotelnicka O, Polguj M.","Psychiatr Pol. 2018 Dec 29;52(6):1023-1039. doi: 10.12740/PP/OnlineFirst/81103. Epub 2018 Dec 29.","Gulas E","Psychiatr Pol","2018","2019/01/20","","","10.12740/PP/OnlineFirst/81103"
"30544486","Microbiome-The Missing Link in the Gut-Brain Axis: Focus on Its Role in Gastrointestinal and Mental Health","Skonieczna-Żydecka K, Marlicz W, Misera A, Koulaouzidis A, Łoniewski I.","J Clin Med. 2018 Dec 7;7(12):521. doi: 10.3390/jcm7120521.","Skonieczna-Żydecka K","J Clin Med","2018","2018/12/15","PMC6306769","","10.3390/jcm7120521"
"30518033","Differences in Anxiety Levels of Various Murine Models in Relation to the Gut Microbiota Composition","Huang E, Kang S, Park H, Park S, Ji Y, Holzapfel WH.","Biomedicines. 2018 Dec 4;6(4):113. doi: 10.3390/biomedicines6040113.","Huang E","Biomedicines","2018","2018/12/07","PMC6315404","","10.3390/biomedicines6040113"
"30584306","Possible association of Firmicutes in the gut microbiota of patients with major depressive disorder","Huang Y, Shi X, Li Z, Shen Y, Shi X, Wang L, Li G, Yuan Y, Wang J, Zhang Y, Zhao L, Zhang M, Kang Y, Liang Y.","Neuropsychiatr Dis Treat. 2018 Dec 3;14:3329-3337. doi: 10.2147/NDT.S188340. eCollection 2018.","Huang Y","Neuropsychiatr Dis Treat","2018","2018/12/26","PMC6284853","","10.2147/NDT.S188340"
"30513869","One Health, Fermented Foods, and Gut Microbiota","Bell V, Ferrão J, Pimentel L, Pintado M, Fernandes T.","Foods. 2018 Dec 3;7(12):195. doi: 10.3390/foods7120195.","Bell V","Foods","2018","2018/12/06","PMC6306734","","10.3390/foods7120195"
"30033172","Towards microbiome-informed dietary recommendations for promoting metabolic and mental health: Opinion papers of the MyNewGut project","Sanz Y, Romaní-Perez M, Benítez-Páez A, Portune KJ, Brigidi P, Rampelli S, Dinan T, Stanton C, Delzenne N, Blachier F, Neyrinck AM, Beaumont M, Olivares M, Holzer P, Günther K, Wolters M, Ahrens W, Claus SP, Campoy C, Murphy R, Sadler C, Fernández L, Kamp JV.","Clin Nutr. 2018 Dec;37(6 Pt A):2191-2197. doi: 10.1016/j.clnu.2018.07.007. Epub 2018 Jul 9.","Sanz Y","Clin Nutr","2018","2018/07/24","","","10.1016/j.clnu.2018.07.007"
"29243233","Finding the needle in the haystack: systematic identification of psychobiotics","Bambury A, Sandhu K, Cryan JF, Dinan TG.","Br J Pharmacol. 2018 Dec;175(24):4430-4438. doi: 10.1111/bph.14127. Epub 2018 Jan 18.","Bambury A","Br J Pharmacol","2018","2017/12/16","PMC6255950","","10.1111/bph.14127"
"30532687","Gut thinking: the gut microbiome and mental health beyond the head","Lucas G.","Microb Ecol Health Dis. 2018 Nov 30;29(2):1548250. doi: 10.1080/16512235.2018.1548250. eCollection 2018.","Lucas G","Microb Ecol Health Dis","2018","2018/12/12","PMC6282467","","10.1080/16512235.2018.1548250"
"30459574","Oral Probiotics Ameliorate the Behavioral Deficits Induced by Chronic Mild Stress in Mice via the Gut Microbiota-Inflammation Axis","Li N, Wang Q, Wang Y, Sun A, Lin Y, Jin Y, Li X.","Front Behav Neurosci. 2018 Nov 6;12:266. doi: 10.3389/fnbeh.2018.00266. eCollection 2018.","Li N","Front Behav Neurosci","2018","2018/11/22","PMC6232506","","10.3389/fnbeh.2018.00266"
"30405455","Metabolic and Microbiota Measures as Peripheral Biomarkers in Major Depressive Disorder","Horne R, Foster JA.","Front Psychiatry. 2018 Oct 22;9:513. doi: 10.3389/fpsyt.2018.00513. eCollection 2018.","Horne R","Front Psychiatry","2018","2018/11/09","PMC6204462","","10.3389/fpsyt.2018.00513"
"30309367","Visceral pain: gut microbiota, a new hope?","Pusceddu MM, Gareau MG.","J Biomed Sci. 2018 Oct 11;25(1):73. doi: 10.1186/s12929-018-0476-7.","Pusceddu MM","J Biomed Sci","2018","2018/10/13","PMC6182804","","10.1186/s12929-018-0476-7"
"30248988","A Meta-Analysis of the Clinical Use of Curcumin for Irritable Bowel Syndrome (IBS)","Ng QX, Soh AYS, Loke W, Venkatanarayanan N, Lim DY, Yeo WS.","J Clin Med. 2018 Sep 22;7(10):298. doi: 10.3390/jcm7100298.","Ng QX","J Clin Med","2018","2018/09/26","PMC6210149","","10.3390/jcm7100298"
"30223263","The Role of Nutrition and the Gut-Brain Axis in Psychiatry: A Review of the Literature","Mörkl S, Wagner-Skacel J, Lahousen T, Lackner S, Holasek SJ, Bengesser SA, Painold A, Holl AK, Reininghaus E.","Neuropsychobiology. 2018 Sep 17:1-9. doi: 10.1159/000492834. Online ahead of print.","Mörkl S","Neuropsychobiology","2018","2018/09/18","","","10.1159/000492834"
"30207256","Microbiota-gut-brain research: A critical analysis","Hooks KB, Konsman JP, O'Malley MA.","Behav Brain Sci. 2018 Sep 12;42:e60. doi: 10.1017/S0140525X18002133.","Hooks KB","Behav Brain Sci","2018","2018/09/13","","","10.1017/S0140525X18002133"
"30271330","Gut-Brain Psychology: Rethinking Psychology From the Microbiota-Gut-Brain Axis","Liang S, Wu X, Jin F.","Front Integr Neurosci. 2018 Sep 11;12:33. doi: 10.3389/fnint.2018.00033. eCollection 2018.","Liang S","Front Integr Neurosci","2018","2018/10/02","PMC6142822","","10.3389/fnint.2018.00033"
"29870894","Gut microbiome and magnetic resonance spectroscopy study of subjects at ultra-high risk for psychosis may support the membrane hypothesis","He Y, Kosciolek T, Tang J, Zhou Y, Li Z, Ma X, Zhu Q, Yuan N, Yuan L, Li C, Jin K, Knight R, Tsuang MT, Chen X.","Eur Psychiatry. 2018 Sep;53:37-45. doi: 10.1016/j.eurpsy.2018.05.011. Epub 2018 Jun 2.","He Y","Eur Psychiatry","2018","2018/06/06","","","10.1016/j.eurpsy.2018.05.011"
"29542066","A systematic review of studies on the faecal microbiota in anorexia nervosa: future research may need to include microbiota from the small intestine","Schwensen HF, Kan C, Treasure J, Høiby N, Sjögren M.","Eat Weight Disord. 2018 Aug;23(4):399-418. doi: 10.1007/s40519-018-0499-9. Epub 2018 Mar 14.","Schwensen HF","Eat Weight Disord","2018","2018/03/16","","","10.1007/s40519-018-0499-9"
"29352709","Analysis of gut microbiota diversity and auxiliary diagnosis as a biomarker in patients with schizophrenia: A cross-sectional study","Shen Y, Xu J, Li Z, Huang Y, Yuan Y, Wang J, Zhang M, Hu S, Liang Y.","Schizophr Res. 2018 Jul;197:470-477. doi: 10.1016/j.schres.2018.01.002. Epub 2018 Jan 17.","Shen Y","Schizophr Res","2018","2018/01/21","","","10.1016/j.schres.2018.01.002"
"29955222","Ancient Thali Diet: Gut Microbiota, Immunity, and Health","Shondelmyer K, Knight R, Sanivarapu A, Ogino S, Vanamala JKP.","Yale J Biol Med. 2018 Jun 28;91(2):177-184. eCollection 2018 Jun.","Shondelmyer K","Yale J Biol Med","2018","2018/06/30","PMC6020729","",""
"29843470","Recognizing Depression from the Microbiota⁻Gut⁻Brain Axis","Liang S, Wu X, Hu X, Wang T, Jin F.","Int J Mol Sci. 2018 May 29;19(6):1592. doi: 10.3390/ijms19061592.","Liang S","Int J Mol Sci","2018","2018/05/31","PMC6032096","","10.3390/ijms19061592"
"29407287","Overview and systematic review of studies of microbiome in schizophrenia and bipolar disorder","Nguyen TT, Kosciolek T, Eyler LT, Knight R, Jeste DV.","J Psychiatr Res. 2018 Apr;99:50-61. doi: 10.1016/j.jpsychires.2018.01.013. Epub 2018 Jan 31.","Nguyen TT","J Psychiatr Res","2018","2018/02/07","PMC5849533","NIHMS939097","10.1016/j.jpsychires.2018.01.013"
"29489753","Environment dominates over host genetics in shaping human gut microbiota","Rothschild D, Weissbrod O, Barkan E, Kurilshikov A, Korem T, Zeevi D, Costea PI, Godneva A, Kalka IN, Bar N, Shilo S, Lador D, Vila AV, Zmora N, Pevsner-Fischer M, Israeli D, Kosower N, Malka G, Wolf BC, Avnit-Sagi T, Lotan-Pompan M, Weinberger A, Halpern Z, Carmi S, Fu J, Wijmenga C, Zhernakova A, Elinav E, Segal E.","Nature. 2018 Mar 8;555(7695):210-215. doi: 10.1038/nature25973. Epub 2018 Feb 28.","Rothschild D","Nature","2018","2018/03/01","","","10.1038/nature25973"
"28901279","The Role of Physical Exercise and Omega-3 Fatty Acids in Depressive Illness in the Elderly","Farioli Vecchioli S, Sacchetti S, Nicolis di Robilant V, Cutuli D.","Curr Neuropharmacol. 2018 Mar 5;16(3):308-326. doi: 10.2174/1570159X15666170912113852.","Farioli Vecchioli S","Curr Neuropharmacol","2018","2017/09/14","PMC5843982","","10.2174/1570159X15666170912113852"
"29031410","Harnessing Gut Microbes for Mental Health: Getting From Here to There","Bruce-Keller AJ, Salbaum JM, Berthoud HR.","Biol Psychiatry. 2018 Feb 1;83(3):214-223. doi: 10.1016/j.biopsych.2017.08.014. Epub 2017 Aug 30.","Bruce-Keller AJ","Biol Psychiatry","2018","2017/10/17","PMC5859957","NIHMS945683","10.1016/j.biopsych.2017.08.014"
"28767318","The Gut Microbiome and Mental Health: Implications for Anxiety- and Trauma-Related Disorders","Malan-Muller S, Valles-Colomer M, Raes J, Lowry CA, Seedat S, Hemmings SMJ.","OMICS. 2018 Feb;22(2):90-107. doi: 10.1089/omi.2017.0077. Epub 2017 Aug 2.","Malan-Muller S","OMICS","2018","2017/08/03","","","10.1089/omi.2017.0077"
"28624847","The microbiome-gut-brain axis: implications for schizophrenia and antipsychotic induced weight gain","Kanji S, Fonseka TM, Marshe VS, Sriretnakumar V, Hahn MK, Müller DJ.","Eur Arch Psychiatry Clin Neurosci. 2018 Feb;268(1):3-15. doi: 10.1007/s00406-017-0820-z. Epub 2017 Jun 17.","Kanji S","Eur Arch Psychiatry Clin Neurosci","2018","2017/06/19","","","10.1007/s00406-017-0820-z"
"28442250","Analysis of microbiota in first episode psychosis identifies preliminary associations with symptom severity and treatment response","Schwarz E, Maukonen J, Hyytiäinen T, Kieseppä T, Orešič M, Sabunciyan S, Mantere O, Saarela M, Yolken R, Suvisaari J.","Schizophr Res. 2018 Feb;192:398-403. doi: 10.1016/j.schres.2017.04.017. Epub 2017 Apr 22.","Schwarz E","Schizophr Res","2018","2017/04/27","","","10.1016/j.schres.2017.04.017"
"29249803","Possible role of the gut microbiota-brain axis in the antidepressant effects of (R)-ketamine in a social defeat stress model","Yang C, Qu Y, Fujita Y, Ren Q, Ma M, Dong C, Hashimoto K.","Transl Psychiatry. 2017 Dec 18;7(12):1294. doi: 10.1038/s41398-017-0031-4.","Yang C","Transl Psychiatry","2017","2017/12/19","PMC5802627","","10.1038/s41398-017-0031-4"
"29276734","Stress & the gut-brain axis: Regulation by the microbiome","Foster JA, Rinaman L, Cryan JF.","Neurobiol Stress. 2017 Mar 19;7:124-136. doi: 10.1016/j.ynstr.2017.03.001. eCollection 2017 Dec.","Foster JA","Neurobiol Stress","2017","2017/12/26","PMC5736941","","10.1016/j.ynstr.2017.03.001"
"27900676","Functional Implications of the IL-23/IL-17 Immune Axis in Schizophrenia","Debnath M, Berk M.","Mol Neurobiol. 2017 Dec;54(10):8170-8178. doi: 10.1007/s12035-016-0309-1. Epub 2016 Nov 29.","Debnath M","Mol Neurobiol","2017","2016/12/01","","","10.1007/s12035-016-0309-1"
"29213271","Visceral Inflammation and Immune Activation Stress the Brain","Holzer P, Farzi A, Hassan AM, Zenz G, Jačan A, Reichmann F.","Front Immunol. 2017 Nov 22;8:1613. doi: 10.3389/fimmu.2017.01613. eCollection 2017.","Holzer P","Front Immunol","2017","2017/12/08","PMC5702648","","10.3389/fimmu.2017.01613"
"29147024","Comparison of (R)-ketamine and lanicemine on depression-like phenotype and abnormal composition of gut microbiota in a social defeat stress model","Qu Y, Yang C, Ren Q, Ma M, Dong C, Hashimoto K.","Sci Rep. 2017 Nov 16;7(1):15725. doi: 10.1038/s41598-017-16060-7.","Qu Y","Sci Rep","2017","2017/11/18","PMC5691133","","10.1038/s41598-017-16060-7"
"28899766","Health relevance of the modification of low grade inflammation in ageing (inflammageing) and the role of nutrition","Calder PC, Bosco N, Bourdet-Sicard R, Capuron L, Delzenne N, Doré J, Franceschi C, Lehtinen MJ, Recker T, Salvioli S, Visioli F.","Ageing Res Rev. 2017 Nov;40:95-119. doi: 10.1016/j.arr.2017.09.001. Epub 2017 Sep 9.","Calder PC","Ageing Res Rev","2017","2017/09/14","","","10.1016/j.arr.2017.09.001"
"28716445","Feeding Systems and the Gut Microbiome: Gut-Brain Interactions With Relevance to Psychiatric Conditions","Mason BL.","Psychosomatics. 2017 Nov-Dec;58(6):574-580. doi: 10.1016/j.psym.2017.06.002. Epub 2017 Jun 8.","Mason BL","Psychosomatics","2017","2017/07/19","","","10.1016/j.psym.2017.06.002"
"28629758","Implications of the gut microbiota in vulnerability to the social avoidance effects of chronic social defeat in male mice","Szyszkowicz JK, Wong A, Anisman H, Merali Z, Audet MC.","Brain Behav Immun. 2017 Nov;66:45-55. doi: 10.1016/j.bbi.2017.06.009. Epub 2017 Jun 17.","Szyszkowicz JK","Brain Behav Immun","2017","2017/06/21","","","10.1016/j.bbi.2017.06.009"
"28536926","Structural changes of gut microbiota in Parkinson's disease and its correlation with clinical features","Li W, Wu X, Hu X, Wang T, Liang S, Duan Y, Jin F, Qin B.","Sci China Life Sci. 2017 Nov;60(11):1223-1233. doi: 10.1007/s11427-016-9001-4. Epub 2017 May 20.","Li W","Sci China Life Sci","2017","2017/05/25","","","10.1007/s11427-016-9001-4"
"28593878","Microbiota abnormalities and the therapeutic potential of probiotics in the treatment of mood disorders","Rios AC, Maurya PK, Pedrini M, Zeni-Graiff M, Asevedo E, Mansur RB, Wieck A, Grassi-Oliveira R, McIntyre RS, Hayashi MAF, Brietzke E.","Rev Neurosci. 2017 Oct 26;28(7):739-749. doi: 10.1515/revneuro-2017-0001.","Rios AC","Rev Neurosci","2017","2017/06/09","","","10.1515/revneuro-2017-0001"
"29022384","Does the maternal vaginal microbiota play a role in seeding the microbiota of neonatal gut and nose?","Sakwinska O, Foata F, Berger B, Brüssow H, Combremont S, Mercenier A, Dogra S, Soh SE, Yen JCK, Heong GYS, Lee YS, Yap F, Meaney MJ, Chong YS, Godfrey KM, Holbrook JD.","Benef Microbes. 2017 Oct 13;8(5):763-778. doi: 10.3920/BM2017.0064. Epub 2017 Oct 12.","Sakwinska O","Benef Microbes","2017","2017/10/13","","","10.3920/BM2017.0064"
"29023380","The Gut Microbiome Feelings of the Brain: A Perspective for Non-Microbiologists","Lerner A, Neidhöfer S, Matthias T.","Microorganisms. 2017 Oct 12;5(4):66. doi: 10.3390/microorganisms5040066.","Lerner A","Microorganisms","2017","2017/10/13","PMC5748575","","10.3390/microorganisms5040066"
"28976454","The Gut and Its Microbiome as Related to Central Nervous System Functioning and Psychological Well-being: Introduction to the Special Issue of Psychosomatic Medicine","Mayer EA, Hsiao EY.","Psychosom Med. 2017 Oct;79(8):844-846. doi: 10.1097/PSY.0000000000000525.","Mayer EA","Psychosom Med","2017","2017/10/05","PMC5924442","NIHMS901847","10.1097/PSY.0000000000000525"
"28816544","Animal inflammation-based models of depression and their application to drug discovery","Ma L, Demin KA, Kolesnikova TO, Khatsko SL, Zhu X, Yuan X, Song C, Meshalkina DA, Leonard BE, Tian L, Kalueff AV.","Expert Opin Drug Discov. 2017 Oct;12(10):995-1009. doi: 10.1080/17460441.2017.1362385. Epub 2017 Aug 17.","Ma L","Expert Opin Drug Discov","2017","2017/08/18","","","10.1080/17460441.2017.1362385"
"28806201","Brain-Gut-Microbiota Axis and Mental Health","Dinan TG, Cryan JF.","Psychosom Med. 2017 Oct;79(8):920-926. doi: 10.1097/PSY.0000000000000519.","Dinan TG","Psychosom Med","2017","2017/08/15","","","10.1097/PSY.0000000000000519"
"29071061","Gut microbiota's effect on mental health: The gut-brain axis","Clapp M, Aurora N, Herrera L, Bhatia M, Wilen E, Wakefield S.","Clin Pract. 2017 Sep 15;7(4):987. doi: 10.4081/cp.2017.987. eCollection 2017 Sep 15.","Clapp M","Clin Pract","2017","2017/10/27","PMC5641835","","10.4081/cp.2017.987"
"28852308","Influence of gut microbiota on neuropsychiatric disorders","Cenit MC, Sanz Y, Codoñer-Franch P.","World J Gastroenterol. 2017 Aug 14;23(30):5486-5498. doi: 10.3748/wjg.v23.i30.5486.","Cenit MC","World J Gastroenterol","2017","2017/08/31","PMC5558112","","10.3748/wjg.v23.i30.5486"
"28027925","Impact of prebiotics on metabolic and behavioral alterations in a mouse model of metabolic syndrome","de Cossío LF, Fourrier C, Sauvant J, Everard A, Capuron L, Cani PD, Layé S, Castanon N.","Brain Behav Immun. 2017 Aug;64:33-49. doi: 10.1016/j.bbi.2016.12.022. Epub 2016 Dec 24.","de Cossío LF","Brain Behav Immun","2017","2016/12/29","","","10.1016/j.bbi.2016.12.022"
"28399458","The role of maternal anxiety and depressive disorders prior to and during pregnancy and perinatal psychopathological symptoms for early infant diseases and drug administration","Krause L, Einsle F, Petzoldt J, Wittchen HU, Martini J.","Early Hum Dev. 2017 Jun;109:7-14. doi: 10.1016/j.earlhumdev.2017.03.009. Epub 2017 Apr 8.","Krause L","Early Hum Dev","2017","2017/04/12","","","10.1016/j.earlhumdev.2017.03.009"
"28556833","Blockade of interleukin-6 receptor in the periphery promotes rapid and sustained antidepressant actions: a possible role of gut-microbiota-brain axis","Zhang JC, Yao W, Dong C, Yang C, Ren Q, Ma M, Hashimoto K.","Transl Psychiatry. 2017 May 30;7(5):e1138. doi: 10.1038/tp.2017.112.","Zhang JC","Transl Psychiatry","2017","2017/05/31","PMC5534942","","10.1038/tp.2017.112"
"28368029","Bifidobacterium in the gut microbiota confer resilience to chronic social defeat stress in mice","Yang C, Fujita Y, Ren Q, Ma M, Dong C, Hashimoto K.","Sci Rep. 2017 Apr 3;7:45942. doi: 10.1038/srep45942.","Yang C","Sci Rep","2017","2017/04/04","PMC5377462","","10.1038/srep45942"
"28572752","Chronic alcohol overconsumption may alter gut microbial metabolism: a retrospective study of 719 (13)C-D-xylose breath test results","Bjørkhaug ST, Skar V, Medhus AW, Tollisen A, Bramness JG, Valeur J.","Microb Ecol Health Dis. 2017 Mar 17;28(1):1301725. doi: 10.1080/16512235.2017.1301725. eCollection 2017.","Bjørkhaug ST","Microb Ecol Health Dis","2017","2017/06/03","PMC5443100","","10.1080/16512235.2017.1301725"
"28245172","The gut microbiota and psychiatric illness","MacQueen G, Surette M, Moayyedi P.","J Psychiatry Neurosci. 2017 Mar;42(2):75-77. doi: 10.1503/jpn.170028.","MacQueen G","J Psychiatry Neurosci","2017","2017/03/01","PMC5373703","","10.1503/jpn.170028"
"28158162","Potential Beneficial Effects of Probiotics on Human Migraine Headache: A Literature Review","Dai YJ, Wang HY, Wang XJ, Kaye AD, Sun YH.","Pain Physician. 2017 Feb;20(2):E251-E255.","Dai YJ","Pain Physician","2017","2017/02/04","","",""
"27763700","Early life diets with prebiotics and bioactive milk fractions attenuate the impact of stress on learned helplessness behaviours and alter gene expression within neural circuits important for stress resistance","Mika A, Day HE, Martinez A, Rumian NL, Greenwood BN, Chichlowski M, Berg BM, Fleshner M.","Eur J Neurosci. 2017 Feb;45(3):342-357. doi: 10.1111/ejn.13444. Epub 2016 Nov 12.","Mika A","Eur J Neurosci","2017","2016/10/21","","","10.1111/ejn.13444"
"28121994","Diet and ADHD, Reviewing the Evidence: A Systematic Review of Meta-Analyses of Double-Blind Placebo-Controlled Trials Evaluating the Efficacy of Diet Interventions on the Behavior of Children with ADHD","Pelsser LM, Frankena K, Toorman J, Rodrigues Pereira R.","PLoS One. 2017 Jan 25;12(1):e0169277. doi: 10.1371/journal.pone.0169277. eCollection 2017.","Pelsser LM","PLoS One","2017","2017/01/26","PMC5266211","","10.1371/journal.pone.0169277"
"28073356","Gut microbiota disturbance during helminth infection: can it affect cognition and behaviour of children?","Guernier V, Brennan B, Yakob L, Milinovich G, Clements AC, Soares Magalhaes RJ.","BMC Infect Dis. 2017 Jan 10;17(1):58. doi: 10.1186/s12879-016-2146-2.","Guernier V","BMC Infect Dis","2017","2017/01/12","PMC5225537","","10.1186/s12879-016-2146-2"
"28680792","Using Animal Models to Study the Role of the Gut-Brain Axis in Autism","Nithianantharajah J, Balasuriya GK, Franks AE, Hill-Yardin EL.","Curr Dev Disord Rep. 2017;4(2):28-36. doi: 10.1007/s40474-017-0111-4. Epub 2017 May 12.","Nithianantharajah J","Curr Dev Disord Rep","2017","2017/07/07","PMC5488132","","10.1007/s40474-017-0111-4"
"27319972","Microbes, Immunity, and Behavior: Psychoneuroimmunology Meets the Microbiome","Dinan TG, Cryan JF.","Neuropsychopharmacology. 2017 Jan;42(1):178-192. doi: 10.1038/npp.2016.103. Epub 2016 Jun 20.","Dinan TG","Neuropsychopharmacology","2017","2016/06/21","PMC5143479","","10.1038/npp.2016.103"
"27930574","A MeSH-based text mining method for identifying novel prebiotics","Shan G, Lu Y, Min B, Qu W, Zhang C.","Medicine (Baltimore). 2016 Dec;95(49):e5585. doi: 10.1097/MD.0000000000005585.","Shan G","Medicine (Baltimore)","2016","2016/12/09","PMC5266046","","10.1097/MD.0000000000005585"
"27566465","Alzheimer's disease and gut microbiota","Hu X, Wang T, Jin F.","Sci China Life Sci. 2016 Oct;59(10):1006-1023. doi: 10.1007/s11427-016-5083-9. Epub 2016 Aug 26.","Hu X","Sci China Life Sci","2016","2016/08/28","","","10.1007/s11427-016-5083-9"
"27698624","Integrative Therapies in Anxiety Treatment with Special Emphasis on the Gut Microbiome","Schnorr SL, Bachner HA.","Yale J Biol Med. 2016 Sep 30;89(3):397-422. eCollection 2016 Sep.","Schnorr SL","Yale J Biol Med","2016","2016/10/05","PMC5045149","",""
"25034760","Autoimmune diseases, gastrointestinal disorders and the microbiome in schizophrenia: more than a gut feeling","Severance EG, Yolken RH, Eaton WW.","Schizophr Res. 2016 Sep;176(1):23-35. doi: 10.1016/j.schres.2014.06.027. Epub 2014 Jul 15.","Severance EG","Schizophr Res","2016","2014/07/19","PMC4294997","NIHMS609548","10.1016/j.schres.2014.06.027"
"26923630","Cognitive impairment by antibiotic-induced gut dysbiosis: Analysis of gut microbiota-brain communication","Fröhlich EE, Farzi A, Mayerhofer R, Reichmann F, Jačan A, Wagner B, Zinser E, Bordag N, Magnes C, Fröhlich E, Kashofer K, Gorkiewicz G, Holzer P.","Brain Behav Immun. 2016 Aug;56:140-55. doi: 10.1016/j.bbi.2016.02.020. Epub 2016 Feb 23.","Fröhlich EE","Brain Behav Immun","2016","2016/03/01","PMC5014122","EMS67822","10.1016/j.bbi.2016.02.020"
"26810963","Dietary fiber intake and depressive symptoms in Japanese employees: The Furukawa Nutrition and Health Study","Miki T, Eguchi M, Kurotani K, Kochi T, Kuwahara K, Ito R, Kimura Y, Tsuruoka H, Akter S, Kashino I, Kabe I, Kawakami N, Mizoue T.","Nutrition. 2016 May;32(5):584-9. doi: 10.1016/j.nut.2015.11.014. Epub 2015 Dec 23.","Miki T","Nutrition","2016","2016/01/27","","","10.1016/j.nut.2015.11.014"
"26438800","Gut Microbiota and Brain Function: An Evolving Field in Neuroscience","Foster JA, Lyte M, Meyer E, Cryan JF.","Int J Neuropsychopharmacol. 2016 Apr 29;19(5):pyv114. doi: 10.1093/ijnp/pyv114. Print 2016 May.","Foster JA","Int J Neuropsychopharmacol","2016","2015/10/07","PMC4886662","","10.1093/ijnp/pyv114"
"27048547","Mood by microbe: towards clinical translation","Dinan TG, Cryan JF.","Genome Med. 2016 Apr 6;8(1):36. doi: 10.1186/s13073-016-0292-1.","Dinan TG","Genome Med","2016","2016/04/07","PMC4822287","","10.1186/s13073-016-0292-1"
"27793226","Gut Microbiome and Behavior: Focus on Neuroimmune Interactions","Foster JA.","Int Rev Neurobiol. 2016;131:49-65. doi: 10.1016/bs.irn.2016.07.005. Epub 2016 Aug 29.","Foster JA","Int Rev Neurobiol","2016","2016/10/30","","","10.1016/bs.irn.2016.07.005"
"27793225","The Importance of Diet and Gut Health to the Treatment and Prevention of Mental Disorders","Dawson SL, Dash SR, Jacka FN.","Int Rev Neurobiol. 2016;131:325-346. doi: 10.1016/bs.irn.2016.08.009. Epub 2016 Sep 28.","Dawson SL","Int Rev Neurobiol","2016","2016/10/30","","","10.1016/bs.irn.2016.08.009"
"26927355","Letter to the Editor: The Surge of Type 2 Diabetes Mellitus in China - an International Alert: Physical Exercise and Low-Caloric Diet May Reduce the Risks of Type 2 Diabetes Mellitus and Dementia","Kao PC, Han QJ, Liu S, Li XJ, Inman KS, Chia N.","Ann Clin Lab Sci. 2016 Winter;46(1):114-8.","Kao PC","Ann Clin Lab Sci","2016","2016/03/02","","",""
"26633823","Prevention of Diet-Induced Obesity Effects on Body Weight and Gut Microbiota in Mice Treated Chronically with Δ9-Tetrahydrocannabinol","Cluny NL, Keenan CM, Reimer RA, Le Foll B, Sharkey KA.","PLoS One. 2015 Dec 3;10(12):e0144270. doi: 10.1371/journal.pone.0144270. eCollection 2015.","Cluny NL","PLoS One","2015","2015/12/04","PMC4669115","","10.1371/journal.pone.0144270"
"26408987","Administration of Lactobacillus helveticus NS8 improves behavioral, cognitive, and biochemical aberrations caused by chronic restraint stress","Liang S, Wang T, Hu X, Luo J, Li W, Wu X, Duan Y, Jin F.","Neuroscience. 2015 Dec 3;310:561-77. doi: 10.1016/j.neuroscience.2015.09.033. Epub 2015 Sep 25.","Liang S","Neuroscience","2015","2015/09/27","","","10.1016/j.neuroscience.2015.09.033"
"26426677","Neuroimmune pharmacological approaches","Holzer P, Hassan AM, Jain P, Reichmann F, Farzi A.","Curr Opin Pharmacol. 2015 Dec;25:13-22. doi: 10.1016/j.coph.2015.09.003. Epub 2015 Sep 29.","Holzer P","Curr Opin Pharmacol","2015","2015/10/02","PMC4830400","EMS67820","10.1016/j.coph.2015.09.003"
"26590418","Personalized Nutrition by Prediction of Glycemic Responses","Zeevi D, Korem T, Zmora N, Israeli D, Rothschild D, Weinberger A, Ben-Yacov O, Lador D, Avnit-Sagi T, Lotan-Pompan M, Suez J, Mahdi JA, Matot E, Malka G, Kosower N, Rein M, Zilberman-Schapira G, Dohnalová L, Pevsner-Fischer M, Bikovsky R, Halpern Z, Elinav E, Segal E.","Cell. 2015 Nov 19;163(5):1079-1094. doi: 10.1016/j.cell.2015.11.001.","Zeevi D","Cell","2015","2015/11/23","","","10.1016/j.cell.2015.11.001"
"26129950","Antibiotic-induced imbalances in gut microbiota aggravates cholesterol accumulation and liver injuries in rats fed a high-cholesterol diet","Hu X, Wang T, Liang S, Li W, Wu X, Jin F.","Appl Microbiol Biotechnol. 2015 Nov;99(21):9111-22. doi: 10.1007/s00253-015-6753-4. Epub 2015 Jul 1.","Hu X","Appl Microbiol Biotechnol","2015","2015/07/02","","","10.1007/s00253-015-6753-4"
"26497477","The Microbiome in Mental Health: Potential Contribution of Gut Microbiota in Disease and Pharmacotherapy Management","Flowers SA, Ellingrod VL.","Pharmacotherapy. 2015 Oct;35(10):910-6. doi: 10.1002/phar.1640.","Flowers SA","Pharmacotherapy","2015","2015/10/27","","","10.1002/phar.1640"
"26370263","Systematic review of evidence to support the theory of psychobiotics","Romijn AR, Rucklidge JJ.","Nutr Rev. 2015 Oct;73(10):675-93. doi: 10.1093/nutrit/nuv025. Epub 2015 Sep 13.","Romijn AR","Nutr Rev","2015","2015/09/16","","","10.1093/nutrit/nuv025"
"26242295","The link between obesity and vitamin D in bariatric patients with omega-loop gastric bypass surgery - a vitamin D supplementation trial to compare the efficacy of postoperative cholecalciferol loading (LOAD): study protocol for a randomized controlled trial","Luger M, Kruschitz R, Marculescu R, Haslacher H, Hoppichler F, Kallay E, Kienbacher C, Klammer C, Kral M, Langer F, Luger E, Prager G, Trauner M, Traussnigg S, Würger T, Schindler K, Ludvik B.","Trials. 2015 Aug 5;16:328. doi: 10.1186/s13063-015-0877-9.","Luger M","Trials","2015","2015/08/06","PMC4524369","","10.1186/s13063-015-0877-9"
"26190966","Role of neuroinflammation in the emotional and cognitive alterations displayed by animal models of obesity","Castanon N, Luheshi G, Layé S.","Front Neurosci. 2015 Jul 3;9:229. doi: 10.3389/fnins.2015.00229. eCollection 2015.","Castanon N","Front Neurosci","2015","2015/07/21","PMC4490252","","10.3389/fnins.2015.00229"
"25772005","Collective unconscious: how gut microbes shape human behavior","Dinan TG, Stilling RM, Stanton C, Cryan JF.","J Psychiatr Res. 2015 Apr;63:1-9. doi: 10.1016/j.jpsychires.2015.02.021. Epub 2015 Mar 3.","Dinan TG","J Psychiatr Res","2015","2015/03/17","","","10.1016/j.jpsychires.2015.02.021"
"25173628","Obese-type gut microbiota induce neurobehavioral changes in the absence of obesity","Bruce-Keller AJ, Salbaum JM, Luo M, Blanchard E 4th, Taylor CM, Welsh DA, Berthoud HR.","Biol Psychiatry. 2015 Apr 1;77(7):607-15. doi: 10.1016/j.biopsych.2014.07.012. Epub 2014 Jul 18.","Bruce-Keller AJ","Biol Psychiatry","2015","2014/09/01","PMC4297748","NIHMS624629","10.1016/j.biopsych.2014.07.012"
"25634609","The human gut microbiota with reference to autism spectrum disorder: considering the whole as more than a sum of its parts","Toh MC, Allen-Vercoe E.","Microb Ecol Health Dis. 2015 Jan 28;26:26309. doi: 10.3402/mehd.v26.26309. eCollection 2015.","Toh MC","Microb Ecol Health Dis","2015","2015/01/31","PMC4310852","","10.3402/mehd.v26.26309"
"25911232","Microbiota regulation of the Mammalian gut-brain axis","Burokas A, Moloney RD, Dinan TG, Cryan JF.","Adv Appl Microbiol. 2015;91:1-62. doi: 10.1016/bs.aambs.2015.02.001. Epub 2015 Mar 11.","Burokas A","Adv Appl Microbiol","2015","2015/04/26","","","10.1016/bs.aambs.2015.02.001"
"25869281","Lactobacillus fermentum NS9 restores the antibiotic induced physiological and psychological abnormalities in rats","Wang T, Hu X, Liang S, Li W, Wu X, Wang L, Jin F.","Benef Microbes. 2015;6(5):707-17. doi: 10.3920/BM2014.0177. Epub 2015 Apr 22.","Wang T","Benef Microbes","2015","2015/04/15","","","10.3920/BM2014.0177"
"25567038","The gut microbiota and inflammatory noncommunicable diseases: associations and potentials for gut microbiota therapies","West CE, Renz H, Jenmalm MC, Kozyrskyj AL, Allen KJ, Vuillermin P, Prescott SL; in-FLAME Microbiome Interest Group.","J Allergy Clin Immunol. 2015 Jan;135(1):3-13; quiz 14. doi: 10.1016/j.jaci.2014.11.012.","West CE","J Allergy Clin Immunol","2015","2015/01/09","","","10.1016/j.jaci.2014.11.012"
"25415497","The gut microbiome and diet in psychiatry: focus on depression","Dash S, Clarke G, Berk M, Jacka FN.","Curr Opin Psychiatry. 2015 Jan;28(1):1-6. doi: 10.1097/YCO.0000000000000117.","Dash S","Curr Opin Psychiatry","2015","2014/11/22","","","10.1097/YCO.0000000000000117"
"25231862","Artificial sweeteners induce glucose intolerance by altering the gut microbiota","Suez J, Korem T, Zeevi D, Zilberman-Schapira G, Thaiss CA, Maza O, Israeli D, Zmora N, Gilad S, Weinberger A, Kuperman Y, Harmelin A, Kolodkin-Gal I, Shapiro H, Halpern Z, Segal E, Elinav E.","Nature. 2014 Oct 9;514(7521):181-6. doi: 10.1038/nature13793. Epub 2014 Sep 17.","Suez J","Nature","2014","2014/09/19","","","10.1038/nature13793"
"24956966","Microbiota and neurodevelopmental windows: implications for brain disorders","Borre YE, O'Keeffe GW, Clarke G, Stanton C, Dinan TG, Cryan JF.","Trends Mol Med. 2014 Sep;20(9):509-18. doi: 10.1016/j.molmed.2014.05.002. Epub 2014 Jun 20.","Borre YE","Trends Mol Med","2014","2014/06/25","","","10.1016/j.molmed.2014.05.002"
"24798884","Priming for health: gut microbiota acquired in early life regulates physiology, brain and behaviour","Clarke G, O'Mahony SM, Dinan TG, Cryan JF.","Acta Paediatr. 2014 Aug;103(8):812-9. doi: 10.1111/apa.12674. Epub 2014 May 17.","Clarke G","Acta Paediatr","2014","2014/05/07","","","10.1111/apa.12674"
"24103493","Excess body weight during pregnancy and offspring obesity: potential mechanisms","Paliy O, Piyathilake CJ, Kozyrskyj A, Celep G, Marotta F, Rastmanesh R.","Nutrition. 2014 Mar;30(3):245-51. doi: 10.1016/j.nut.2013.05.011. Epub 2013 Oct 6.","Paliy O","Nutrition","2014","2013/10/10","","","10.1016/j.nut.2013.05.011"
"21167931","Lymphocytes in neuroprotection, cognition and emotion: is intolerance really the answer?","Rook GA, Lowry CA, Raison CL.","Brain Behav Immun. 2011 May;25(4):591-601. doi: 10.1016/j.bbi.2010.12.005. Epub 2010 Dec 16.","Rook GA","Brain Behav Immun","2011","2010/12/21","","","10.1016/j.bbi.2010.12.005"
