﻿PMID,Title,Authors,Citation,First Author,Journal/Book,Publication Year,Create Date,PMCID,NIHMS ID,DOI
"38663221","Effects of antipsychotics on the gastrointestinal microbiota: A systematic review","Dias MF, Nogueira YJA, Romano-Silva MA, Marques de Miranda D.","Psychiatry Res. 2024 Jun;336:115914. doi: 10.1016/j.psychres.2024.115914. Epub 2024 Apr 16.","Dias MF","Psychiatry Res","2024","2024/04/25","","","10.1016/j.psychres.2024.115914"
"38422755","Gut microbiota disturbances in hospitalized older adults with malnutrition and clinical outcomes","Muñoz-Fernandez SS, Garcez FB, Alencar JCG, Bastos AA, Morley JE, Cederholm T, Aprahamian I, de Souza HP, Avelino-Silva TJ, Bindels LB, Ribeiro SML.","Nutrition. 2024 Jun;122:112369. doi: 10.1016/j.nut.2024.112369. Epub 2024 Feb 1.","Muñoz-Fernandez SS","Nutrition","2024","2024/02/29","","","10.1016/j.nut.2024.112369"
"38722169","Preface: Special issue: ""Ion channels and genetic epilepsy""","Reid CA.","J Neurochem. 2024 May 9. doi: 10.1111/jnc.16121. Online ahead of print.","Reid CA","J Neurochem","2024","2024/05/09","","","10.1111/jnc.16121"
"38582087","Gut bacteria-driven homovanillic acid alleviates depression by modulating synaptic integrity","Zhao M, Ren Z, Zhao A, Tang Y, Kuang J, Li M, Chen T, Wang S, Wang J, Zhang H, Wang J, Zhang T, Zeng J, Liu X, Xie G, Liu P, Sun N, Bao T, Nie T, Lin J, Liu P, Zheng Y, Zheng X, Liu T, Jia W.","Cell Metab. 2024 May 7;36(5):1000-1012.e6. doi: 10.1016/j.cmet.2024.03.010. Epub 2024 Apr 5.","Zhao M","Cell Metab","2024","2024/04/06","","","10.1016/j.cmet.2024.03.010"
"38700338","Association between gut microbiota dysbiosis and poor functional outcomes in acute ischemic stroke patients with COVID-19 infection","Chen J, Gao X, Liang J, Wu Q, Shen L, Zheng Y, Ma Y, Peng Y, He Y, Yin J.","mSystems. 2024 May 3:e0018524. doi: 10.1128/msystems.00185-24. Online ahead of print.","Chen J","mSystems","2024","2024/05/03","","","10.1128/msystems.00185-24"
"38707924","The influence of the gut-brain axis on anxiety and depression: A review of the literature on the use of probiotics","Ferrari S, Mulè S, Parini F, Galla R, Ruga S, Rosso G, Brovero A, Molinari C, Uberti F.","J Tradit Complement Med. 2024 Mar 21;14(3):237-255. doi: 10.1016/j.jtcme.2024.03.011. eCollection 2024 May.","Ferrari S","J Tradit Complement Med","2024","2024/05/06","PMC11069002","","10.1016/j.jtcme.2024.03.011"
"38461054","Response to letter to the editor on guardians of rest? Investigating the gut microbiota in central hypersomnolence disorders","Kreisinger J, Jezkova J, Sonka K, Prochazkova P, Tlaskalova-Hogenova H, Nevsimalova S, Buskova J, Merkova R, Dvorakova T, Prihodova I, Dostalova S, Roubalova R.","Sleep Med. 2024 May;117:223-224. doi: 10.1016/j.sleep.2024.02.042. Epub 2024 Mar 4.","Kreisinger J","Sleep Med","2024","2024/03/09","","","10.1016/j.sleep.2024.02.042"
"38401573","A role of gut-brain axis on prophylactic actions of arketamine in male mice exposed to chronic restrain stress","Ma L, Eguchi A, Liu G, Qu Y, Wan X, Murayama R, Mori C, Hashimoto K.","Pharmacol Biochem Behav. 2024 May;238:173736. doi: 10.1016/j.pbb.2024.173736. Epub 2024 Feb 23.","Ma L","Pharmacol Biochem Behav","2024","2024/02/24","","","10.1016/j.pbb.2024.173736"
"38693730","Probiotics for Inflammatory Bowel Disease; A Deep Dive into Their Impact on Disease Course and Associated Health Risks","Hassan WNM, Al-Kaabi MM, Akram NN, Kassim MAK, Pantazi AC.","Curr Med Chem. 2024 Apr 30. doi: 10.2174/0109298673314861240429072352. Online ahead of print.","Hassan WNM","Curr Med Chem","2024","2024/05/02","","","10.2174/0109298673314861240429072352"
"38660662","Causal roles of gut microbiota in cholangiocarcinoma etiology suggested by genetic study","Chen ZT, Ding CC, Chen KL, Gu YJ, Lu CC, Li QY.","World J Gastrointest Oncol. 2024 Apr 15;16(4):1319-1333. doi: 10.4251/wjgo.v16.i4.1319.","Chen ZT","World J Gastrointest Oncol","2024","2024/04/25","PMC11037042","","10.4251/wjgo.v16.i4.1319"
"38606523","Current iron therapy in the light of regulation, intestinal microbiome, and toxicity: are we prescribing too much iron?","Dentand AL, Schubert MG, Krayenbuehl PA.","Crit Rev Clin Lab Sci. 2024 Apr 12:1-13. doi: 10.1080/10408363.2024.2331477. Online ahead of print.","Dentand AL","Crit Rev Clin Lab Sci","2024","2024/04/12","","","10.1080/10408363.2024.2331477"
"38416066","Relationship between type 1 narcolepsy and gut microbiota: sleepy people, sleepy microbiota?","Wu J, Li Y.","Sleep. 2024 Apr 12;47(4):zsae050. doi: 10.1093/sleep/zsae050.","Wu J","Sleep","2024","2024/02/28","PMC11009015","","10.1093/sleep/zsae050"
"38650872","The emerging roles of microbiota-derived extracellular vesicles in psychiatric disorders","Guo C, Bai Y, Li P, He K.","Front Microbiol. 2024 Apr 8;15:1383199. doi: 10.3389/fmicb.2024.1383199. eCollection 2024.","Guo C","Front Microbiol","2024","2024/04/23","PMC11033316","","10.3389/fmicb.2024.1383199"
"38589422","Transplantation of gut microbiota derived from patients with schizophrenia induces schizophrenia-like behaviors and dysregulated brain transcript response in mice","Wei N, Ju M, Su X, Zhang Y, Huang Y, Rao X, Cui L, Lin Z, Dong Y.","Schizophrenia (Heidelb). 2024 Apr 8;10(1):44. doi: 10.1038/s41537-024-00460-6.","Wei N","Schizophrenia (Heidelb)","2024","2024/04/08","PMC11001608","","10.1038/s41537-024-00460-6"
"38613114","Mapping Treatment Advances in the Neurobiology of Binge Eating Disorder: A Concept Paper","Donnelly B, Hay P.","Nutrients. 2024 Apr 7;16(7):1081. doi: 10.3390/nu16071081.","Donnelly B","Nutrients","2024","2024/04/13","PMC11013212","","10.3390/nu16071081"
"38613087","The Power of Psychobiotics in Depression: A Modern Approach through the Microbiota-Gut-Brain Axis: A Literature Review","Dziedzic A, Maciak K, Bliźniewska-Kowalska K, Gałecka M, Kobierecka W, Saluk J.","Nutrients. 2024 Apr 4;16(7):1054. doi: 10.3390/nu16071054.","Dziedzic A","Nutrients","2024","2024/04/13","PMC11013390","","10.3390/nu16071054"
"38488514","Ginsenoside Rk3 Regulates Tryptophan Metabolism along the Brain-Gut Axis by Targeting Tryptophan Hydroxylase and Remodeling the Intestinal Microenvironment to Alleviate Depressive-Like Behavior in Mice","Shao J, Qu L, Liu Y, Zhang J, Liu Y, Deng J, Ma X, Fan D.","J Agric Food Chem. 2024 Apr 3;72(13):7100-7120. doi: 10.1021/acs.jafc.3c07599. Epub 2024 Mar 15.","Shao J","J Agric Food Chem","2024","2024/03/15","","","10.1021/acs.jafc.3c07599"
"38565567","Gamma-aminobutyric acid as a potential postbiotic mediator in the gut-brain axis","Braga JD, Thongngam M, Kumrungsee T.","NPJ Sci Food. 2024 Apr 2;8(1):16. doi: 10.1038/s41538-024-00253-2.","Braga JD","NPJ Sci Food","2024","2024/04/02","PMC10987602","","10.1038/s41538-024-00253-2"
"38421192","Sleep deprivation-induced anxiety-like behaviors are associated with alterations in the gut microbiota and metabolites","Zhang N, Gao X, Li D, Xu L, Zhou G, Xu M, Peng L, Sun G, Pan F, Li Y, Ren R, Huang R, Yang Y, Wang Z.","Microbiol Spectr. 2024 Apr 2;12(4):e0143723. doi: 10.1128/spectrum.01437-23. Epub 2024 Feb 29.","Zhang N","Microbiol Spectr","2024","2024/02/29","","","10.1128/spectrum.01437-23"
"38508549","Along the microbiota-gut-brain axis: Use of plant polysaccharides to improve mental disorders","Gao J, Liang Y, Liu P.","Int J Biol Macromol. 2024 Apr;265(Pt 2):130903. doi: 10.1016/j.ijbiomac.2024.130903. Epub 2024 Mar 19.","Gao J","Int J Biol Macromol","2024","2024/03/20","","","10.1016/j.ijbiomac.2024.130903"
"38417224","Integrated multi-omics analysis reveals gut microbiota dysbiosis and systemic disturbance in major depressive disorder","Xie Z, Huang J, Sun G, He S, Luo Z, Zhang L, Li L, Yao M, Du C, Yu W, Feng Y, Yang D, Zhang J, Ge C, Li H, Geng M.","Psychiatry Res. 2024 Apr;334:115804. doi: 10.1016/j.psychres.2024.115804. Epub 2024 Feb 18.","Xie Z","Psychiatry Res","2024","2024/02/28","","","10.1016/j.psychres.2024.115804"
"36989335","Treatment response to supplemental nutrients for ADHD is independent of diet quality: the MADDY Study RCT","Robinette LM, Hatsu IE, Johnstone JM, Bruton AM, Leung BMY, Arnold LE.","Nutr Neurosci. 2024 Apr;27(4):319-328. doi: 10.1080/1028415X.2023.2191415. Epub 2023 Mar 29.","Robinette LM","Nutr Neurosci","2024","2023/03/29","PMC10539486","NIHMS1885282","10.1080/1028415X.2023.2191415"
"38606411","Markers of intestinal barrier damage in patients with chronic insomnia disorder","Cai Y, Gong D, Xiang T, Zhang X, Pan J.","Front Psychiatry. 2024 Mar 28;15:1373462. doi: 10.3389/fpsyt.2024.1373462. eCollection 2024.","Cai Y","Front Psychiatry","2024","2024/04/12","PMC11007705","","10.3389/fpsyt.2024.1373462"
"38576868","Bipolar disorder and the gut microbiota: a bibliometric analysis","Lin X, Huang J, Wang S, Zhang K.","Front Neurosci. 2024 Mar 21;18:1290826. doi: 10.3389/fnins.2024.1290826. eCollection 2024.","Lin X","Front Neurosci","2024","2024/04/05","PMC10991819","","10.3389/fnins.2024.1290826"
"38479554","Social isolation induces intestinal barrier disorder and imbalances gut microbiota in mice","Wang Y, Ullah H, Deng T, Ren X, Zhao Z, Xin Y, Qiu J.","Neurosci Lett. 2024 Mar 15;826:137714. doi: 10.1016/j.neulet.2024.137714. Epub 2024 Mar 11.","Wang Y","Neurosci Lett","2024","2024/03/13","","","10.1016/j.neulet.2024.137714"
"38458803","Multicomponent (bio)markers for obesity risk prediction: a scoping review protocol","Vahid F, Dessenne C, Tur JA, Bouzas C, Devaux Y, Malisoux L, Monserrat-Mesquida M, Sureda A, Desai MS, Turner JD, Lamy E, Perez-Jimenez M, Ravn-Haren G, Andersen R, Forberger S, Nagrani R, Ouzzahra Y, Fontefrancesco MF, Onorati MG, Bonetti GG, de-Magistris T, Bohn T.","BMJ Open. 2024 Mar 8;14(3):e083558. doi: 10.1136/bmjopen-2023-083558.","Vahid F","BMJ Open","2024","2024/03/08","PMC10928751","","10.1136/bmjopen-2023-083558"
"38463411","A Possible Role of Akkermansia muciniphila in the Treatment of Olanzapine-Induced Weight Gain","Bertossi F.","Cureus. 2024 Mar 7;16(3):e55733. doi: 10.7759/cureus.55733. eCollection 2024 Mar.","Bertossi F","Cureus","2024","2024/03/11","PMC10921070","","10.7759/cureus.55733"
"38426291","The microbiota-gut-brain axis in Huntington's disease: pathogenic mechanisms and therapeutic targets","Ekwudo MN, Gubert C, Hannan AJ.","FEBS J. 2024 Mar 1. doi: 10.1111/febs.17102. Online ahead of print.","Ekwudo MN","FEBS J","2024","2024/03/01","","","10.1111/febs.17102"
"38331354","Depression-like phenotypes in mice following common bile duct ligation: Insights into the gut-liver-brain axis via the vagus nerve","Yang Y, Eguchi A, Mori C, Hashimoto K.","Neurobiol Dis. 2024 Mar;192:106433. doi: 10.1016/j.nbd.2024.106433. Epub 2024 Feb 7.","Yang Y","Neurobiol Dis","2024","2024/02/08","","","10.1016/j.nbd.2024.106433"
"38327077","Metagenomic Analysis Reveals Difference of Gut Microbiota in ADHD","Wang N, Wang H, Bai Y, Zhao Y, Zheng X, Gao X, Zhang Z, Yang L.","J Atten Disord. 2024 Mar;28(5):872-879. doi: 10.1177/10870547231225491. Epub 2024 Feb 7.","Wang N","J Atten Disord","2024","2024/02/08","","","10.1177/10870547231225491"
"38317780","Gut microbiota regulate stress resistance by influencing microglia-neuron interactions in the hippocampus","He H, He H, Mo L, Yuan Q, Xiao C, Ma Q, Yi S, Zhou T, You Z, Zhang J.","Brain Behav Immun Health. 2024 Jan 23;36:100729. doi: 10.1016/j.bbih.2024.100729. eCollection 2024 Mar.","He H","Brain Behav Immun Health","2024","2024/02/06","PMC10840119","","10.1016/j.bbih.2024.100729"
"38278378","Fermented foods: Harnessing their potential to modulate the microbiota-gut-brain axis for mental health","Balasubramanian R, Schneider E, Gunnigle E, Cotter PD, Cryan JF.","Neurosci Biobehav Rev. 2024 Mar;158:105562. doi: 10.1016/j.neubiorev.2024.105562. Epub 2024 Jan 24.","Balasubramanian R","Neurosci Biobehav Rev","2024","2024/01/26","","","10.1016/j.neubiorev.2024.105562"
"37071196","Development of the gut microbiota in the first 14 years of life and its relations to internalizing and externalizing difficulties and social anxiety during puberty","Ou Y, Belzer C, Smidt H, de Weerth C.","Eur Child Adolesc Psychiatry. 2024 Mar;33(3):847-860. doi: 10.1007/s00787-023-02205-9. Epub 2023 Apr 18.","Ou Y","Eur Child Adolesc Psychiatry","2024","2023/04/18","PMC10894087","","10.1007/s00787-023-02205-9"
"36877601","The role of vitamin D in depression and anxiety disorders: a review of the literature","Renteria K, Nguyen H, Koh GY.","Nutr Neurosci. 2024 Mar;27(3):262-270. doi: 10.1080/1028415X.2023.2186318. Epub 2023 Mar 6.","Renteria K","Nutr Neurosci","2024","2023/03/06","","","10.1080/1028415X.2023.2186318"
"38421082","Unraveling the gut-brain connection: The association of microbiota-linked structural brain biomarkers with behavior and mental health","Contreras-Rodriguez O, Blasco G, Biarnés C, Puig J, Arnoriaga-Rodríguez M, Coll-Martinez C, Gich J, Ramió-Torrentà L, Motger-Albertí A, Pérez-Brocal V, Moya A, Radua J, Manuel Fernández-Real J.","Psychiatry Clin Neurosci. 2024 Feb 29. doi: 10.1111/pcn.13655. Online ahead of print.","Contreras-Rodriguez O","Psychiatry Clin Neurosci","2024","2024/02/29","","","10.1111/pcn.13655"
"38525261","Impact of dietary fiber on gut microbiota composition, function and gut-brain-modules in healthy adults - a systematic review protocol","Lachmansingh DA, Valderrama B, Bastiaanssen T, Cryan J, Clarke G, Lavelle A.","HRB Open Res. 2024 Feb 26;6:62. doi: 10.12688/hrbopenres.13794.2. eCollection 2023.","Lachmansingh DA","HRB Open Res","2024","2024/03/25","PMC10958149","","10.12688/hrbopenres.13794.2"
"38409102","Microbial composition, functionality, and stress resilience or susceptibility: unraveling sex-specific patterns","Tanelian A, Nankova B, Miari M, Sabban EL.","Biol Sex Differ. 2024 Feb 26;15(1):20. doi: 10.1186/s13293-024-00590-7.","Tanelian A","Biol Sex Differ","2024","2024/02/26","PMC10898170","","10.1186/s13293-024-00590-7"
"38381349","Adjunctive efficacy of Bifidobacterium animalis subsp. lactis XLTG11 for functional constipation in children","Chen K, Zhou Z, Nie Y, Cao Y, Yang P, Zhang Y, Xu P, Yu Q, Shen Y, Ma W, Jin S, Liu C.","Braz J Microbiol. 2024 Feb 21. doi: 10.1007/s42770-024-01276-3. Online ahead of print.","Chen K","Braz J Microbiol","2024","2024/02/21","","","10.1007/s42770-024-01276-3"
"38390241","Gut microbiota-derived short-chain fatty acids and depression: deep insight into biological mechanisms and potential applications","Cheng J, Hu H, Ju Y, Liu J, Wang M, Liu B, Zhang Y.","Gen Psychiatr. 2024 Feb 19;37(1):e101374. doi: 10.1136/gpsych-2023-101374. eCollection 2024.","Cheng J","Gen Psychiatr","2024","2024/02/23","PMC10882305","","10.1136/gpsych-2023-101374"
"38353184","Stressed to the Core: Inflammation and Intestinal Permeability Link Stress-Related Gut Microbiota Shifts to Mental Health Outcomes","Madison AA, Bailey MT.","Biol Psychiatry. 2024 Feb 15;95(4):339-347. doi: 10.1016/j.biopsych.2023.10.014. Epub 2023 Oct 29.","Madison AA","Biol Psychiatry","2024","2024/02/14","PMC10867428","NIHMS1953650","10.1016/j.biopsych.2023.10.014"
"38351227","Systematic identification of the role of gut microbiota in mental disorders: a TwinsUK cohort study","Delanote J, Correa Rojo A, Wells PM, Steves CJ, Ertaylan G.","Sci Rep. 2024 Feb 13;14(1):3626. doi: 10.1038/s41598-024-53929-w.","Delanote J","Sci Rep","2024","2024/02/13","PMC10864280","","10.1038/s41598-024-53929-w"
"38410510","Exploring the interplay between posttraumatic stress disorder, gut microbiota, and inflammatory biomarkers: a comprehensive meta-analysis","Petakh P, Oksenych V, Kamyshna I, Boisak I, Lyubomirskaya K, Kamyshnyi O.","Front Immunol. 2024 Feb 12;15:1349883. doi: 10.3389/fimmu.2024.1349883. eCollection 2024.","Petakh P","Front Immunol","2024","2024/02/27","PMC10895958","","10.3389/fimmu.2024.1349883"
"38432179","Combination of vitamin D(3) and fructooligosaccharides upregulates colonic vitamin D receptor in C57BL/6J mice and affects anxiety-related behavior in a sex-specific manner","Renteria KM, Constantine E, Teoh CM, Cooper A, Lozano N, Bauer S, Koh GY.","Nutr Res. 2024 Feb 11;125:16-26. doi: 10.1016/j.nutres.2024.02.003. Online ahead of print.","Renteria KM","Nutr Res","2024","2024/03/03","","","10.1016/j.nutres.2024.02.003"
"38350544","Exploring environmental exposomes and the gut-brain nexus: Unveiling the impact of pesticide exposure","Khoo SC, Zhang N, Luang-In V, Goh MS, Sonne C, Ma NL.","Environ Res. 2024 Feb 11;250:118441. doi: 10.1016/j.envres.2024.118441. Online ahead of print.","Khoo SC","Environ Res","2024","2024/02/13","","","10.1016/j.envres.2024.118441"
"38406183","Gut microbiota, nutrition, and mental health","Merlo G, Bachtel G, Sugden SG.","Front Nutr. 2024 Feb 9;11:1337889. doi: 10.3389/fnut.2024.1337889. eCollection 2024.","Merlo G","Front Nutr","2024","2024/02/26","PMC10884323","","10.3389/fnut.2024.1337889"
"38302874","Chronic intestinal pseudo-obstruction: associations with gut microbiota and genes expression of intestinal serotonergic pathway","Radocchia G, Marazzato M, Harbi KB, Capuzzo E, Pantanella F, De Giorgio R, Guarino M, Costanzini A, Zenzeri L, Parisi P, Ferretti A, Felici E, Palamara AT, Di Nardo G, Schippa S.","BMC Microbiol. 2024 Feb 2;24(1):48. doi: 10.1186/s12866-024-03200-z.","Radocchia G","BMC Microbiol","2024","2024/02/01","PMC10835911","","10.1186/s12866-024-03200-z"
"37307822","Brain-Gut-Microbiota Axis in Amyotrophic Lateral Sclerosis: A Historical Overview and Future Directions","Chen S, Cai X, Lao L, Wang Y, Su H, Sun H.","Aging Dis. 2024 Feb 1;15(1):74-95. doi: 10.14336/AD.2023.0524.","Chen S","Aging Dis","2024","2023/06/12","PMC10796086","","10.14336/AD.2023.0524"
"38273106","Human microbiota from drug-naive patients with obsessive-compulsive disorder drives behavioral symptoms and neuroinflammation via succinic acid in mice","Zhang YD, Shi DD, Liao BB, Li Y, Zhang S, Gao J, Lin LJ, Wang Z.","Mol Psychiatry. 2024 Jan 25. doi: 10.1038/s41380-024-02424-9. Online ahead of print.","Zhang YD","Mol Psychiatry","2024","2024/01/25","","","10.1038/s41380-024-02424-9"
"38278499","Alcohol use associated alterations in the circulating metabolite profile in the general population and in individuals with major depressive disorder","Kärkkäinen O, Tolmunen T, Kivimäki P, Kurkinen K, Ali-Sisto T, Mäntyselkä P, Valkonen-Korhonen M, Koivumaa-Honkanen H, Honkalampi K, Ruusunen A, Velagapudi V, Lehto SM.","Alcohol. 2024 Jan 24:S0741-8329(24)00014-4. doi: 10.1016/j.alcohol.2024.01.005. Online ahead of print.","Kärkkäinen O","Alcohol","2024","2024/01/26","","","10.1016/j.alcohol.2024.01.005"
"38292207","Gut-Brain Axis Impact on Canine Anxiety Disorders: New Challenges for Behavioral Veterinary Medicine","Sacoor C, Marugg JD, Lima NR, Empadinhas N, Montezinho L.","Vet Med Int. 2024 Jan 23;2024:2856759. doi: 10.1155/2024/2856759. eCollection 2024.","Sacoor C","Vet Med Int","2024","2024/01/31","PMC10827376","","10.1155/2024/2856759"
"38132705","Association of homelessness and diet on the gut microbiome: a United States-Veteran Microbiome Project (US-VMP) study","Hoisington AJ, Stearns-Yoder KA, Stamper CE, Holliday R, Brostow DP, Penzenik ME, Forster JE, Postolache TT, Lowry CA, Brenner LA.","mSystems. 2024 Jan 23;9(1):e0102123. doi: 10.1128/msystems.01021-23. Epub 2023 Dec 22.","Hoisington AJ","mSystems","2024","2023/12/22","PMC10804991","","10.1128/msystems.01021-23"
"38318337","Exploring the interplay between running exercises, microbial diversity, and tryptophan metabolism along the microbiota-gut-brain axis","Vazquez-Medina A, Rodriguez-Trujillo N, Ayuso-Rodriguez K, Marini-Martinez F, Angeli-Morales R, Caussade-Silvestrini G, Godoy-Vitorino F, Chorna N.","Front Microbiol. 2024 Jan 22;15:1326584. doi: 10.3389/fmicb.2024.1326584. eCollection 2024.","Vazquez-Medina A","Front Microbiol","2024","2024/02/06","PMC10838991","","10.3389/fmicb.2024.1326584"
"38247868","Psychiatric Comorbidities of Inflammatory Bowel Disease: It Is a Matter of Microglia's Gut Feeling","Fakhfouri G, Mijailović NR, Rahimian R.","Cells. 2024 Jan 17;13(2):177. doi: 10.3390/cells13020177.","Fakhfouri G","Cells","2024","2024/01/22","PMC10814793","","10.3390/cells13020177"
"38170072","Global scientific trends in healthy aging in the early 21st century: A data-driven scientometric and visualized analysis","Zhang Y, Gu Z, Xu Y, He M, Gerber BS, Wang Z, Liu F, Peng C.","Heliyon. 2023 Dec 9;10(1):e23405. doi: 10.1016/j.heliyon.2023.e23405. eCollection 2024 Jan 15.","Zhang Y","Heliyon","2023","2024/01/03","PMC10758827","","10.1016/j.heliyon.2023.e23405"
"38123016","The many faces of microbiota-gut-brain axis in autism spectrum disorder","Gonçalves CL, Doifode T, Rezende VL, Costa MA, Rhoads JM, Soutullo CA.","Life Sci. 2024 Jan 15;337:122357. doi: 10.1016/j.lfs.2023.122357. Epub 2023 Dec 19.","Gonçalves CL","Life Sci","2024","2023/12/20","","","10.1016/j.lfs.2023.122357"
"37879416","Depression-like phenotypes in mice with hepatic ischemia/reperfusion injury: A role of gut-microbiota-liver-brain axis via vagus nerve","Yang Y, Eguchi A, Wan X, Mori C, Hashimoto K.","J Affect Disord. 2024 Jan 15;345:157-167. doi: 10.1016/j.jad.2023.10.142. Epub 2023 Oct 24.","Yang Y","J Affect Disord","2024","2023/10/25","","","10.1016/j.jad.2023.10.142"
"37574818","Ameliorative effect of Lactobacillus plantarum CCFM8661 on oleic acid-induced acne: integrated gut microbiota link to acne pathogenesis","Ai J, Ma W, Pan Z, Mao B, Tang X, Zhang Q, Zhao J, Chen W, Cui S.","J Sci Food Agric. 2024 Jan 15;104(1):328-339. doi: 10.1002/jsfa.12921. Epub 2023 Sep 4.","Ai J","J Sci Food Agric","2024","2023/08/14","","","10.1002/jsfa.12921"
"38283894","A comparison between children and adolescents with autism spectrum disorders and healthy controls in biomedical factors, trace elements, and microbiota biomarkers: a meta-analysis","Lin P, Zhang Q, Sun J, Li Q, Li D, Zhu M, Fu X, Zhao L, Wang M, Lou X, Chen Q, Liang K, Zhu Y, Qu C, Li Z, Ma P, Wang R, Liu H, Dong K, Guo X, Cheng X, Sun Y, Sun J.","Front Psychiatry. 2024 Jan 9;14:1318637. doi: 10.3389/fpsyt.2023.1318637. eCollection 2023.","Lin P","Front Psychiatry","2024","2024/01/29","PMC10813399","","10.3389/fpsyt.2023.1318637"
"38260914","Rosacea, microbiome and probiotics: the gut-skin axis","Sánchez-Pellicer P, Eguren-Michelena C, García-Gavín J, Llamas-Velasco M, Navarro-Moratalla L, Núñez-Delegido E, Agüera-Santos J, Navarro-López V.","Front Microbiol. 2024 Jan 8;14:1323644. doi: 10.3389/fmicb.2023.1323644. eCollection 2023.","Sánchez-Pellicer P","Front Microbiol","2024","2024/01/23","PMC10800857","","10.3389/fmicb.2023.1323644"
"38260072","Alterations in gut microbiota caused by major depressive disorder or a low FODMAP diet and where they overlap","O'Neill S, Minehan M, Knight-Agarwal CR, Pyne DB.","Front Nutr. 2024 Jan 8;10:1303405. doi: 10.3389/fnut.2023.1303405. eCollection 2023.","O'Neill S","Front Nutr","2024","2024/01/23","PMC10800578","","10.3389/fnut.2023.1303405"
"38248533","Long-Term Impact of Childhood Adversity on the Gut Microbiome of Nursing Students","Kazemian N, Zhou T, Chalasani N, Narayan A, Cedeño Laurent JG, Olvera Alvarez HA, Pakpour S.","Int J Environ Res Public Health. 2024 Jan 8;21(1):68. doi: 10.3390/ijerph21010068.","Kazemian N","Int J Environ Res Public Health","2024","2024/01/22","PMC10815413","","10.3390/ijerph21010068"
"38350463","Gut production of GABA by a probiotic formula: an in vitro study","Casertano M, Fryganas C, Valentino V, Troise AD, Vitaglione P, Fogliano V, Ercolini D.","Benef Microbes. 2024 Jan 4;15(1):67-81. doi: 10.1163/18762891-20230025.","Casertano M","Benef Microbes","2024","2024/02/13","","","10.1163/18762891-20230025"
"38166669","Effectiveness of a socioecological model-guided, smart device-based, self-management-oriented lifestyle intervention in community residents: protocol for a cluster-randomized controlled trial","Yang S, Yu B, Liao K, Qiao X, Fan Y, Li M, Hu Y, Chen J, Ye T, Cai C, Ma C, Pang T, Huang Z, Jia P, Reinhardt JD, Dou Q.","BMC Public Health. 2024 Jan 2;24(1):32. doi: 10.1186/s12889-023-17073-w.","Yang S","BMC Public Health","2024","2024/01/03","PMC10763380","","10.1186/s12889-023-17073-w"
"38436218","Roles of Diet-Associated Gut Microbial Metabolites on Brain Health: Cell-to-Cell Interactions between Gut Bacteria and the Central Nervous System","Kim CS.","Adv Nutr. 2024 Jan;15(1):100136. doi: 10.1016/j.advnut.2023.10.008. Epub 2023 Oct 29.","Kim CS","Adv Nutr","2024","2024/03/04","PMC10694655","","10.1016/j.advnut.2023.10.008"
"38405047","Depression and the Aberrant Intestinal Microbiome","Kopera AF, Khiew YC, Amer Alsamman M, Mattar MC, Olsen RS, Doman DB.","Gastroenterol Hepatol (N Y). 2024 Jan;20(1):30-40.","Kopera AF","Gastroenterol Hepatol (N Y)","2024","2024/02/26","PMC10885418","",""
"38332676","Repeated (S)-ketamine administration ameliorates the spatial working memory impairment in mice with chronic pain: role of the gut microbiota-brain axis","Jiang Y, Wang X, Chen J, Zhang Y, Hashimoto K, Yang JJ, Zhou Z.","Gut Microbes. 2024 Jan-Dec;16(1):2310603. doi: 10.1080/19490976.2024.2310603. Epub 2024 Feb 8.","Jiang Y","Gut Microbes","2024","2024/02/09","PMC10860353","","10.1080/19490976.2024.2310603"
"38226944","Gut microbiota composition may be an indicator of erectile dysfunction","Qiao Y, Chen J, Jiang Y, Zhang Z, Wang H, Liu T, Yang Z, Fu G, Chen Y.","Microb Biotechnol. 2024 Jan;17(1):e14403. doi: 10.1111/1751-7915.14403. Epub 2024 Jan 16.","Qiao Y","Microb Biotechnol","2024","2024/01/16","PMC10832513","","10.1111/1751-7915.14403"
"38222911","The functional roles of short chain fatty acids as postbiotics in human gut: future perspectives","Ragavan ML, Hemalatha S.","Food Sci Biotechnol. 2023 Aug 28;33(2):275-285. doi: 10.1007/s10068-023-01414-x. eCollection 2024 Jan.","Ragavan ML","Food Sci Biotechnol","2023","2024/01/15","PMC10786766","","10.1007/s10068-023-01414-x"
"37995475","Guardians of Rest? Investigating the gut microbiota in central hypersomnolence disorders","Jezkova J, Sonka K, Kreisinger J, Prochazkova P, Tlaskalova-Hogenova H, Nevsimalova S, Buskova J, Merkova R, Dvorakova T, Prihodova I, Dostalova S, Roubalova R.","Sleep Med. 2024 Jan;113:95-102. doi: 10.1016/j.sleep.2023.11.024. Epub 2023 Nov 19.","Jezkova J","Sleep Med","2024","2023/11/23","","","10.1016/j.sleep.2023.11.024"
"37989444","Gut microbiota-mediated ursodeoxycholic acids regulate the inflammation of microglia through TGR5 signaling after MCAO","Zhang F, Deng Y, Wang H, Fu J, Wu G, Duan Z, Zhang X, Cai Y, Zhou H, Yin J, He Y.","Brain Behav Immun. 2024 Jan;115:667-679. doi: 10.1016/j.bbi.2023.11.021. Epub 2023 Nov 19.","Zhang F","Brain Behav Immun","2024","2023/11/21","","","10.1016/j.bbi.2023.11.021"
"37914097","Priming of microglia with dysfunctional gut microbiota impairs hippocampal neurogenesis and fosters stress vulnerability of mice","He H, He H, Mo L, You Z, Zhang J.","Brain Behav Immun. 2024 Jan;115:280-294. doi: 10.1016/j.bbi.2023.10.031. Epub 2023 Oct 31.","He H","Brain Behav Immun","2024","2023/11/01","","","10.1016/j.bbi.2023.10.031"
"36271691","Unveiling of dietary and gut-microbiota derived B vitamins: Metabolism patterns and their synergistic functions in gut-brain homeostasis","Zhan Q, Wang R, Thakur K, Feng JY, Zhu YY, Zhang JG, Wei ZJ.","Crit Rev Food Sci Nutr. 2024;64(13):4046-4058. doi: 10.1080/10408398.2022.2138263. Epub 2022 Oct 22.","Zhan Q","Crit Rev Food Sci Nutr","2024","2022/10/22","","","10.1080/10408398.2022.2138263"
